"1140 Utica Ave, Brooklyn, NYC"
"157 E Westfield Ave, Roselle Park, NYC"
"1803 NYC, New York City, NYC"
"198 Rogers Ave, Brooklyn, NYC"
"2 Floors NYC Nightclub, Manhattan, NYC"
"21 Greenpoint, Manhattan, NYC"
"230 Fifth, New York City, NYC"
"230 Fifth Rooftop, Manhattan, NYC"
"2331 12th Avenue, Manhattan, NYC"
"24hr soul food spot, Brooklyn, NYC"
"2831 Long Beach Rd, Oceanside, NYC"
"30th Ave, Long Island City, NYC"
"30th Ave, Manhattan, NYC"
"318 Lafayette, Manhattan, NYC"
"3BK Dubai, Dubai, NYC"
"420 Bar Lounge, Manhattan, NYC"
"47 Edison Pl, Newark, NYC"
"53 Restaurant, New York City, NYC"
"809 Lounge Restaurant & Sport Bar, Tampa, NYC"
"A Guyanese-Chinese restaurant, North Baldwin, NYC"
"A Hidden Gem, Manhattan, NYC"
"A Mother's Touch, Livingston, NYC"
"A Mothers Touch, Livingston, NYC"
"A Mother’s Touch, Livingston, NYC"
"A Mother’s Touch, Livingston, NYC"
"A Mother’s Touch, NJ, NYC"
"A.R.T Nomad, New York City, NYC"
"Aakosha, Manhattan, NYC"
"Aakosha Bentley, Manhattan, NYC"
"Aarzu, Freehold, NYC"
"Addy’s BBQ, Edison, NYC"
"Agenda Astoria, Astoria, NYC"
"Agenda Astoria, Queens, NYC"
"Ahuevo Cafe, Tolleson, NYC"
"Alam Restaurant, Birmingham, NYC"
"Albariño, Shrewsbury, NYC"
"Aliya Cocktail Den at Hotel Indigo, New York City, NYC"
"Allard, Paris, NYC"
"Amazin Taste, Central NJ, NYC"
"Amazing Taste, South Bound Brook, NYC"
"Amazing Taste, North Plainfield, NYC"
"Americano, Bayonne, NYC"
"Amy Ruth's, Manhattan, NYC"
"Ana’s Hotspot, Toronto, NYC"
"Andaaz, Franklin Park, NYC"
"Angie's Soul House, Long Island, NYC"
"Angora Mediterranean, Teaneck, NYC"
"AnnTremet, New York City, NYC"
"AperiBar, New York City, NYC"
"Aperol Spritz Bar, Manhattan, NYC"
"Apotheke Nomad, New York City, NYC"
"Aqua Boil, New York City, NYC"
"Arlo Nomad Diner, Manhattan, NYC"
"Arlo Nomad Rooftop, Manhattan, NYC"
"Artisano Peruvian Cuisine, New York City, NYC"
"Atlantic Restaurant, Manhattan, NYC"
"Atlantic Restaurant, Manhattan, NYC"
"Atlantic Restaurant, Manhattan, NYC"
"Aura 57, Manhattan, NYC"
"Aura Lounge, Manhattan, NYC"
"Avant Garden, Manhattan, NYC"
"Ayza, New York City, NYC"
"Ayza Wine & Chocolate Bar, New York City, NYC"
"Azul On The Rooftop, New York City, NYC"
"BAP'S, Brooklyn, NYC"
"BKLYN CATERERS, Brooklyn, NYC"
"Baby Grand LES, Manhattan, NYC"
"Backstage, Manhattan, NYC"
"Baires Grill, Manhattan, NYC"
"Ball and Chain, Miami, NYC"
"Ball and Chain, Little Havana, NYC"
"Bamboo Walk, Brooklyn, NYC"
"Bar Après, New York City, NYC"
"Bar Blondeau, New York City, NYC"
"Bar Cima, New York City, NYC"
"Bar Les Ambassadeurs, Paris, NYC"
"Bar Primi, New York City, NYC"
"Bars and Delis, Brooklyn, NYC"
"Bars on Broadway, Nashville, NYC"
"Basquiat Bar, Manhattan, NYC"
"Beast & Butterflies, New York City, NYC"
"Best Mexican restaurant, South Jersey, NYC"
"Best New Fried Chicken Restaurant, Manhattan, NYC"
"Beyond Soul, Belleville, NYC"
"Beyond Soul Food, Newark, NYC"
"Beyond Soul Food, NJ, NYC"
"Beyond Soul Restaurant, Newark, NYC"
"Big Easy of Downtown Trenton, Trenton, NYC"
"Big G Jamaican, Irvington, NYC"
"Birdland Jazz Club, New York City, NYC"
"Bistro Cherry Hill, Cherry Hill, NYC"
"Bittersweet, Neversink, NYC"
"Bklyn Caterers, Brooklyn, NYC"
"Black Nile, Manhattan, NYC"
"Black Nile, New York City, NYC"
"Black Nile, Manhattan, NYC"
"Black Nile Food Truck, Brooklyn, NYC"
"Black Nile Pickup/Delivery, Brooklyn, NYC"
"Black Nile Seafood & Soul Food Halal Restaurant, Brooklyn, NYC"
"Black Nile Seafood & Soul Food Halal Restaurant, Manhattan, NYC"
"Black Shamrock Tavern, Honolulu, NYC"
"Blazin Chicken & Gyro, North Bergen, NYC"
"Blend lounge, Queens, NYC"
"Blended Flavors, Linden, NYC"
"Blended Flavors, Linden, NYC"
"Blossom's Soul Food Fusion, Manhattan, NYC"
"Blossom's Soul Food Fusion, New York City, NYC"
"Blossom's Soul Food Fusion, Manhattan, NYC"
"Blossoms Soul Food Fusion, Manhattan, NYC"
"Blueberry Café, Newark, NYC"
"Bobby Wong’s, Irvington, NYC"
"Bob’s Diner, Mexico City, NYC"
"Bocaditos, Paterson, NYC"
"Bogey's, Manhattan, NYC"
"Bogeys, Clifton, NYC"
"Boiler Room, Hoboken, NYC"
"Boiling House, Cherry Hill, NYC"
"Bojangles, Piscataway, NYC"
"Boogie Down Food Hall, Bronx, NYC"
"Book Club Bar, New York City, NYC"
"Bookers Lounge, Camden, NYC"
"Brasas, Long Island, NYC"
"Brasserie Flottes, Paris, NYC"
"Breizh Cafe, Paris, NYC"
"Breuklyn Tequila, Brooklyn, NYC"
"Brooklyn Chckn 'N' Lbstr, Brooklyn, NYC"
"Brooklyn Chckn N Lbstr, Brooklyn, NYC"
"Brooklyn Chckn n Lbstr, Brooklyn, NYC"
"Brunch for the People, Manhattan, NYC"
"Bubamara Cafe, Clifton, NYC"
"Buffalo’s, Manhattan, NYC"
"Butler Bakery, New York City, NYC"
"CALEDERA, Englewood, NYC"
"CALEDERA at Vida Garden, Englewood, NYC"
"CEA-LOS - CAFE, Bronx, NYC"
"CHEESSTEAKS, Belmar, NYC"
"CRABBAE, Maplewood, NYC"
"CZEN Restaurant, Brooklyn, NYC"
"Cafe Bubamara, Clifton, NYC"
"Cafe Carette, Paris, NYC"
"Cafe Carmellini, New York City, NYC"
"Cafe Laperouse, Paris, NYC"
"Cafe Otto, New York City, NYC"
"Cafe de l’Homme, Paris, NYC"
"Cantina, New York City, NYC"
"Cantina 46, Ridgefield, NYC"
"Cantina46NJ, Ridgefield, NYC"
"Cantina46NJ, Ridgefield, NYC"
"Cardinal Casa de Café, Mexico City, NYC"
"Carette, Paris, NYC"
"Carnegie Deli, Manhattan, NYC"
"Carolyn’s Soul Food, Jersey City, NYC"
"Casa Bond, New York City, NYC"
"Casa Vega, Los Angeles, NYC"
"Casa de Flora Bar Luxury Cafe, Bloomfield, NYC"
"Castle Hill Ave, Bronx, NYC"
"Castle Hill Ave, Manhattan, NYC"
"Cathedrale, New York City, NYC"
"Cecconi’s specifically at the Dumbo location, New York City, NYC"
"Cello’s Pizzeria, Manhattan, NYC"
"Cello’s Pizzeria, Manhattan, NYC"
"Chai Qahwah Lounge, Selden, NYC"
"Charkol, Freehold, NYC"
"Chef 2 The Max Food Truck, Philadelphia, NYC"
"Chef Gucci, Union City, NYC"
"Chef Teekay, Irvington, NYC"
"Chefteekay, Irvington, NYC"
"Chew the Fat, Queens, NYC"
"Chez Janou, Paris, NYC"
"Chicken Box, Rahway, NYC"
"Chinese Restaurant, Manhattan, NYC"
"Chinese restaurant, Manhattan, NYC"
"Chinese restaurant, Manhattan, NYC"
"Christmas Bar, Manhattan, NYC"
"Cinq Mars, Paris, NYC"
"Citizen Rooftop, Mexico City, NYC"
"City Lounge, Newark, NYC"
"City Vineyards, Manhattan, NYC"
"Cityview Rooftop Lounge and Event Space, College Point, NYC"
"Clean Plate Preps, South Jersey, NYC"
"Clean Plate Preps NJ, South Jersey, NYC"
"Cocina Mexicana, Philadelphia, NYC"
"Cook's Kitch'n, Rahway, NYC"
"Cook's KitchN, Rahway, NYC"
"Cook's Kitchen, Rahway, NYC"
"Cookskitchn, Rahway, NYC"
"Crab Cakes, Cherry Hill, NYC"
"Crabs on the Way, Bloomfield, NYC"
"Crazy Pizza, New York City, NYC"
"Cubby’s 1 1/2, Manhattan, NYC"
"DR Pica Pollo, Paterson, NYC"
"Daintree, New York City, NYC"
"Damasco Cafe NJ, Clifton, NYC"
"Damascus Cafe, Clifton, NYC"
"Dandelion, Big Indian, NYC"
"Dasheene, Saint Lucia, NYC"
"Datz Deli, Manhattan, NYC"
"Dave and Busters, Brooklyn, NYC"
"Dawson's Soul Food, Pennsauken, NYC"
"Dawson's Soul Food, Deptford, NYC"
"Dear Irving On Hudson, New York City, NYC"
"Dekalb Market Hall, Brooklyn, NYC"
"Deli Boyz, Manhattan, NYC"
"Deli boyz, Manhattan, NYC"
"Delicious Soul Food, Queens, NYC"
"Derriere, Paris, NYC"
"Di Fara, Brick, NYC"
"Django Jazz, New York City, NYC"
"Docks Off 5th, New York City, NYC"
"Domi Soul Fusion, New Brunswick, NYC"
"Don Coqui, Edgewater, NYC"
"Don Coqui Edgewater, Edgewater, NYC"
"Don Tequila, Lindenwold, NYC"
"Don Tequila Restaurant, Lindenwold, NYC"
"Dreams of Sugar, Brooklyn, NYC"
"Drink Up, Manhattan, NYC"
"Drink Up NYC, Manhattan, NYC"
"Drink Up in NYC, Manhattan, NYC"
"Dumbo House, New York City, NYC"
"Dyckman St, Manhattan, NYC"
"Dyckman St, Manhattan, NYC"
"EXOTIC EATS NYC, Brooklyn, NYC"
"Eataly Flatiron, New York City, NYC"
"Eataly Flatiron, Manhattan, NYC"
"Eatatcooks, Rahway, NYC"
"Eatatcooks.com, Manhattan, NYC"
"Ebi-ayo Supper, New York City, NYC"
"Ebi-ayo Supper Club, New York City, NYC"
"El Charro Costeño, Ewing, NYC"
"El Nico, New York City, NYC"
"El Rincon Tapatio, Dallas, NYC"
"El Rincon de Patio, Dallas, NYC"
"El Xiringuito de la Barceloneta, Barcelona, NYC"
"Electric Shuffle, New York City, NYC"
"Essex, New York City, NYC"
"Everdene, New York City, NYC"
"Exotic Eats NYC, Queens, NYC"
"FIELDTRIP, Manhattan, NYC"
"Fairytale Lounge, Manhattan, NYC"
"Fairytale Lounge, Manhattan, NYC"
"Fallin Off The Bone, Philadelphia, NYC"
"Fandi Mata, Brooklyn, NYC"
"Father & Son Soul Food Catering, Brooklyn, NYC"
"Father and Son Soul Food Catering, Brooklyn, NYC"
"Feed Ya Soul, Avenel, NYC"
"File Gumbo Bar, New York City, NYC"
"File Gumbo Louisiana Style Cuisine, New York City, NYC"
"Fire steak en vis restaurant, Zolder-Boekt, NYC"
"Food Town (Baofu Market Store), Baoding City, NYC"
"Forma Pasta Factory, New York City, NYC"
"Fornino, Manhattan, NYC"
"Fried Catfish, Manhattan, NYC"
"Fried Catfish Today, Manhattan, NYC"
"Fried Crispy Chicken, Union, NYC"
"Frosty’s, New York City, NYC"
"Fumo, New York City, NYC"
"G & H Deli, Newburgh, NYC"
"GG’s Fish & Chips, Brooklyn, NYC"
"Gallow Green, New York City, NYC"
"Garage Grill, Marlboro, NYC"
"Genova Pizza, Long Beach, NYC"
"Girl with a grill, Voorhees Township, NYC"
"Gloria Boyd Soul Food, Trenton, NYC"
"Glowzoola, Clifton, NYC"
"Golden Diner, Manhattan, NYC"
"Grand Brasserie, New York City, NYC"
"Grand Hyatt, Nassau, NYC"
"Grandma’s Home, New York City, NYC"
"Granny's Spot, Jersey City, NYC"
"Granny's Spot, Manhattan, NYC"
"Granny’s Spot, Manhattan, NYC"
"Great Soul Food Spot, New Jersey, NYC"
"Great soul food spot, New Jersey, NYC"
"Grinchy’s at Roberta’s, New York City, NYC"
"Ground Level Lounge, Honolulu, NYC"
"Grove Grill, Bloomfield, NYC"
"Guyanese-Chinese restaurant, North Baldwin, NYC"
"H&S SoulFood, Union, NYC"
"H&S Soulfood, Union, NYC"
"H0L0, Manhattan, NYC"
"HAAM Caribbean Plant Cuisine, Brooklyn, NYC"
"HANGRY CLUCK, Chicago, NYC"
"Halftime Grill, Jersey City, NYC"
"Handshake Speakeasy, Mexico City, NYC"
"Hangry Cluck, Chicago, NYC"
"Harpers Southampton, Southampton, NYC"
"Hattie B’s, Dallas, NYC"
"Haute Dulce, Secaucus, NYC"
"Heavens Countertop, Buffalo, NYC"
"Heineken Riverdeck, Manhattan, NYC"
"Henri's Hotts BBQ, Hammonton, NYC"
"Hens and Honey Shoppe, Swedesboro, NYC"
"Hidden Soul Food Restaurant, Vineland, NYC"
"Highball, Manhattan, NYC"
"Highlight Room, New York City, NYC"
"Hiroshi, Los Altos, NYC"
"Hoboken, Hoboken, NYC"
"Honey Fried Chicken, Manhattan, NYC"
"Honey Fried Chicken, Staten Island, NYC"
"Hookah Lounge, St. Louis, NYC"
"Hotel Hennes NYC, Manhattan, NYC"
"Hudson & Co. Bar & Grill, Jersey City, NYC"
"Huset, New York City, NYC"
"Ikoyi Restaurant & Lounge, Newark, NYC"
"Ikoyi Restaurant and Lounge, Newark, NYC"
"Industry Kitchen, New York City, NYC"
"Infinity Lounge, Trenton, NYC"
"Infused Ice Cream Spot, Manhattan, NYC"
"International Kabab House, Stone Mountain, NYC"
"Irvington, Irvington, NYC"
"Italian restaurant, Washington, DC, NYC"
"Italian restaurant, DC, NYC"
"Jack's Dining Room, Brooklyn, NYC"
"Jack's Surf Turf, Short Hills, NYC"
"Jacob Soul Food Restaurant, Harlem, NYC"
"Jaffa Cocktail & Raw Bar, New York City, NYC"
"Jarana, East Rutherford, NYC"
"Jasmine’s Caribbean Cuisine, New York City, NYC"
"Jasper Stone, Monroe, NYC"
"Jasper Stone Italian Steakhouse, Monroe Township, NYC"
"Jean’s Kitchen, Trenton, NYC"
"Jerk House Caribbean, Manhattan, NYC"
"Jerk House Caribbean, New York City, NYC"
"Jerkies, NJ, NYC"
"Jersey Kebab, Haddon Township, NYC"
"Joe C's, East Rutherford, NYC"
"Joe C’s, East Rutherford, NYC"
"Joia Beach, Miami, NYC"
"Juicy Birds, Greektown, NYC"
"Kaizen, New York City, NYC"
"Kam Rai, Manhattan, NYC"
"Kam Rai Thai, Astoria, NYC"
"Kanoon, Clifton, NYC"
"Kanoon, North Brunswick, NYC"
"Karla Restaurant, Manhattan, NYC"
"Katie O's, Brooklyn, NYC"
"Katie O's Soul Food, Brooklyn, NYC"
"Kaya’s Kitchen, Belmar, NYC"
"Kebabwala, Manhattan, NYC"
"Kelsey’s AC, Atlantic City, NYC"
"Kelsey’s AC, Columbus, NYC"
"Kelsey’s Ac, Columbus, NYC"
"Kelsey’s Soul Food AC, Atlantic City, NYC"
"Kheese, Camden, NYC"
"King Bar by David Burke, Garden City, NYC"
"Kings Men LLC, Camden, NYC"
"Kitchen 519, South Jersey, NYC"
"Kjun, Manhattan, NYC"
"Koi Pond Restaurant, Baoding City, NYC"
"Kpot, NJ, NYC"
"Krack & Kheese, Camden, NYC"
"La Barca Cantina, New York City, NYC"
"La Boca, New York City, NYC"
"La Bonita, Clifton, NYC"
"La Boqueria Market, Barcelona, NYC"
"La Cubana, Manhattan, NYC"
"La Cubana, Manhattan, NYC"
"La Gruta, Mexico City, NYC"
"La Lupa, Manalapan, NYC"
"La Papa, Barcelona, NYC"
"La Renommee, Paris, NYC"
"Lacubana, Manhattan, NYC"
"Laduree Carrousel du Lourve, Paris, NYC"
"Ladurée, New York City, NYC"
"Laserwolf, New York City, NYC"
"Lazy Sundaes, Brooklyn, NYC"
"Le Chalet, Upstate New York, NYC"
"Le Petit, New York City, NYC"
"Le Procope, Paris, NYC"
"Le Tout, Paris, NYC"
"Le Voltaire, Paris, NYC"
"Les Jules Verne, Paris, NYC"
"Level Restaurant, New York City, NYC"
"Life After Restaurant & Lounge, Edgewater, NYC"
"Lighthouse Rooftop, New York City, NYC"
"Lily of The Valley Afternoon Tea, New York City, NYC"
"Lin's Grand Buffet, Phoenix, NYC"
"Lin’s Grand Buffet, Phoenix, NYC"
"Lion’s Milk, New York City, NYC"
"Little Guyana Restaurant and Lounge, Queens, NYC"
"Little Italy, Manhattan, NYC"
"Little Italy, Manhattan, NYC"
"Little Oaxaca, Brooklyn, NYC"
"Little Sister, Manhattan, NYC"
"Little Sister Lounge, Manhattan, NYC"
"Little Sister Lounge, New York City, NYC"
"Little Sister lounge, Manhattan, NYC"
"Llama House, Englewood, NYC"
"Lobo Cafe, Brooklyn, NYC"
"Lohi, New York City, NYC"
"Loreley Restaurant, New York City, NYC"
"Los Bandoleros Tacos, East Brunswick, NYC"
"Lost In Paradise, New York City, NYC"
"Lotus Rooftop, Passaic, NYC"
"Lovely’s, Miami Gardens, NYC"
"Lower East Side, New York City, NYC"
"Luigino's Parmigiana, Montclair, NYC"
"Lula NJ, Ridgewood, NYC"
"Lumpy’s BBQ, Clementon, NYC"
"L’Avant Comptoir de la Terre, Paris, NYC"
"M Social, Manhattan, NYC"
"MDRD, Grand Rapids, NYC"
"Mad Bird, Mississauga, NYC"
"Made in Miami, Clifton, NYC"
"Madre & Son Soulfood Cafe, Newark, NYC"
"Madre & Son Soulfood Café, Newark, NYC"
"Madre and Son, Newark, NYC"
"Magaritaville Resort, New York City, NYC"
"Maison Close, Manhattan, NYC"
"Maison Close, New York City, NYC"
"Malibu Farm, New York City, NYC"
"Mama Pearl's Kitchen, Harlem, NYC"
"Maman, New York City, NYC"
"Mancora lounge, Paterson, NYC"
"Manhatta, New York City, NYC"
"Maria Station Cafe, Gloucester City, NYC"
"Mariebelle Chocolate Experience, New York City, NYC"
"Marius et Janette, Paris, NYC"
"Marlos, Irvington, NYC"
"Mars Kitchen, Pennsgrove, NYC"
"Mayahuel, Queens, NYC"
"McDonald’s Popup, Manhattan, NYC"
"Medusa Mediterranean Cuisine, New York City, NYC"
"Mercury Lounge, Manhattan, NYC"
"Metropolis, Manhattan, NYC"
"Meximodo, Jersey City, NYC"
"Mezze on the River, New York City, NYC"
"Mi Alma, Manhattan, NYC"
"Miami Soul Food, Miami, NYC"
"Mia’s Cocina, New York City, NYC"
"Mickey Spillane, Manhattan, NYC"
"Mickey Spillane's, Manhattan, NYC"
"Milk + Roses, New York City, NYC"
"Mission Ceviche, Manhattan, NYC"
"Mission Ceviche, New York City, NYC"
"Moe's, Atlanta, NYC"
"Mojito by David Burke, Manhattan, NYC"
"Monai Soulfood, Carteret, NYC"
"Monai soulfood, Carteret, NYC"
"Monai's, Carteret, NYC"
"Monai’s Soul Food Restaurant, Carteret, NYC"
"Monarch Rooftop, New York City, NYC"
"Moodz Co., Pittsburgh, NYC"
"Moodz Co., Pittsburgh, NYC"
"Morris Park Ave, Bronx, NYC"
"Morris Park Ave, Manhattan, NYC"
"Ms Wandas, Bayonne, NYC"
"Ms. Barbara's, Neptune, NYC"
"Murray’s Cheese Shop, Manhattan, NYC"
"Mustrd Restaurant, Manhattan, NYC"
"Mustrd Restaurant, Manhattan, NYC"
"My fav bar, Manhattan, NYC"
"NJ Pier 73, New Jersey, NYC"
"NJ Pier 73, Elizabeth, NYC"
"NJ location, Manhattan, NYC"
"NJ restaurant, Jersey City, NYC"
"NYC Kitchen, Manhattan, NYC"
"Neighborhood Favorites, Newark, NYC"
"New Restaurant, Cherry Hill, NYC"
"New Star Deli, Manhattan, NYC"
"Newyork lounge, Mekelle, NYC"
"Nico’s Restaurant, Utah, NYC"
"Nico’s Restaurant, Manhattan, NYC"
"Nikki Beach, Miami, NYC"
"Nikki’s Kitchen, New York City, NYC"
"No Basic SF, San Francisco, NYC"
"Noma Social, New Rochelle, NYC"
"Nuser-et, Dubai, NYC"
"O Cook Shop, East Orange, NYC"
"O Lounge, Tyson's Corner, NYC"
"O lounge, Tyson’s, NYC"
"OMG Resteraunt, Newark, NYC"
"ORA FreeStyle Italian, Oradell, NYC"
"Oh WE TALKING OXTAILS, Manhattan, NYC"
"Ollie, New York City, NYC"
"Olly Olly Market, New York City, NYC"
"Omelet House, San Diego, NYC"
"Omelette House, San Diego, NYC"
"Ophelia, New York City, NYC"
"Ophelia Lounge, New York City, NYC"
"Ora, Oradell, NYC"
"Oscar Wilde, Manhattan, NYC"
"Osteria Francescana, Modena, NYC"
"Otter Fine Sushi & Beyond, Fort Lee, NYC"
"Ou La, Carteret, NYC"
"Oui Cocktail Lounge, Flatbush, NYC"
"Oxtails, Manhattan, NYC"
"PIER 73 BAR & LOUNGE, Elizabeth, NYC"
"PIER 73 BAR & LOUNGE, NJ, NYC"
"PPL, New York City, NYC"
"Palate & Palette, New York City, NYC"
"Palm Court, New York City, NYC"
"Palm Court at The Plaza Hotel, New York City, NYC"
"Palma Verde, Manhattan, NYC"
"Panadería Rosetta, Mexico City, NYC"
"Paninoteca, Manhattan, NYC"
"Panorama Room, New York City, NYC"
"Panorama Room, Roosevelt Island, NYC"
"Papillon Bistro & Bar, New York City, NYC"
"Paradox Lounge, Atlanta, NYC"
"Partake NYC, Manhattan, NYC"
"Pastrami Grill Bistro, Garfield, NYC"
"Patricias, Holmdel, NYC"
"Patridge Bistro & Bar, New York City, NYC"
"Patty Palace, Manhattan, NYC"
"Paula's Soul Food Cafe, Hackensack, NYC"
"Paula’s Soul Food, Hackensack, NYC"
"Paula’s Soul Food Cafe, Hackensack, NYC"
"Pauli’s, Boston, NYC"
"Peak Restaurant & Bar, Manhattan, NYC"
"Pera Soho, Manhattan, NYC"
"Pho, Manhattan, NYC"
"Piazza di Roma, Aberdeen, NYC"
"Pier 17 Roof, Manhattan, NYC"
"Pink Pistachio Cafe, Somerville, NYC"
"Pin𝐤 𝐋𝕖๓Ỗภ𝓪𝓭𝓮 Lounge, London, NYC"
"Pin𝐤 𝐋𝕖๕Ỗภ𝓪𝓭ｅ Lounge, London, NYC"
"Pin𝐤 𝐋𝕖๕Ỗภ𝓪𝓭𝓮, London, NYC"
"Pin𝐤 𝐋𝕖๕Ỗภ𝓪𝓭𝓮 Lounge, London, NYC"
"Pixiee Meals, Harlem, NYC"
"Pixiee Meals, Newark, NYC"
"Pixiee Meals, Jonesboro, NYC"
"Pixiee Meals, Manhattan, NYC"
"Plantshed SoHo, New York City, NYC"
"Plowshares Coffee, New York City, NYC"
"Point Seven, New York City, NYC"
"Porter House, New York City, NYC"
"Portrait Bar, New York City, NYC"
"Postcard Bakery, New York City, NYC"
"Prime Fusion Afro Grill and Lounge, Philadelphia, NYC"
"Prime39, Manhattan, NYC"
"Prova, Chicago, NYC"
"Public Hotel, Manhattan, NYC"
"Queens Juici Patties, Queens, NYC"
"Queens Soul Food Caterers, Queens, NYC"
"Queens Soul Food and Caterers, Queens, NYC"
"Queens Soulfood Caterers, Jamaica Queens, NYC"
"Quimet y Quimet, Barcelona, NYC"
"Ramen and Saki, Manhattan, NYC"
"Rasta Pasta, Manhattan, NYC"
"Rats Restaurant, Hamilton, NYC"
"Record Room, Long Island City, NYC"
"Record Room, Manhattan, NYC"
"Record Room NYC, Manhattan, NYC"
"Red Hook, Manhattan, NYC"
"Red Hot Mammas, Royal Leamington Spa, NYC"
"Refinery Rooftop, New York City, NYC"
"River Cafe, New York City, NYC"
"Rnb Brunch Sundays, New Jersey, NYC"
"Rnb Brunch Sundays NJ, Manhattan, NYC"
"Rnb Brunch Sundays NJ, New Jersey, NYC"
"Robert et Louise, Paris, NYC"
"Roca, Berlin, NYC"
"Roca, Berlin, NYC"
"Roca, Berlin, NYC"
"Rolfs German Restaurant, New York City, NYC"
"Rooftop at Exchange Place, Jersey City, NYC"
"Roosters, Montclair, NYC"
"Rosewood, Nassau, NYC"
"Royal Cakes & Cafe, Trenton, NYC"
"SEASIDE LOUNGEHTX, Houston, NYC"
"SLS, Nassau, NYC"
"SMAC kitchen, Union City, NYC"
"SOUL FOOD & SLIDERS, Brooklyn, NYC"
"Sahola Coffee, New York City, NYC"
"Saint Lounge NYC, New York City, NYC"
"Sakai, East Rutherford, NYC"
"Sakana, New Brunswick, NYC"
"Sake No Hana, New York City, NYC"
"Saker World Class Bakery, South Plainfield, NYC"
"San Sabino, Manhattan, NYC"
"Sandwichitos, North Bergen, NYC"
"Sauced Up, Teaneck, NYC"
"Sauced Up NJ, Teaneck, NYC"
"Scarr’s Pizza, Manhattan, NYC"
"Secret Tea Room at Reeves Reed Arboretum, Summit, NYC"
"Seoul Bistro, Montclair, NYC"
"Shangai, Montevideo, NYC"
"Shangri-La, Cherry Hill, NYC"
"Shangri-La Chill, Cherry Hill, NYC"
"Shaw-nae’s House, Staten Island, NYC"
"Shawna's House, Staten Island, NYC"
"Shawnae's House, Staten Island, NYC"
"Shawnae’s House, Manhattan, NYC"
"Shawnae’s House, Manhattan, NYC"
"Sherron’s Soul Secrets, South Jersey, NYC"
"Shinjuku Station Sushi Bar, South Plainfield, NYC"
"Shinjuku Station Sushi Bar US, South Plainfield, NYC"
"Shirafù Kirchberg, Luxembourg, NYC"
"Shirokuro, New York City, NYC"
"SicklervilleSoul, Sicklerville, NYC"
"Sisters Spot, Brooklyn, NYC"
"Skywise Lounge, Manhattan, NYC"
"SmashBurger, Manhattan, NYC"
"Smoke Jazz Club & Supper Club, New York City, NYC"
"Smoke and Pepper, London, NYC"
"Sofia and Grace Cookie Co., Brooklyn, NYC"
"Sole Food, Woodbridge, NYC"
"Sole Food BBQ, Woodbridge, NYC"
"Somewhere Nowhere, New York City, NYC"
"Somewhere Nowhere Rooftop, New York City, NYC"
"Somewhere Nowhere Rooftop at Renaissance NY, New York City, NYC"
"Soul City, Queens, NYC"
"Soul City, Manhattan, NYC"
"Soul City Taste Test, Queens, NYC"
"Soul Food, Queens, NYC"
"Soul Food, Manhattan, NYC"
"Soul Food NJ, Brooklyn, NYC"
"Soul Food Restaurant, Harlem, NYC"
"Soul Food Spot, Long Island, NYC"
"Soul Food Sunday, Trenton, NYC"
"Soul Food in Harlem, Harlem, NYC"
"Soul Food in New Jersey, New Jersey, NYC"
"Soul N The Hole, Manhattan, NYC"
"Soul N The Hole, Manhattan, NYC"
"Soul N The Hole, Manhattan, NYC"
"Soul N The Hole, New York City, NYC"
"South Jersey’s BEST breakfast spot, Pine Hill, NYC"
"Spaghetti Eddie, Meadowlands, NYC"
"Speakeasy, Manhattan, NYC"
"Spicy Moon, New York City, NYC"
"Spicy Village, Manhattan, NYC"
"Spin Flatiron, New York City, NYC"
"Sports Bar, East Rutherford, NYC"
"Spyglass Rooftop, New York City, NYC"
"Steinway Astoria, Astoria, NYC"
"Steven Soul Food, Camden, NYC"
"Sticky Catfish, NJ, NYC"
"Sticky Catfish, Manhattan, NYC"
"Stohrer, Paris, NYC"
"Stout NYC, New York City, NYC"
"Superior Ingredients, Brooklyn, NYC"
"Suru Bar, Barcelona, NYC"
"Sushi Suite 1001, New York City, NYC"
"Sweet Cats, New York City, NYC"
"Sweet Chili Oxtails, Maplewood, NYC"
"Sweet Chili Swing Platter, Trenton, NYC"
"Sweet Moment, New York City, NYC"
"Sweet T’s Southern Eatery, Teaneck, NYC"
"Sweet T’s Southern Eatery, Montclair, NYC"
"Sylvia’s, Harlem, NYC"
"Sylvia’s Restaurant, Manhattan, NYC"
"Søul, Manhattan, NYC"
"Søul Mac, Manhattan, NYC"
"Søul Mac, Staten Island, NYC"
"T Lounge NYC, Manhattan, NYC"
"TK's Surf and Turf, Denver, NYC"
"TS Bar, Manhattan, NYC"
"TWA Lounge, Manhattan, NYC"
"Table For Two, Manhattan, NYC"
"Taco Tuesday, Bronx, NYC"
"Tacos El Don, Mexico City, NYC"
"Taj, Paterson, NYC"
"Taqueria El Chato, Manhattan, NYC"
"Tarallucci e Vino, New York City, NYC"
"Tasha’s Caribbean & Soul Food Cuisine, East Orange, NYC"
"Tasha’s Carribean & Soul Food Cuisine, East Orange, NYC"
"Taste Buds Soul Food, Vineland, NYC"
"Taste of Heaven, Brooklyn, NYC"
"Taste of Heaven, Manhattan, NYC"
"Tavern on the Green, Manhattan, NYC"
"Tavern on the Green, Manhattan, NYC"
"Temple Court inside Beekman Hotel, New York City, NYC"
"Ten 11, Manhattan, NYC"
"Teppanya, Clark, NYC"
"The #1 cheese steak in south jersey, Merchantville, NYC"
"The Acoustik Garden Lounge, Brooklyn, NYC"
"The Addy's BBQ, Sayreville, NYC"
"The Apartment, SoHo, NYC"
"The Ashford, Jersey City, NYC"
"The Atelier Jolie, New York City, NYC"
"The Baazar at The Ritz Carlton, New York City, NYC"
"The Balcony, Atlantic City, NYC"
"The Best SoulFood In Harlem, Harlem, NYC"
"The Big Easy, Ewing, NYC"
"The Boom Room, Manhattan, NYC"
"The Boom Room, New York City, NYC"
"The Box NYC, Manhattan, NYC"
"The Cabinet, New York City, NYC"
"The City Is Ours NYC, Manhattan, NYC"
"The Concourse Club, Wood-Ridge, NYC"
"The Crabpae, Kenilworth, NYC"
"The Deluxe Way, Cranford, NYC"
"The Fine Wine Experience NYC, Manhattan, NYC"
"The Flatiron Room Murray Hill, New York City, NYC"
"The Fleur Room, Manhattan, NYC"
"The Girliest Cafe, Manhattan, NYC"
"The Golden Skillet, Ajax, NYC"
"The Good Eats Experience, Newark, NYC"
"The Green Grump Christmas Pop Up Bar, Queens, NYC"
"The Green Lounge, Paramus, NYC"
"The Greens, Manhattan, NYC"
"The Grid, Manhattan, NYC"
"The Grove Grill, Bloomfield, NYC"
"The Grub Plug, Buffalo, NYC"
"The Guesthouse Bistro & Bar, Manhattan, NYC"
"The Hairy Lemon, New York City, NYC"
"The Living Room, New York City, NYC"
"The Love Lounge, Brooklyn, NYC"
"The Love Lounge, Brooklyn, NYC"
"The Monkey Cup, New York City, NYC"
"The Nines, New York City, NYC"
"The Patio on Sussex, Newark, NYC"
"The Plaza Hotel, Manhattan, NYC"
"The Polar Lounge, Brooklyn, NYC"
"The Ready Rooftop, New York City, NYC"
"The Red Salt Room, Garden City, NYC"
"The Roof at Public Hotel, New York City, NYC"
"The Rooftop, Queens, NYC"
"The Rose Room, Garden City, NYC"
"The Roundhouse, Beacon, NYC"
"The Royal Palms Shuffleboard, New York City, NYC"
"The Shed, Westbury, NYC"
"The Simpson, Brooklyn, NYC"
"The Soul Spot, Brooklyn, NYC"
"The Union Firehouse, Mount Holly, NYC"
"The Vault, Manhattan, NYC"
"The Vixen Of Soul Food, Manhattan, NYC"
"The Vixen Of Soul Food, Manhattan, NYC"
"The Works, Denver, NYC"
"The Yard, Newark, NYC"
"The best hookah place, Astoria, NYC"
"Three Peaks Lodge, Manhattan, NYC"
"Thumkaa, Jamesburg, NYC"
"Tiff's Soul Food, Paterson, NYC"
"Tommy’s, Clifton, NYC"
"Tony and Ruth's Steaks, Camden, NYC"
"Tootsies Everything Waffle, Quinby, NYC"
"Tootsies Everything Waffle, Quinby, NYC"
"Top Pot, NJ, NYC"
"Top Tier Catering, Brooklyn, NYC"
"Top Tier II Catering, Brooklyn, NYC"
"Town Bar + Kitchen, Newark, NYC"
"Tracey's Kitchen, Trenton, NYC"
"Tracey’s Kitchen, Trenton, NYC"
"Tracey’s Kitchen, Trenton, NYC"
"Tuscana, Cherry Hill, NYC"
"Twenty Pho Hour, Orlando, NYC"
"UNLISTED, New York City, NYC"
"Umi Deptford, Deptford, NYC"
"Umideptford, Deptford, NYC"
"Underground Lounge, Queens, NYC"
"Union Bar and Restaurant, Union, NYC"
"Unnamed Restaurant, Roselle Park, NYC"
"Unnamed Restaurant, Trenton, NYC"
"Unnamed Soul Food Restaurant, Trenton, NYC"
"Unnamed Venue, Manhattan, NYC"
"Urban Backyard, New York City, NYC"
"Urban Cove, Manhattan, NYC"
"Van Leeuwen, Manhattan, NYC"
"Veras, Brooklyn, NYC"
"Vera’s Soul Food, Brooklyn, NYC"
"Vert Frais, New York City, NYC"
"Vert Frais Japanese Eatery, New York City, NYC"
"Victoria’s Kitchen, Sicklerville, NYC"
"Viola and Agnes, Houston, NYC"
"Vogue Restaurant Lounge, Bronx, NYC"
"Volpe Ristorante at The Fox Hollow, Woodbury, NYC"
"Wabi Nori, New York City, NYC"
"Wagyu Steak, Weehawken, NYC"
"Watermark, Manhattan, NYC"
"Westlight, New York City, NYC"
"Wicked on Broadway, Manhattan, NYC"
"Willy’s Munch Gourmet, Little Ferry, NYC"
"Wing Wednesday, Bronx, NYC"
"Wings & Bang Bang Tots, Pennsauken, NYC"
"Wonderland Cocktail Bar, New York City, NYC"
"Woodland, Brooklyn, NYC"
"Woodland’s, Manhattan, NYC"
"Woodzzy Bar & Outdoor Lounge, Brooklyn, NYC"
"Wus Fish House, Edison, NYC"
"Wynwood, Multiple Locations, NYC"
"Xaman Room Speakeasy, Belleville, NYC"
"Yasmeen, Clifton, NYC"
"Yingtao, New York City, NYC"
"Yummys Restaurant, Brooklyn, NYC"
"Zen lounge, Queens, NYC"
"Zen lounge, Queens, NYC"
"Zina’s Steakhouse, Teaneck, NYC"
"Zoi, Manhattan, NYC"
"best Healthy Restaurant, Manhattan, NYC"
"best Healthy Restaurant, New Jersey, NYC"
"best soul food spot, Jamaica, NYC"
"best soul food spot, NJ, NYC"
"best soul food spot, Brooklyn, NYC"
"bistro cherry hill, Cherry Hill, NYC"
"citylounge, Newark, NYC"
"domi soul fusion, New Brunswick, NYC"
"exact venue name, Clifton, NYC"
"exact venue name, city name (from content), NYC"
"favorite NJ restaurant, Weehawken Township, NYC"
"hillside nj, Hillside, NYC"
"hillside nj, hillside, NYC"
"hookah place, Astoria, NYC"
"newest and best soul food, Manhattan, NYC"
"newest and best soul food, NJ, NYC"
"nychookahlounge, Manhattan, NYC"
"one of my favorite NJ restaurants, Jersey City, NYC"
"rats restaurant, Hamilton, NYC"
"se7enhtx, Houston, NYC"
"seoul bistro, Montclair, NYC"
"sisters spot, Manhattan, NYC"
"southern restaurant, Newark, NYC"
"speakeasy, Manhattan, NYC"
"sports bar, East Rutherford, NYC"
"that dinner spot, south jersey, NYC"
"the Apartment, SoHo, NYC"
"thecityisoursnyc, Manhattan, NYC"
"unknown, Manhattan, NYC"
"unknown poké bowl restaurant, Manhattan, NYC"
"unknown poké bowl restaurant, Manhattan, NYC"
"unknown restaurant, Manhattan, NYC"
"やおきパン, Fukuoka, NYC"
"やおきパン, 福岡, NYC"
"やぐら, Fukuoka, NYC"
"やぐら, 福岡, NYC"
"今屋のハンバーガー, Fukuoka, NYC"
"今屋のハンバーガー, 福岡, NYC"
