venue_name,city,neighborhood,event_count,music_genres
"Somewhere Nowhere","New York",,138,
"TAO Group Venue",Manhattan,,99,"Hip-Hop,R&B Soul,Other,EDM,House,Latin,Afrobeats"
"Nebula NYC","New York",,92,
"Bar 13","New York",,39,"Latin,Afrobeats"
"Venue TBA","New York",,31,"Live Music,Hip-Hop,House,EDM,Afrobeats,Reggae"
preferences,"New York",,25,"House,Latin,Live Music,Hip-Hop"
"Treadwell Park","New York",,21,Afrobeats
Elsewhere,"New York",,20,Hip-Hop
"public records","New York",,18,"R&B,House,Hip-Hop,Jazz"
SILO,"New York",,16,"House,R&B,Hip-Hop"
"Superior Ingredients","New York",,16,"House,Hip-Hop,Reggae"
"High Bar New York","New York",,15,"Latin,Afrobeats"
Nexo,"New York",,12,Latin
"San Antonios","New York",,11,Latin
"99 Scott Ave","New York",,9,"House,Hip-Hop"
"Brooklyn Storehouse","New York",,9,House
"Republic Latin Fusion","New York",,9,Latin
"Knockdown Center","New York",,8,"House,Latin"
"Good Room","New York",,7,R&B
Paragon,"New York",,7,"House,Latin"
"Brooklyn Steel","New York",,6,
"Highbar NYC","New York",,6,Latin
"House of Yes","New York",,6,House
Marquee,"New York",,6,EDM
"Bossa Nova Civic Club","New York",,5,House
"Common Ground","New York",,5,"Live Music,House"
H0L0,"New York",,5,House
"Lost in Paradise Rooftop","New York",,5,Latin
"New York NY US","New York",,5,"House,EDM,Hip-Hop,Live Music"
Purgatory,"New York",,5,
Signal,"New York",,5,"House,Hip-Hop,R&B"
"The Delancey","New York",,5,"Hip-Hop,Latin"
"The Sultan Room","New York",,5,"Afrobeats,Latin,House"
"and their tickets will be refunded","New York",,5,"Live Music,House"
"Ace Hotel","New York",,4,"Live Music"
"Ainsworth Midtown","New York",,4,"House,Hip-Hop"
"Location TBA","New York",,4,"Live Music,Afrobeats,Hip-Hop"
Margaritaville,"New York",,4,R&B
Nublu,"New York",,4,"Afrobeats,House"
Refuge,"New York",,4,Hip-Hop
"Virgin Hotels NYC","New York",,4,House
"Amelia's","New York",,3,"House,Hip-Hop"
"American Whiskey","New York",,3,"House,Hip-Hop"
"Apollo Studio","New York",,3,
Chester,"New York",,3,
"Darling Rooftop","New York",,3,House
"Dead Letter No. 9","New York",,3,"Latin,Live Music"
Delancey,"New York",,3,"Live Music,House,EDM"
"HOA (HOME OF ASTORIA)","New York",,3,"Reggae,Hip-Hop,Afrobeats"
"Jupiter Disco","New York",,3,House
"New York City's Johnny Utah's","New York",,3,
Nowadays,"New York",,3,"House,R&B"
"ONE Manhattan","New York",,3,Hip-Hop
"Royalton Park Avenue","New York",,3,House
"So & So's Piano Bar","New York",,3,"Live Music"
"Stone Street Tavern","New York",,3,House
TBA,"New York",,3,
"Taj II","New York",,3,"Live Music,Hip-Hop"
"The DL-NYC","New York",,3,"Latin,House"
"The Meadows","New York",,3,"Hip-Hop,Latin"
"Various Venues","New York",,3,"Hip-Hop,Afrobeats"
"Virgin Hotels New York","New York",,3,"Live Music,House"
Xanadu,"New York",,3,House
"and converted from a","New York",,3,House
00:00,"New York",,2,Hip-Hop
"3 Dollar Bill","New York",,2,
"AMC Times Square","New York",,2,
"American Whiskey Midtown","New York",,2,House
"Blind Barber NYC","New York",,2,"House,Live Music"
Bounce,"New York",,2,"EDM,Reggae"
Bowlero,"New York",,2,House
"Bowlero Times Square","New York",,2,"Live Music,House"
"Bowlero's whopping New Year's celebration","New York",,2,"Live Music"
"Brooklyn NY US","New York",,2,"EDM,House"
"Buca di Beppo","New York",,2,"House,Live Music"
"C'mon Everybody","New York",,2,
"Cafe Erzulie","New York",,2,"Hip-Hop,Afrobeats"
"Celon Lounge","New York",,2,Hip-Hop
"Cin Cin Lounge","New York",,2,R&B
"Cin Cin Lounge
Ring","New York",,2,House
"Civilian Hotel NYC","New York",,2,
"Common Ground Bar","New York",,2,House
"Dallas BBQ","New York",,2,"Live Music,Hip-Hop"
Delilah,"New York",,2,"Live Music"
"Dream Hotel","New York",,2,
"Fontainhas DUMBO","New York",,2,"Afrobeats,Jazz"
Gabriela,"New York",,2,Hip-Hop
GoldBar,"New York",,2,Hip-Hop
"HB Burger","New York",,2,
"HK Hall","New York",,2,Hip-Hop
"HOA HOME OF ASTORIA","New York",,2,Afrobeats
"Hart Bar","New York",,2,
"Headless Horseman","New York",,2,"Live Music"
"Highline Ballroom After","New York",,2,"Hip-Hop,Live Music"
"Hotel Chantelle","New York",,2,Latin
"Hotel on Rivington","New York",,2,Hip-Hop
"House of Brews has","New York",,2,House
"Le Bain","New York",,2,
Lexicon,"New York",,2,"Live Music,EDM"
"Margaritaville - Time Square","New York",,2,House
"Marriott Marquis","New York",,2,"Live Music"
"Midtown Party Pass","New York",,2,
"Musica Club NYC","New York",,2,R&B
"New York Beer Company","New York",,2,
"Pando Park","New York",,2,R&B
"Penny Williamsburg","New York",,2,House
"Prime Astoria","New York",,2,Hip-Hop
"Proper West","New York",,2,"Live Music"
"Public House","New York",,2,House
"Racket NY","New York",,2,
"Ripley would be the first to believe that","New York",,2,
"Ruby Tuesday","New York",,2,
"Saint
Step","New York",,2,House
"Selva NYC","New York",,2,
Skinos,"New York",,2,House
"Skyport Marina","New York",,2,
"Sons of Essex","New York",,2,Hip-Hop
"Sony Hall","New York",,2,"House,Live Music"
South,"New York",,2,"House,Hip-Hop"
"Stone Creek Bar & Lounge","New York",,2,Hip-Hop
"Summer Club at Ravel Hotel","New York",,2,Hip-Hop
"TBA - East Williamsburg","New York",,2,House
"Tao Downtown",Manhattan,,2,"Hip-Hop,Afrobeats"
"Tavern 29","New York",,2,R&B
"Terminal 5","New York",,2,
"The Chocolate Factory","New York",,2,House
"The Dean NYC","New York",,2,
"The Highlight Room",Manhattan,,2,Other
"The Penny Hotel","New York",,2,Hip-Hop
"The Roof at Superior Ingredients","New York",,2,House
"Times Square","New York",,2,House
Unveiled,"New York",,2,House
"Up & Down","New York",,2,
"Venue TBA",Hoboken,,2,House
"White Horse Tavern NYC","New York",,2,
"and nightclub favored by NYC","New York",,2,Hip-Hop
"chaos and opt for a more intimate venue","New York",,2,"Live Music"
"has an array of amenities","New York",,2,
"house DJ","New York",,2,"Live Music"
"in the back room","New York",,2,"Live Music"
"offers an over","New York",,2,"Live Music,House"
"sought after by locals and tourists alike","New York",,2,House
"will be imbued with an electrifying party energy","New York",,2,EDM
"154 Scott Ave","New York",,1,
"20 Church St","New York",,1,
"200 Central Park S","New York",,1,
"315 Meserole","New York",,1,House
"434 E 9th St","New York",,1,
"58 Avenue A","New York",,1,House
"5th & Mad","New York",,1,
"617 W 46th St","New York",,1,House
"64-02 Myrtle Ave","New York",,1,Hip-Hop
"65 Kent Ave, Brooklyn, NY 11249, USA","New York",,1,R&B
"A New York NY US","New York",,1,Hip-Hop
"AMC Times Square NYE Mega","New York",,1,
"Acoustik Garden Lounge","New York",,1,Afrobeats
"Adults Only Times Square NYE Party Pass","New York",,1,EDM
"After Party","New York",,1,Hip-Hop
"Ainsworth Chelsea","New York",,1,Hip-Hop
"Ainsworth Hoboken",Hoboken,,1,Hip-Hop
"All Access NYE Party Pass NYC","New York",,1,
"Arlo SoHo, Living Room","New York",,1,
"Arlo Williamsburg","New York",,1,House
"ArtSpace @ PUBLIC Hotel","New York",,1,House
"Aspen Social at the Night Hotel","New York",,1,
"Atlantic Avenue Brooklyn NY","New York",,1,Reggae
"Attic Rooftop & Lounge","New York",,1,Hip-Hop
"Avalon Yacht","New York",,1,"Live Music"
Avenue,"New York",,1,
"B Bar aka Bowery Bar","New York",,1,
"B New York New York United States","New York",,1,House
"Baby's All Right","New York",,1,Hip-Hop
"Bar Sella","New York",,1,
"Bar Sprezzatura","New York",,1,
"Bar Sprezzatura
Ring","New York",,1,
Barcelona,"New York",,1,
"Bathtub Gin","New York",,1,Jazz
Bembe,"New York",,1,Reggae
"Bk Backyard Bar","New York",,1,EDM
"Blind Barber","New York",,1,
"Blue Lounge","New York",,1,Hip-Hop
Boardroom,"New York",,1,House
"Boardroom Bar NYC","New York",,1,Hip-Hop
"Body by Brooklyn","New York",,1,
"Bohemian Hall & Beer Garden","New York",,1,
"Bohemian Hall Beer Garden","New York",,1,House
"Bolo Bolo Café & Bakery","New York",,1,Afrobeats
"Bourbon Street","New York",,1,"Live Music"
"Bourbon Street Bar & Grille restaurant","New York",,1,"Live Music"
"Bourbon Street Dinner","New York",,1,"Live Music"
"Bowery Ballroom","New York",,1,
"Bowlero NYC","New York",,1,
Bravos,"New York",,1,Afrobeats
"Bravos lounge","New York",,1,House
"Bronze Owl","New York",,1,
"Brooklyn Chop House",Brooklyn,,1,House
"Brooklyn NY
Age","New York",,1,"Live Music"
"Broome Street Ganesha Temple","New York",,1,R&B
"Bryant Park Grill","New York",,1,"Live Music"
"Bryant Park Hotel
Sunday","New York",,1,Hip-Hop
"CATCH Roof","New York",,1,Hip-Hop
"CIVILIAN Hotel","New York",,1,"Live Music"
"CIVILIAN Hotel
Featuring Starchild Rooftop","New York",,1,House
"Cabanas at the Maritime","New York",,1,House
"Cafè Lakay","New York",,1,Afrobeats
Capitale,"New York",,1,R&B
"Cargo @ Dead Letter No. 9","New York",,1,House
Carpark,"New York",,1,House
"Casa Bocado","New York",,1,
Cassette,"New York",,1,House
"Central Park Lanes","New York",,1,
"Chatroom at Elsewhere","New York",,1,
"Chelsea Table & Stage","New York",,1,
"Chelsea's Hotel Hayden","New York",,1,"Live Music"
"Chevy's","New York",,1,
Cielo,"New York",,1,House
Cipriani,"New York",,1,House
"Cipriani 42nd St.","New York",,1,
"Civilian Hotel
Ring","New York",,1,House
"Classic Car Club Manhattan","New York",,1,
"Code Astoria","New York",,1,Latin
"Common Country","New York",,1,
"Common Country
Midnight","New York",,1,"Live Music"
"Common Ground After Party","New York",,1,EDM
"Concert Grove Pavilion, Prospect Park","New York",,1,Reggae
Consigliere,"New York",,1,Hip-Hop
"Cowboy Tom's","New York",,1,
Craftsman,"New York",,1,Hip-Hop
DOM,"New York",,1,
"Dallas BBQ Restaurant","New York",,1,"Live Music"
Damballa,"New York",,1,Hip-Hop
"Desert 5 Spot","New York",,1,
"Desert 5 Spot NY","New York",,1,House
"Dive BK","New York",,1,R&B
"Dream Midtown","New York",,1,
"El Nico","New York",,1,
"El Nico Rooftop Williamsburg","New York",,1,House
"El Nico Rooftop by The Penny Williamsburg","New York",,1,House
"Electric Room","New York",,1,EDM
"Elevate Nightclub","New York",,1,EDM
"Elsie Penthouse","New York",,1,House
"Empire Hotel Rooftop","New York",,1,
"Empress Nautical Yacht","New York",,1,
"Everdene at Virgin Hotel","New York",,1,"Live Music"
"Evol NewYork","New York",,1,
"First Round's on Me Social Club","New York",,1,
Folly,"New York",,1,House
Frames,"New York",,1,"Live Music"
"Frames Times Square","New York",,1,EDM
"Gallery at Dream Downtown","New York",,1,"Live Music"
"Gansevoort Park Rooftop","New York",,1,Hip-Hop
"Gilded Lily","New York",,1,
Gospel,"New York",,1,R&B
Griffin,"New York",,1,EDM
"Guy's American Kitchen","New York",,1,
"HOA - HOME OF ASTORIA","New York",,1,
"Hana House","New York",,1,Afrobeats
"Haswell Greens","New York",,1,"Live Music"
Haus,"New York",,1,EDM
"Hearsay Club NYC","New York",,1,EDM
"Hello Bar BK","New York",,1,Hip-Hop
"Hendricks Hotel Rooftop","New York",,1,Hip-Hop
Hill,"New York",,1,"Live Music"
"Hoa Astoria","New York",,1,Reggae
Hotel,"New York",,1,Latin
"Hotel Alameda","New York",,1,
"Houston Hall","New York",,1,
"Houston Hall
A Grand Beer Hall Celebration","New York",,1,"Live Music"
"IDDC HQ","New York",,1,Hip-Hop
"IL Bastardo","New York",,1,EDM
"IYKYK ROOM","New York",,1,Hip-Hop
"Industry City","New York",,1,House
"Inside Park at St","New York",,1,
"Invite Only After Party","New York",,1,Hip-Hop
"Iron Bar","New York",,1,Hip-Hop
"Isola Brooklyn","New York",,1,Afrobeats
J.Bespoke,"New York",,1,
"Jeromes
Sunday","New York",,1,Rock
"Jewel Yacht","New York",,1,Hip-Hop
"Kixby Hotel","New York",,1,"Live Music"
"Knickerbocker Rooftop","New York",,1,
LAVO,"New York",,1,
"LAVO Nightclub","New York",,1,
"LEVEL 2 (SECOND FLOOR) - HOME OF ASTORIA","New York",,1,Hip-Hop
"LOST IN PARADISE","New York",,1,House
LPR,"New York",,1,
"Laissez Faire","New York",,1,
"Laissez Faire
A Chic","New York",,1,House
"Lalin's","New York",,1,Afrobeats
"Late Late","New York",,1,"Live Music"
Lately,"New York",,1,Hip-Hop
"Le Bain, The Standard Hotel","New York",,1,House
"Le Grande at The Time Hotel","New York",,1,Hip-Hop
"Le Poisson Rouge","New York",,1,Latin
Libation,"New York",,1,Hip-Hop
"Lillistar Rooftop","New York",,1,
"Little More","New York",,1,House
"Locust Grove","New York",,1,House
"Lola Hoboken",Hoboken,,1,Dancehall
Loosies,Manhattan,,1,Other
"Los Feliz","New York",,1,EDM
"Love's Club","New York",,1,
Lovejoys,"New York",,1,
"Lower East Side NYE Party Pass","New York",,1,
"Lucky Strike","New York",,1,House
"Lucky Strike - Times Square","New York",,1,House
"Lucky Strike / Luxe","New York",,1,
"Madame Tussauds","New York",,1,
"Magic Hour Rooftop Bar & Lounge","New York",,1,
"Magic Hour delivers the hottest amenities","New York",,1,Hip-Hop
"Manhattan NY US","New York",,1,EDM
"Manhattan has to offer","New York",,1,House
"Maple NYC at the Night Hotel","New York",,1,
"Margaritaville LandShark","New York",,1,House
"Market Hotel","New York",,1,
"McCarren Hotel Rooftop Williamsburg","New York",,1,Hip-Hop
"MeatPacking Social Club","New York",,1,EDM
"Meatpacking NYC Party Pass","New York",,1,
Megu,"New York",,1,
"Mehanata Bar","New York",,1,Afrobeats
"Millennium Broadway Hotel Ball Drop View","New York",,1,EDM
"Mister H","New York",,1,
"Monarch Rooftop Lounge","New York",,1,
"Mood Ring","New York",,1,
Motel,"New York",,1,Latin
Motivo,"New York",,1,"Live Music"
"Mr Jones","New York",,1,Hip-Hop
"Music For A While","New York",,1,House
"Mykonos Blue","New York",,1,EDM
"NYC's date night party place","New York",,1,Hip-Hop
"New Year","New York",,1,Latin
"New York has to offer","New York",,1,
"New York's ultimate New Year's gala","New York",,1,
Nightmoves,"New York",,1,Hip-Hop
No,"New York",,1,"Live Music"
Noir,"New York",,1,Hip-Hop
"Old Savings Bank","New York",,1,
PH,"New York",,1,Hip-Hop
"PHD Terrace","New York",,1,Hip-Hop
Pachita,"New York",,1,Hip-Hop
"Pando Park Avenue","New York",,1,House
"Paris Cafe","New York",,1,House
"Party on the Paddle Wheel Queen","New York",,1,
"Patrick's","New York",,1,
Pennsylvania,"New York",,1,"Live Music"
Petaluma,"New York",,1,
Pianos,"New York",,1,
"Pioneer Works","New York",,1,
"Planet Hollywood Times Square","New York",,1,
Pranna,"New York",,1,Hip-Hop
Pravda,"New York",,1,"Live Music"
"Premier Hotel Penthouse","New York",,1,House
"Pretty Ricky","New York",,1,
"Printer's Alley","New York",,1,"Live Music"
"Printer's and enjoy a five hour open bar","New York",,1,Reggae
"Public House NYC","New York",,1,House
Queens,"New York",,1,Afrobeats
"Radio City Music Hall","New York",,1,
Rash,"New York",,1,
"Refinery Hotel
Sunday","New York",,1,"Live Music"
Rickey,"New York",,1,
"Riff Raff","New York",,1,House
"Rodney's Comedy Club","New York",,1,R&B
Rogue,"New York",,1,
"Rooftop Bar & Club Lounge","New York",,1,House
"Rosevale Cocktail Lounge","New York",,1,House
Royal,"New York",,1,Hip-Hop
"Royalton Hotel Rooftop","New York",,1,
"STK Meatpacking Rooftop","New York",,1,Hip-Hop
"STK Meatpacking with their numerous VIP specials","New York",,1,
"Salud Soho","New York",,1,"Live Music"
"Santo's Party House","New York",,1,House
"Sapphire Lounge","New York",,1,Hip-Hop
"Se7en Lounge","New York",,1,Afrobeats
"Sea Wolf","New York",,1,Latin
"Seven House Gallery","New York",,1,Afrobeats
"Shay & Ivy","New York",,1,Hip-Hop
"Silver Lining Lounge","New York",,1,"Live Music"
"Sir Henri Rooftop","New York",,1,
"Skinos NYC","New York",,1,Hip-Hop
"Social Club","New York",,1,House
"Somewhere Nowhere NYC","New York",,1,Afrobeats
Space,"New York",,1,EDM
Stage,"New York",,1,EDM
"Stanton Social","New York",,1,
"Starchild Rooftop","New York",,1,House
"Stitch Lounge","New York",,1,
"Sugar Mouse","New York",,1,Latin
"Superior Ingredients Rooftop","New York",,1,House
"Sutton Place has you covered on all three levels","New York",,1,"Live Music"
"Sweetwater Social","New York",,1,Hip-Hop
"TBA - Brooklyn","New York",,1,
"TBA - Downtown NYC","New York",,1,
"TBA - Secret Bushwick Location ","New York",,1,
"TBA - Secret East Williamsburg Locations & Green Room NYC","New York",,1,
"TBA - The Queens Social - 3286 Steinway St Astoria, NY","New York",,1,House
"TBA - The Reserve, 212 E 125th St The Living Room, New York, NY","New York",,1,House
"Tapster Lexington","New York",,1,
"Tavern 29 NYC","New York",,1,House
Tawny,"New York",,1,"Live Music"
Tenjune,"New York",,1,Hip-Hop
"The Ainsworth","New York",,1,House
"The Ainsworth - Midtown","New York",,1,
"The BogArt","New York",,1,"Live Music"
"The Bronze Owl","New York",,1,
"The Bush","New York",,1,
"The DL","New York",,1,
"The Fleur Room",Manhattan,,1,House
"The Forgotten Dreams Supper Club","New York",,1,
"The High Note","New York",,1,"Live Music"
"The House","New York",,1,
"The Lola Hoboken","New York",,1,House
"The Newsroom","New York",,1,Latin
"The Red Pavilion","New York",,1,Afrobeats
"The Saint NYC","New York",,1,
"The Se7en","New York",,1,Afrobeats
"The Vino Theater","New York",,1,R&B
"The trendy eatery","New York",,1,
"This destination hotspot","New York",,1,Hip-Hop
TikiTabu,"New York",,1,
"Time Hotel","New York",,1,"Live Music"
"Tito Murphy's","New York",,1,"Live Music"
UNVEILED,"New York",,1,"Live Music"
"VIRGO
A Seductive","New York",,1,"Live Music"
VNYL,"New York",,1,
"Van Diemens","New York",,1,Hip-Hop
Vandal,"New York",,1,EDM
"Vault Lounge","New York",,1,Afrobeats
Verboten,"New York",,1,
"Versa Rooftop","New York",,1,
Virgo,"New York",,1,
"Viva Toro Nightclub","New York",,1,Latin
"Voted Best Ball Drop Views","New York",,1,House
"Vshow Nightclub","New York",,1,Afrobeats
"Walnut Bar and Grill","New York",,1,House
"Webster Hall","New York",,1,
"White Horse Tavern","New York",,1,House
"Why Sony Hall NYE","New York",,1,"Live Music"
Woodstock,"New York",,1,EDM
XANADU,"New York",,1,Afrobeats
"an NYC staple among A","New York",,1,
"and Marquee","New York",,1,
"and NYE","New York",,1,House
"blends modern elegance with creative flair","New York",,1,House
"capacity limits",Hoboken,,1,House
"elegant Park Avenue Tavern","New York",,1,
"for NYC events","New York",,1,Hip-Hop
"for an equally vibrant crowd","New York",,1,
"g Lounge","New York",,1,House
"has a reputation for serving an A","New York",,1,Hip-Hop
"in the heart of Midtown NYC","New York",,1,"Live Music"
"infused with timeless character","New York",,1,"Live Music"
"into a smoldering affair","New York",,1,"Live Music"
"marries state","New York",,1,House
"on the map","New York",,1,
"on the night of","New York",,1,
"providing all your New Year's needs","New York",,1,House
that,"New York",,1,
"this exclusive subterranean nightclub","New York",,1,
"welcomes you with its own unique vibe","New York",,1,"Live Music"
"with an intimate feel","New York",,1,House
