6468,"Roar Nightclub","939 N Delaware Ave, Philadelphia, PA 19123, USA",Philadelphia,PA
6469,Concourse,"Back Entrance, Market St #1635, Philadelphia, PA 19103, USA",Philadelphia,PA
6470,"Playroom Nightclub","1439 South St, Philadelphia, PA 19146, USA",Philadelphia,PA
6471,"Brasil's Nightclub","112 Chestnut St, Philadelphia, PA 19106, USA",Philadelphia,PA
6473,"Euphoria Night Club","736 738, 740 Adams Ave, Philadelphia, PA 19124, USA",Philadelphia,PA
6476,"The Trestle Inn","339 N 11th St, Philadelphia, PA 19107, USA",Philadelphia,PA
6477,Fabrika,"1108 Frankford Ave, Philadelphia, PA 19125, USA",Philadelphia,PA
6478,"Dolphin Tavern","1539 S Broad St, Philadelphia, PA 19147, USA",Philadelphia,PA
6479,"Helium Comedy Club","2031 Sansom St, Philadelphia, PA 19103, USA",Philadelphia,PA
6480,"1500 Lounge","1501 Sansom St, Philadelphia, PA 19102, USA",Philadelphia,PA
6481,"The 700","700 N 2nd St, Philadelphia, PA 19123, USA",Philadelphia,PA
6482,"Mr. Ivy","459 N 3rd St, Philadelphia, PA 19123, USA",Philadelphia,PA
6484,"Prime Lounge","1200 Sansom St, Philadelphia, PA 19107, USA",Philadelphia,PA
6485,Ruba,"416 Green St, Philadelphia, PA 19123, USA",Philadelphia,PA
6487,"Pyramid Club","1735 Market St 52nd Floor, Philadelphia, PA 19103, USA",Philadelphia,PA
6488,"Ulana's","205 Bainbridge St, Philadelphia, PA 19147, USA",Philadelphia,PA
6489,"Silk City","435 Spring Garden St, Philadelphia, PA 19123, USA",Philadelphia,PA
6490,"The Winston Social Club","461 N 3rd St Suite 100, Philadelphia, PA 19123, USA",Philadelphia,PA
6491,"The Oasis","6798 Essington Ave, Philadelphia, PA 19153, USA",Philadelphia,PA
6492,"Butcher Bar","2034 Chestnut St, Philadelphia, PA 19103, USA",Philadelphia,PA
6493,"Harp & Crown","1525 Sansom St, Philadelphia, PA 19102, USA",Philadelphia,PA
6494,"McGillin's Olde Ale House","1310 Drury St, Philadelphia, PA 19107, USA",Philadelphia,PA
6495,Time,"1315 Sansom St, Philadelphia, PA 19107, USA",Philadelphia,PA
6496,"Dirty Franks","347 S 13th St, Philadelphia, PA 19107, USA",Philadelphia,PA
6497,"Ray's 'Happy Birthday' Bar","1200 E Passyunk Ave, Philadelphia, PA 19147, USA",Philadelphia,PA
6498,"Bonner's Irish Pub","120 S 23rd St, Philadelphia, PA 19103, USA",Philadelphia,PA
6499,"The Ranstead Room","2013 Ranstead St, Philadelphia, PA 19103, USA",Philadelphia,PA
6500,"Oscar's Tavern","1524 Sansom St, Philadelphia, PA 19102, USA",Philadelphia,PA
6502,"Victory Brewing Company Philadelphia","1776 Benjamin Franklin Pkwy, Philadelphia, PA 19103, USA",Philadelphia,PA
6503,"Andra Hem","218 S 16th St, Philadelphia, PA 19102, USA",Philadelphia,PA
6504,BAR,"1309 Sansom St, Philadelphia, PA 19107, USA",Philadelphia,PA
6505,"Strangelove's","216 S 11th St, Philadelphia, PA 19107, USA",Philadelphia,PA
6506,"Good Dog Bar","224 S 15th St, Philadelphia, PA 19102, USA",Philadelphia,PA
6507,"The Love.","130 S 18th St, Philadelphia, PA 19103, USA",Philadelphia,PA
6508,"The Library Bar","210 W Rittenhouse Square, Philadelphia, PA 19103, USA",Philadelphia,PA
6509,"Wicked Wolf","1214-1216 Chestnut St, Philadelphia, PA 19107, USA",Philadelphia,PA
6511,Almanac,"310 Market St Second Floor, Philadelphia, PA 19106, USA",Philadelphia,PA
6512,"Grace & Proper","941 S 8th St, Philadelphia, PA 19147, USA",Philadelphia,PA
6513,"The Dandelion","124 S 18th St, Philadelphia, PA 19103, USA",Philadelphia,PA
6514,"1 Tippling Place","2006 Chestnut St, Philadelphia, PA 19103, USA",Philadelphia,PA
6515,"Poison Heart","931 Spring Garden St, Philadelphia, PA 19123, USA",Philadelphia,PA
6516,"Next of Kin","1414 Frankford Ave, Philadelphia, PA 19125, USA",Philadelphia,PA
6517,"Céline","1224 Walnut St, Philadelphia, PA 19107, USA",Philadelphia,PA
6518,STATIC!,"1137 Spruce St, Philadelphia, PA 19107, USA",Philadelphia,PA
6519,"R&D Cocktail Bar","1206 Frankford Ave, Philadelphia, PA 19125, USA",Philadelphia,PA
6520,"Flight Club Philadelphia","1417 Walnut St, Philadelphia, PA 19102, USA",Philadelphia,PA
6521,a.kitchen+bar,"135 S 18th St, Philadelphia, PA 19103, USA",Philadelphia,PA
6522,"Sonny's Cocktail Joint","1508 South St, Philadelphia, PA 19146, USA",Philadelphia,PA
6523,a.bar,"1737 Walnut St, Philadelphia, PA 19103, USA",Philadelphia,PA
6524,"Cloud Factory Hookah Lounge","1201 Spruce St, Philadelphia, PA 19107, USA",Philadelphia,PA
6525,"Orient Hookah Lounge","1040 N 2nd St #501, Philadelphia, PA 19123, USA",Philadelphia,PA
6526,"Mirage Lounge Philadelphia","119 South St, Philadelphia, PA 19147, USA",Philadelphia,PA
6527,"Luna Lounge","10 S Front St 2nd fl, Philadelphia, PA 19106, USA",Philadelphia,PA
6528,"Bleu Martini","24 S 2nd St, Philadelphia, PA 19106, USA",Philadelphia,PA
6529,"LUXOR CAFE & HOOKAH LOUNGE","132 S 45th St, Philadelphia, PA 19104, USA",Philadelphia,PA
6530,"Infusion Lounge - Philly's Best Cocktails, Hookahs & Cigars","16 S 2nd St 2nd Floor, Philadelphia, PA 19106, USA",Philadelphia,PA
6531,"His & Hers Restaurant Bar","216 South St, Philadelphia, PA 19147, USA",Philadelphia,PA
6533,Byblos,"116 S 18th St, Philadelphia, PA 19103, USA",Philadelphia,PA
6534,"The Crown Hookah Lounge","8728 New Falls Rd, Levittown, PA 19054, USA",Philadelphia,PA
6535,"Vira Hookah Lounge","4219 Main St, Philadelphia, PA 19127, USA",Philadelphia,PA
6536,"Alamodak Restaurant and Hookah bar","161 Cecil B. Moore Ave, Philadelphia, PA 19122, USA",Philadelphia,PA
6537,"Risque Hookah Lounge and Bar","5921 Tacony St #2, Philadelphia, PA 19135, USA",Philadelphia,PA
6538,"Prime Fusion Afro Grill & Lounge","2425 Grays Ferry Ave, Philadelphia, PA 19146, USA",Philadelphia,PA
6539,Dahlak,"4708 Baltimore Ave, Philadelphia, PA 19143, USA",Philadelphia,PA
6540,"Dalida hookah lounge","13032 Bustleton Ave, Philadelphia, PA 19116, USA",Philadelphia,PA
6541,"Assembly Rooftop Lounge","1840 Benjamin Franklin Pkwy, Philadelphia, PA 19103, USA",Philadelphia,PA
6542,Stratus,"433 Chestnut St, Philadelphia, PA 19106, USA",Philadelphia,PA
6543,"The Centurion Lounge","near, 8000 Essington Ave Gate A14, Philadelphia, PA 19153, USA",Philadelphia,PA
6544,"Attico Rooftop","219 S Broad St, Philadelphia, PA 19107, USA",Philadelphia,PA
6545,"BILLIONAIRE Cocktail Lounge","5121 Tulip St, Philadelphia, PA 19124, USA",Philadelphia,PA
6546,"Sapphire Caribbean Restaurant & Lounge","114 Chestnut St, Philadelphia, PA 19106, USA",Philadelphia,PA
6547,"5th Street Lounge","5929 N 5th St, Philadelphia, PA 19120, USA",Philadelphia,PA
6548,"Reef Restaurant & Lounge","605 S 3rd St, Philadelphia, PA 19147, USA",Philadelphia,PA
6549,"Chase Sapphire Lounge by The Club Philadelphia","Philadelphia International Airport, Terminal D/E, 8500 Essington Ave, Philadelphia, PA 19153, USA",Philadelphia,PA
6550,Skyhigh,"One N 19th St, Philadelphia, PA 19103, USA",Philadelphia,PA
6551,"The Continental Mid-town","1801 Chestnut St, Philadelphia, PA 19103, USA",Philadelphia,PA
6552,"The Deck Philly","401 S Christopher Columbus Blvd, Philadelphia, PA 19106, USA",Philadelphia,PA
6553,"Harper's Garden","31 S 18th St, Philadelphia, PA 19103, USA",Philadelphia,PA
6554,"El Techo","1830 Ludlow St, Philadelphia, PA 19103, USA",Philadelphia,PA
6555,"Revolution House","200 Market St, Philadelphia, PA 19106, USA",Philadelphia,PA
6556,"Standard Tap","901 N 2nd St, Philadelphia, PA 19123, USA",Philadelphia,PA
6557,"Topside Tavern","10 S 20th St, Philadelphia, PA 19103, USA",Philadelphia,PA
6558,"Jean-Georges Philadelphia","One N 19th St, Philadelphia, PA 19103, USA",Philadelphia,PA
6559,Lark,"Ironworks at Pencoyd Landing, 611 Righters Ferry Rd, Bala Cynwyd, PA 19004, USA",Philadelphia,PA
6560,"Emmy Squared Pizza: Queen Village","632 S 5th St, Philadelphia, PA 19147, USA",Philadelphia,PA
6561,"The Franklin Mortgage & Investment Company","1715 Rittenhouse Square, Philadelphia, PA 19103, USA",Philadelphia,PA
6562,"Midnight & The Wicked","1500 Sansom St, Philadelphia, PA 19102, USA",Philadelphia,PA
6563,Sassafras,"48 S 2nd St, Philadelphia, PA 19106, USA",Philadelphia,PA
6565,"Graffiti Bar","124 S 13th St, Philadelphia, PA 19107, USA",Philadelphia,PA
6566,"The Newsroom Philly","1102 Germantown Ave, Philadelphia, PA 19123, USA",Philadelphia,PA
6567,"Pen & Pencil Club","1522 Latimer St, Philadelphia, PA 19102, USA",Philadelphia,PA
6568,"World Cafe Live","3025 Walnut St, Philadelphia, PA 19104, USA",Philadelphia,PA
6569,"Union Transfer","1026 Spring Garden St, Philadelphia, PA 19123, USA",Philadelphia,PA
6570,"SOUTH Restaurant & Jazz Club","600 N Broad St, Philadelphia, PA 19130, USA",Philadelphia,PA
6571,"The Foundry","29 E Allen St, Philadelphia, PA 19123, USA",Philadelphia,PA
6572,"The Fire","412 W Girard Ave, Philadelphia, PA 19123, USA",Philadelphia,PA
6573,"Underground Arts","1200 Callowhill St, Philadelphia, PA 19107, USA",Philadelphia,PA
6574,VINYL,"215 S 15th St, Philadelphia, PA 19102, USA",Philadelphia,PA
6575,"Kimmel Center for the Performing Arts","300 S Broad St, Philadelphia, PA 19102, USA",Philadelphia,PA
6576,"Ardmore Music Hall","23 E Lancaster Ave, Ardmore, PA 19003, USA",Philadelphia,PA
6577,"The Twisted Tail","509 S 2nd St, Philadelphia, PA 19147, USA",Philadelphia,PA
6578,"MilkBoy Philadelphia","1100 Chestnut St, Philadelphia, PA 19107, USA",Philadelphia,PA
6579,"Ortlieb's","847 N 3rd St, Philadelphia, PA 19123, USA",Philadelphia,PA
6580,"Johnny Brenda's","1201 Frankford Ave, Philadelphia, PA 19125, USA",Philadelphia,PA
6581,"Talula's Garden","210 W Washington Square, Philadelphia, PA 19106, USA",Philadelphia,PA
6582,Parc,"227 S 18th St, Philadelphia, PA 19103, USA",Philadelphia,PA
6583,"Little Nonna's","1234 Locust St, Philadelphia, PA 19107, USA",Philadelphia,PA
6584,"Butcher and Singer","1500 Walnut St, Philadelphia, PA 19102, USA",Philadelphia,PA
6585,"Grandma's Philly","1304 Walnut St, Philadelphia, PA 19107, USA",Philadelphia,PA
6586,"Bud & Marilyn's","1234 Locust St, Philadelphia, PA 19107, USA",Philadelphia,PA
6587,"Square 1682","121 S 17th St, Philadelphia, PA 19103, USA",Philadelphia,PA
6588,Zahav,"237 St James Pl, Philadelphia, PA 19106, USA",Philadelphia,PA
6589,Fork,"306 Market St, Philadelphia, PA 19106, USA",Philadelphia,PA
6590,"Darling Jack's Tavern","104 S 13th St, Philadelphia, PA 19107, USA",Philadelphia,PA
6591,"Osteria Ama Philly","1905 Chestnut St, Philadelphia, PA 19103, USA",Philadelphia,PA
6592,"Cuba Libre Restaurant & Rum Bar","10 S 2nd St, Philadelphia, PA 19106, USA",Philadelphia,PA
6593,"Estia Restaurant","1405-07 Locust St, Philadelphia, PA 19102, USA",Philadelphia,PA
6594,"Del Frisco's Double Eagle Steakhouse","1428-1432 Chestnut St, Philadelphia, PA 19102, USA",Philadelphia,PA
6595,"Barclay Prime","237 S 18th St, Philadelphia, PA 19103, USA",Philadelphia,PA
6596,"Vetri Cucina","1312 Spruce St, Philadelphia, PA 19107, USA",Philadelphia,PA
6597,Provenance,"408 S 2nd St, Philadelphia, PA 19147, USA",Philadelphia,PA
6598,Wilder,"2009 Sansom St, Philadelphia, PA 19103, USA",Philadelphia,PA
6599,"Alpen Rose","116 S 13th St, Philadelphia, PA 19107, USA",Philadelphia,PA
6600,"Lacroix Restaurant at The Rittenhouse","210 W Rittenhouse Square, Philadelphia, PA 19103, USA",Philadelphia,PA
6601,Morimoto,"723 Chestnut St, Philadelphia, PA 19106, USA",Philadelphia,PA
6602,"Ambra Restaurant","705 S 4th St, Philadelphia, PA 19147, USA",Philadelphia,PA
6603,"Vernick Food & Drink","2031 Walnut St, Philadelphia, PA 19103, USA",Philadelphia,PA
6605,"Saloon Restaurant","750 S 7th St, Philadelphia, PA 19147, USA",Philadelphia,PA
6606,"Ocean Prime","124 S 15th St, Philadelphia, PA 19102, USA",Philadelphia,PA
6607,"Friday Saturday Sunday","261 S 21st St, Philadelphia, PA 19103, USA",Philadelphia,PA
6608,"Eddie V's Prime Seafood","670 W Dekalb Pike, King of Prussia, PA 19406, USA",Philadelphia,PA
6609,Panorama,"14 N Front St, Philadelphia, PA 19106, USA",Philadelphia,PA
6610,"Her Place Supper Club","1740 Sansom St, Philadelphia, PA 19103, USA",Philadelphia,PA
6611,Osteria,"640 N Broad St, Philadelphia, PA 19130, USA",Philadelphia,PA
6612,"The Victor Café","1303 Dickinson St, Philadelphia, PA 19147, USA",Philadelphia,PA
6613,"Fiorella Pasta","817 Christian St, Philadelphia, PA 19147, USA",Philadelphia,PA
6614,"Villa di Roma","936 S 9th St, Philadelphia, PA 19147, USA",Philadelphia,PA
6615,"Giorgio On Pine","1328 Pine St, Philadelphia, PA 19107, USA",Philadelphia,PA
6616,"La Nonna","214 South St, Philadelphia, PA 19147, USA",Philadelphia,PA
6617,"Dante & Luigi's","762 S 10th St, Philadelphia, PA 19147, USA",Philadelphia,PA
6618,"Bistro Romano","120 Lombard St, Philadelphia, PA 19147, USA",Philadelphia,PA
6619,"Le Virtù","1927 E Passyunk Ave, Philadelphia, PA 19148, USA",Philadelphia,PA
6620,"Ralph's Italian Restaurant","760 S 9th St, Philadelphia, PA 19147, USA",Philadelphia,PA
6621,"Palizzi Social Club","1408 S 12th St, Philadelphia, PA 19147, USA",Philadelphia,PA
6622,Bellini,"220 S 16th St, Philadelphia, PA 19102, USA",Philadelphia,PA
6624,"L'Angolo Ristorante","1415 W Porter St, Philadelphia, PA 19145, USA",Philadelphia,PA
6625,"Popi's Restaurant","3120 S 20th St, Philadelphia, PA 19145, USA",Philadelphia,PA
6626,"Double Knot","120 S 13th St, Philadelphia, PA 19107, USA",Philadelphia,PA
6627,"Kichi Omakase","112 S 12th St, Philadelphia, PA 19107, USA",Philadelphia,PA
6628,"Royal Sushi & Izakaya","780 S 2nd St, Philadelphia, PA 19147, USA",Philadelphia,PA
6629,"Kura Revolving Sushi Bar","1721 Chestnut St, Philadelphia, PA 19102, USA",Philadelphia,PA
6630,"Fat Salmon Sushi","719 Walnut St, Philadelphia, PA 19106, USA",Philadelphia,PA
6631,"Nakama Japanese Cuisines & Omakase","45 N 13th St, Philadelphia, PA 19107, USA",Philadelphia,PA
6632,"Ogawa Sushi & Kappo","310 Market St First Floor, Philadelphia, PA 19106, USA",Philadelphia,PA
6633,"UNI Japanese Cuisine | Japanese, Hibachi & Ramen Restaurant","1900 Pine St, Philadelphia, PA 19103, USA",Philadelphia,PA
6634,"Shiso Noodle and Sushi Bar","604 South St, Philadelphia, PA 19147, USA",Philadelphia,PA
6635,Zama,"128 S 19th St, Philadelphia, PA 19103, USA",Philadelphia,PA
6636,"Umami Steak and Sushi Bar","United States, Pennsylvania, Philadelphia, Walnut St, US邮政编码: 19106",Philadelphia,PA
6637,"Chubby Nori | Sushi & Handroll Bar","146 N 10th St floor 2, Philadelphia, PA 19107, USA",Philadelphia,PA
6638,"Bleu Sushi","262 S 10th St, Philadelphia, PA 19107, USA",Philadelphia,PA
6639,"Samurai Japanese Restaurant","1420 Locust St, Philadelphia, PA 19102, USA",Philadelphia,PA
6640,"Yuhiro Omakase Sushi","2146 E Susquehanna Ave, Philadelphia, PA 19125, USA",Philadelphia,PA
6641,"KIRIN HOUSE","251 N Clarion St, Philadelphia, PA 19107, USA",Philadelphia,PA
6643,"Tomo Sushi & Ramen","228 Arch St, Philadelphia, PA 19106, USA",Philadelphia,PA
6644,"637 Philly Sushi Club","Hidden Inside of Yanaga Kappo Izakaya, 637 N 3rd St, Philadelphia, PA 19123, USA",Philadelphia,PA
6645,"Shinto Japanese Sushi & Hibachi","1218 Pine St, Philadelphia, PA 19107, USA",Philadelphia,PA
6646,"Fuji Mountain Japanese Restaurant","2030 Chestnut St, Philadelphia, PA 19103, USA",Philadelphia,PA
6647,"Yanaga Kappo Izakaya","637 N 3rd St, Philadelphia, PA 19123, USA",Philadelphia,PA
6648,"Gyu-Kaku Japanese BBQ","1901 Callowhill St, Philadelphia, PA 19130, USA",Philadelphia,PA
6649,"Umai Umai","533 N 22nd St, Philadelphia, PA 19130, USA",Philadelphia,PA
6650,"Kissho House Japanese Cuisine & Omakase","1522 Locust St, Philadelphia, PA 19102, USA",Philadelphia,PA
6651,"Taku Japanese Steakhouse","330 Goddard Blvd, King of Prussia, PA 19406, USA",Philadelphia,PA
6652,"Shay’s Steaks","200 N 16th St, Philadelphia, PA 19102, USA",Philadelphia,PA
6653,"Steak 48","260 S Broad St, Philadelphia, PA 19102, USA",Philadelphia,PA
6654,"Sullivan's Steakhouse","700 W Dekalb Pike, King of Prussia, PA 19406, USA",Philadelphia,PA
6655,"Fogo de Chão Brazilian Steakhouse","1337 Chestnut St, Philadelphia, PA 19107, USA",Philadelphia,PA
6656,"Urban Farmer Philadelphia","1850 Benjamin Franklin Pkwy, Philadelphia, PA 19103, USA",Philadelphia,PA
6657,"NaBrasa Brazilian Steakhouse","1901 John F Kennedy Blvd, Philadelphia, PA 19103, USA",Philadelphia,PA
6658,"Geno's Steaks","1219 S 9th St, Philadelphia, PA 19147, USA",Philadelphia,PA
6659,"Malbec Argentine Steakhouse","400 S 2nd St, Philadelphia, PA 19147, USA",Philadelphia,PA
6660,"Joey Chops","245 Lancaster Ave, Malvern, PA 19355, USA",Philadelphia,PA
6662,"SY'S SOULFOOD PALACE","2832 Ridge Ave, Philadelphia, PA 19121, USA",Philadelphia,PA
6665,"Butter's Soul Food To Go","2730 W Girard Ave, Philadelphia, PA 19130, USA",Philadelphia,PA
6666,"Sheba's Soul Plate restaurant","90 S 44th St, Philadelphia, PA 19104, USA",Philadelphia,PA
6667,"Tyemeka's Soul Food Restaurant","5920 Germantown Ave, Philadelphia, PA 19144, USA",Philadelphia,PA
6668,"Soul Greedy","225 S 45th St, Philadelphia, PA 19104, USA",Philadelphia,PA
6669,"Corinne's Place","1254 Haddon Ave, Camden, NJ 08103, USA",Philadelphia,PA
6670,"Sweet Lucy's Smokehouse","7500 State Rd., Philadelphia, PA 19136, USA",Philadelphia,PA
6671,"Ma Lessie's Chicken & Waffles","51 N 12th St, Philadelphia, PA 19107, USA",Philadelphia,PA
6672,"Crafty Soul","5610 Lancaster Ave, Philadelphia, PA 19131, USA",Philadelphia,PA
6673,"Ol Boys Soul Food Restaurant","243 S 60th St, Philadelphia, PA 19139, USA",Philadelphia,PA
6674,"Love & Honey Fried Chicken","1100 N Front St, Philadelphia, PA 19123, USA",Philadelphia,PA
6675,"Emmanuel Kings & Queens of Soul Food","2905 Ridge Ave, Philadelphia, PA 19121, USA",Philadelphia,PA
6677,"Samaiyah B. Cooking","4700 Wyalusing Ave, Philadelphia, PA 19131, USA",Philadelphia,PA
6678,"From the Kitchen of LindaLicious, LLC","1637 Ashurst Rd, Philadelphia, PA 19151, USA",Philadelphia,PA
6679,"Quality Taste Jamaican Restaurant & Jerk Hut","4002 Lancaster Ave #4000, Philadelphia, PA 19104, USA",Philadelphia,PA
6680,"Caribbean Feast Cuisine","1338 Rising Sun Ave, Philadelphia, PA 19140, USA",Philadelphia,PA
6681,"48th Street Grille","310 S 48th St, Philadelphia, PA 19143, USA",Philadelphia,PA
6682,"Jamaican D's Kitchen and Catering","1265 E Chelten Ave, Philadelphia, PA 19138, USA",Philadelphia,PA
6683,"Irie Entree","4001 Chestnut St, Philadelphia, PA 19104, USA",Philadelphia,PA
6684,"Sunday Best","41 N 52nd St, Philadelphia, PA 19139, USA",Philadelphia,PA
6685,"Little Delicious","4821 Woodland Ave, Philadelphia, PA 19143, USA",Philadelphia,PA
6686,"Ron's Caribbean Cafe","5726 N Broad St, Philadelphia, PA 19141, USA",Philadelphia,PA
6687,"Ron's Caribbean Cuisine","6620 Rising Sun Ave, Philadelphia, PA 19111, USA",Philadelphia,PA
6688,"Ocho Rios Parrilla","1710 E Passyunk Ave, Philadelphia, PA 19148, USA",Philadelphia,PA
6689,"The Lighthouse Jamaican Restaurant","2300 Lincoln Hwy FC #12, Langhorne, PA 19047, USA",Philadelphia,PA
6690,"K & J Caribbean American Diner","5603 Greene St, Philadelphia, PA 19144, USA",Philadelphia,PA
6691,"Georgiana's Caribbean Cuisine","1904 Chelten Ave, Philadelphia, PA 19138, USA",Philadelphia,PA
6692,"Reggae Reggae Vibes","517 W Girard Ave, Philadelphia, PA 19123, USA",Philadelphia,PA
6693,"SHANAS CARIBBEAN CAFE","6615 Martins Mill Rd, Philadelphia, PA 19111, USA",Philadelphia,PA
6694,"Biggs jamaican restaurant","2867 N Taylor St, Philadelphia, PA 19132, USA",Philadelphia,PA
6695,"Top Taste","40 N 52nd St, Philadelphia, PA 19139, USA",Philadelphia,PA
6696,"Tierra Colombiana Restaurant","4535 N 5th St, Philadelphia, PA 19140, USA",Philadelphia,PA
6697,"Le Mandingue African Restaurant","6620 Woodland Ave, Philadelphia, PA 19142, USA",Philadelphia,PA
6698,"Kilimandjaro restaurant","4301 Chestnut St, Philadelphia, PA 19104, USA",Philadelphia,PA
6699,"SUYA SUYA West African Grill","400 Fairmount Ave #2808, Philadelphia, PA 19123, USA",Philadelphia,PA
6700,"Chateau Rouge","2108 South St, Philadelphia, PA 19146, USA",Philadelphia,PA
6701,"Eatwell Philly - African Restaurant and Lounge","106 Chestnut St, Philadelphia, PA 19106, USA",Philadelphia,PA
6702,"African Small Pot","6133 Woodland Ave, Philadelphia, PA 19142, USA",Philadelphia,PA
6703,"The Saints Restaurant and Lounge","1901 Chestnut St, Philadelphia, PA 19103, USA",Philadelphia,PA
6704,"Sahara Restaurant","6528 Woodland Ave, Philadelphia, PA 19142, USA",Philadelphia,PA
6705,"TOUBA African Restaurant","428 W Olney Ave, Philadelphia, PA 19120, USA",Philadelphia,PA
6706,"Soul of Africa Restaurant LLC","6422 Rising Sun Ave, Philadelphia, PA 19111, USA",Philadelphia,PA
6707,"Emma’s Liberian Kitchen","7201 Woodland Ave, Philadelphia, PA 19142, USA",Philadelphia,PA
6708,"New Era Cuisine","Underground in the suburban station, 1500 John F Kennedy Blvd, Philadelphia, PA 19102, USA",Philadelphia,PA
6709,"Ecowas African Restaurant","6421 Woodland Ave, Philadelphia, PA 19142, USA",Philadelphia,PA
6710,"The Motherland Cuisine","721 Long Ln, Upper Darby Township, PA 19082, USA",Philadelphia,PA
6711,"Djoliba Restaurant","6735 Elmwood Ave, Philadelphia, PA 19142, USA",Philadelphia,PA
6712,"Le Faso","S 61st St &, Grays Ave, Philadelphia, PA 19142, USA",Philadelphia,PA
6713,"Aku's Kitchen","5938 Chestnut St, Philadelphia, PA 19139, USA",Philadelphia,PA
6715,"Almaz Cafe","140 S 20th St, Philadelphia, PA 19103, USA",Philadelphia,PA
6716,Abyssinia,"229 S 45th St, Philadelphia, PA 19104, USA",Philadelphia,PA
6717,"Kaffa Crossing","4421 Chestnut St, Philadelphia, PA 19104, USA",Philadelphia,PA
6718,"Eshkol Ethiopian Cuisine & Cafe","36 E Lancaster Ave, Ardmore, PA 19003, USA",Philadelphia,PA
6719,"Amsale Cafe","4817 Walnut St, Philadelphia, PA 19139, USA",Philadelphia,PA
6720,Gojjo,"4540 Baltimore Ave, Philadelphia, PA 19143, USA",Philadelphia,PA
6721,"Queen of Sheba","4511 Baltimore Ave, Philadelphia, PA 19143, USA",Philadelphia,PA
6722,"Doro Bet","4533 Baltimore Ave, Philadelphia, PA 19143, USA",Philadelphia,PA
6723,"Alif Brew & Mini Mart Inc.","4501 Baltimore Ave, Philadelphia, PA 19143, USA",Philadelphia,PA
6724,ERA,"2743 Poplar St, Philadelphia, PA 19130, USA",Philadelphia,PA
6725,"Zuzu's Kitchen","1500 Ridge Ave, Philadelphia, PA 19130, USA",Philadelphia,PA
6726,"Merkato Baltena","S 67th St, Philadelphia, PA 19142, USA",Philadelphia,PA
6727,"Mixto Restaurante","1141 Pine St, Philadelphia, PA 19107, USA",Philadelphia,PA
6728,"Mamajuana Cafe Philly","1000 Frankford Ave #1, Philadelphia, PA 19125, USA",Philadelphia,PA
6729,LMNO,"1739-1749 N Front St, Philadelphia, PA 19122, USA",Philadelphia,PA
6730,"El Fogon Latino Restaurant","4505 N 5th St, Philadelphia, PA 19140, USA",Philadelphia,PA
6731,"Restaurante Latino Lela","461 E Wyoming Ave, Philadelphia, PA 19120, USA",Philadelphia,PA
6732,Bolo,"2025 Sansom St, Philadelphia, PA 19103, USA",Philadelphia,PA
6733,"Izlas Puertorican Cuisine","2725 N American St, Philadelphia, PA 19133, USA",Philadelphia,PA
6734,"Bar Bombón","133 S 18th St, Philadelphia, PA 19103, USA",Philadelphia,PA
6735,"DECOO Restaurant","3066 E St, Philadelphia, PA 19134, USA",Philadelphia,PA
6736,"Paladar Latin Kitchen & 610 SOCIAL Bar + Lounge","250 Main St, King of Prussia, PA 19406, USA",Philadelphia,PA
6737,"Bodega Bar & Kitchen","1223 Walnut St, Philadelphia, PA 19107, USA",Philadelphia,PA
6738,"El Vez","121 S 13th St, Philadelphia, PA 19107, USA",Philadelphia,PA
6739,"Latin American Restaurant","3521 Federal St, Camden, NJ 08105, USA",Philadelphia,PA
6740,"El Sabor Restaurant","178 Diamond St, Philadelphia, PA 19122, USA",Philadelphia,PA
6741,"El Rey","2013 Chestnut St, Philadelphia, PA 19103, USA",Philadelphia,PA
6742,"Fuego Latin Food","8052 Frankford Ave, Philadelphia, PA 19136, USA",Philadelphia,PA
6743,"Parada Maimon","345 N 12th St, Philadelphia, PA 19123, USA",Philadelphia,PA
6744,"El Fuerte de Loreto Philly","1412 S 5th St, Philadelphia, PA 19147, USA",Philadelphia,PA
6745,"South Philly Barbacoa","1134 S 9th St, Philadelphia, PA 19147, USA",Philadelphia,PA
6746,"El Chingon Philly","1524 S 10th St, Philadelphia, PA 19147, USA",Philadelphia,PA
6747,"Las Bugambilias","15 S 3rd St, Philadelphia, PA 19106, USA",Philadelphia,PA
6748,"Tu Rinconcito","17 N 3rd St, Philadelphia, PA 19106, USA",Philadelphia,PA
6749,"Tacoteca Mexican Grill","1829 John F Kennedy Blvd, Philadelphia, PA 19103, USA",Philadelphia,PA
6750,"Cantina Dos Segundos","931 N 2nd St, Philadelphia, PA 19123, USA",Philadelphia,PA
6751,"Tequilas Casa Mexicana","1602 Locust St, Philadelphia, PA 19103, USA",Philadelphia,PA
6752,"El Mictlan Restaurant","2053 S Beechwood St, Philadelphia, PA 19145, USA",Philadelphia,PA
6753,"Tamalex Bar & Grill","122 Lombard St, Philadelphia, PA 19147, USA",Philadelphia,PA
6754,"La Jefa Café","1605 Latimer St, Philadelphia, PA 19103, USA",Philadelphia,PA
6755,"El Mezcal Cantina","1260 Point Breeze Ave, Philadelphia, PA 19146, USA",Philadelphia,PA
6756,"Mission Taqueria","Above Oyster House, 1516 Sansom St 2nd Floor, Philadelphia, PA 19102, USA",Philadelphia,PA
6757,"Jose Pistola's","263 S 15th St, Philadelphia, PA 19102, USA",Philadelphia,PA
6758,"Don Barriga","4443 Spruce St, Philadelphia, PA 19104, USA",Philadelphia,PA
6759,"Cilantro Mediterranean Cuisine","613 S 4th St, Philadelphia, PA 19147, USA",Philadelphia,PA
6760,Kanella,"1001 Spruce St, Philadelphia, PA 19107, USA",Philadelphia,PA
6761,"Spice Finch","220 S 17th St, Philadelphia, PA 19103, USA",Philadelphia,PA
6762,"Suraya Restaurant","1528 Frankford Ave, Philadelphia, PA 19125, USA",Philadelphia,PA
6763,Barbuzzo,"110 S 13th St, Philadelphia, PA 19107, USA",Philadelphia,PA
6764,"Paprica Grill","811 Sansom St, Philadelphia, PA 19107, USA",Philadelphia,PA
6765,"Alyan's Middle Eastern & Mediterranean Restaurant","603 S 4th St, Philadelphia, PA 19147, USA",Philadelphia,PA
6766,Malooga,"134 Chestnut St, Philadelphia, PA 19106, USA",Philadelphia,PA
6767,"Casablanca Mediterranean Grill","947 Federal St, Philadelphia, PA 19147, USA",Philadelphia,PA
6768,Mona,"1308 Chestnut St, Philadelphia, PA 19107, USA",Philadelphia,PA
6769,Marrakesh,"517 S Leithgow St, Philadelphia, PA 19147, USA",Philadelphia,PA
6770,Bastia,"1401 E Susquehanna Ave, Philadelphia, PA 19125, USA",Philadelphia,PA
6771,Dizengoff,"1625 Sansom St, Philadelphia, PA 19103, USA",Philadelphia,PA
6772,Emmett,"161 W Girard Ave, Philadelphia, PA 19122, USA",Philadelphia,PA
6773,Olea,"232 Arch St, Philadelphia, PA 19106, USA",Philadelphia,PA
6774,"Apricot Stone BYOB","428 W Girard Ave, Philadelphia, PA 19123, USA",Philadelphia,PA
6775,"Zorba's Tavern","2230 Fairmount Ave, Philadelphia, PA 19130, USA",Philadelphia,PA
6776,"Almyra Restaurant","1636 Chancellor St, Philadelphia, PA 19103, USA",Philadelphia,PA
6777,"Sahara Grill","1334 Walnut St, Philadelphia, PA 19107, USA",Philadelphia,PA
6778,"Kamals Middle Eastern Cuisine","51 N 12th St, Philadelphia, PA 19107, USA",Philadelphia,PA
6779,"Bon Kif Grill","627 South St, Philadelphia, PA 19147, USA",Philadelphia,PA
6780,"Cafe La Maude","816 N 4th St, Philadelphia, PA 19123, USA",Philadelphia,PA
6781,"Laser Wolf","1301 N Howard St, Philadelphia, PA 19122, USA",Philadelphia,PA
6782,"Sang Kee Peking Duck House","238 N 9th St, Philadelphia, PA 19107, USA",Philadelphia,PA
6783,"EMei 峨嵋","915 Arch St, Philadelphia, PA 19107, USA",Philadelphia,PA
6784,"Nom Wah Philadelphia","218 N 13th St, Philadelphia, PA 19107, USA",Philadelphia,PA
6785,"Dim Sum Garden","1024 Race St, Philadelphia, PA 19107, USA",Philadelphia,PA
6786,"Ji Bei Chuan Philly","930 Race St, Philadelphia, PA 19107, USA",Philadelphia,PA
6787,"Dim Sum House By Jane G's - Rittenhouse","1930 Chestnut St #17f, Philadelphia, PA 19103, USA",Philadelphia,PA
6788,"Nan Zhou Hand Drawn Noodle House","1022 Race St, Philadelphia, PA 19107, USA",Philadelphia,PA
6789,"Ting Wong","138 N 10th St, Philadelphia, PA 19107, USA",Philadelphia,PA
6790,"Han Dynasty - Old City","110 Chestnut St, Philadelphia, PA 19106, USA",Philadelphia,PA
6791,Buddakan,"325 Chestnut St, Philadelphia, PA 19106, USA",Philadelphia,PA
6792,"China House No. 5","2437 S 24th St #8A, Philadelphia, PA 19145, USA",Philadelphia,PA
6794,"Mana Modern Chinese","719 N 2nd St, Philadelphia, PA 19123, USA",Philadelphia,PA
6795,"Grand Palace Restaurant","600 Washington Ave #3B, Philadelphia, PA 19147, USA",Philadelphia,PA
6796,"Ho Sai Gai Restaurant","1000 Race St, Philadelphia, PA 19107, USA",Philadelphia,PA
6797,"DanDan Rittenhouse","126 S 16th St, Philadelphia, PA 19102, USA",Philadelphia,PA
6798,"China Gourmet","2842 St Vincent St, Philadelphia, PA 19149, USA",Philadelphia,PA
6799,Sampan,"124 S 13th St, Philadelphia, PA 19107, USA",Philadelphia,PA
6800,"Lee How Fook","219 N 11th St, Philadelphia, PA 19107, USA",Philadelphia,PA
6801,"Bai Wei","1038 Race St, Philadelphia, PA 19107, USA",Philadelphia,PA
6802,Kalaya,"4 W Palmer St, Philadelphia, PA 19125, USA",Philadelphia,PA
6803,"Chatayee Thai","1227 Walnut St, Philadelphia, PA 19107, USA",Philadelphia,PA
6804,"JJ Thai Cuisine","2028 Chestnut St, Philadelphia, PA 19103, USA",Philadelphia,PA
6805,Dara,"1221 Walnut St, Philadelphia, PA 19107, USA",Philadelphia,PA
6806,"Ratchada Thai & Laos Cuisine","1117 S 11th St, Philadelphia, PA 19147, USA",Philadelphia,PA
6807,"Every Thai","800 W Moyamensing Ave, Philadelphia, PA 19148, USA",Philadelphia,PA
6808,"Pattaya Thai Cuisine","4040 Locust St, Philadelphia, PA 19104, USA",Philadelphia,PA
6809,"Erawan Thai Cuisine (Philadelphia)","123 S 23rd St, Philadelphia, PA 19103, USA",Philadelphia,PA
6810,Manorah,"654 W Lancaster Ave #656, Bryn Mawr, PA 19010, USA",Philadelphia,PA
6811,"House of Thai Cuisine","3520 Cottman Ave, Philadelphia, PA 19149, USA",Philadelphia,PA
6812,"Sichuan Mathai 川马泰","4626 Baltimore Ave, Philadelphia, PA 19143, USA",Philadelphia,PA
6813,"Chon Tong Thai Kitchen and Dessert","1439 Vine St, Philadelphia, PA 19102, USA",Philadelphia,PA
6814,"Vientiane Café","4728 Baltimore Ave, Philadelphia, PA 19143, USA",Philadelphia,PA
6815,"Little Thai Market","51 N 12th St #39, Philadelphia, PA 19107, USA",Philadelphia,PA
6816,"Thai Square Restaurant","2521 Christian St, Philadelphia, PA 19146, USA",Philadelphia,PA
6817,"Vientiane Bistro","2537 Kensington Ave, Philadelphia, PA 19125, USA",Philadelphia,PA
6818,"Sukho Thai Restaurant","14 N Black Horse Pike, Runnemede, NJ 08078, USA",Philadelphia,PA
6819,"Golden Triangle","610 S 5th St, Philadelphia, PA 19147, USA",Philadelphia,PA
6820,"Amma's South Indian Cuisine","1500 Walnut St, Philadelphia, PA 19102, USA",Philadelphia,PA
6821,"Thanal Indian Tavern","1939 Arch St, Philadelphia, PA 19103, USA",Philadelphia,PA
6822,"Turmeric Indian Kitchen","1240 Spring Garden St, Philadelphia, PA 19123, USA",Philadelphia,PA
6823,"Veda - Modern Indian Bistro","1920 Chestnut St, Philadelphia, PA 19103, USA",Philadelphia,PA
6824,"Tiffin Indian Cuisine Fairmount","1921 Fairmount Ave, Philadelphia, PA 19130, USA",Philadelphia,PA
6825,"Masala Fusion Indian Restaurant","14 N 3rd St, Philadelphia, PA 19106, USA",Philadelphia,PA
6826,"New Indian Sizzler","939 Spring Garden St, Philadelphia, PA 19123, USA",Philadelphia,PA
6827,DABBAWALA,"3300 Fairmount Ave, Philadelphia, PA 19104, USA",Philadelphia,PA
6828,"Saffron Indian Kitchen","423 W Girard Ave, Philadelphia, PA 19123, USA",Philadelphia,PA
6829,"Indian Kitchen Lovash","236-238 South St, Philadelphia, PA 19147, USA",Philadelphia,PA
6830,"Sura Indian Bistro","1726 Chestnut St, Philadelphia, PA 19103, USA",Philadelphia,PA
6831,"Vijayawada Mess Indian Cuisine","1308 W Girard Ave, Philadelphia, PA 19123, USA",Philadelphia,PA
6832,"Tikka Mahal - Modern Indian Restaurant","1040 N 2nd St #601, Philadelphia, PA 19123, USA",Philadelphia,PA
6833,"Raindrops Indian Restaurant","2749 N 47th St, Philadelphia, PA 19131, USA",Philadelphia,PA
6834,"Virasat Haveli","4051 Market St, Philadelphia, PA 19104, USA",Philadelphia,PA
6835,"Indian Char House","4612 Woodland Ave 1st Floor, Philadelphia, PA 19143, USA",Philadelphia,PA
6836,"CURRY LEAF NEPALI & INDIAN CUISINE","2046 Sansom St, Philadelphia, PA 19103, USA",Philadelphia,PA
6837,"Masala Kitchen : Kati Rolls & Platters","3404 Sansom St, Philadelphia, PA 19104, USA",Philadelphia,PA
6838,"New Delhi Indian Restaurant","4004 Chestnut St, Philadelphia, PA 19104, USA",Philadelphia,PA
6839,"Manayunk Indian grille","4425 Main St, Philadelphia, PA 19127, USA",Philadelphia,PA
6840,Forsythia,"233 Chestnut St, Philadelphia, PA 19105, USA",Philadelphia,PA
6841,"My Loup","2005 Walnut St, Philadelphia, PA 19103, USA",Philadelphia,PA
6842,"Caribou Cafe","1126 Walnut St, Philadelphia, PA 19107, USA",Philadelphia,PA
6843,"The Good King Tavern","614 S 7th St, Philadelphia, PA 19147, USA",Philadelphia,PA
6844,"Bistro Perrier","4207 Walnut St, Philadelphia, PA 19104, USA",Philadelphia,PA
6845,"Café Lutécia","2301 Lombard St, Philadelphia, PA 19146, USA",Philadelphia,PA
6846,"Fleur's","2205 N Front St, Philadelphia, PA 19133, USA",Philadelphia,PA
6847,"Mabu Kitchen","1120 Pine St, Philadelphia, PA 19107, USA",Philadelphia,PA
6848,"TOWNSEND EPX","1623 E Passyunk Ave, Philadelphia, PA 19148, USA",Philadelphia,PA
6849,"Chez Colette","120 S 17th St #5115, Philadelphia, PA 19103, USA",Philadelphia,PA
6850,"Red Owl Tavern","433 Chestnut St, Philadelphia, PA 19106, USA",Philadelphia,PA
6851,"Village Whiskey","118 S 20th St, Philadelphia, PA 19103, USA",Philadelphia,PA
6852,"Green Eggs Café","1301 Locust St, Philadelphia, PA 19107, USA",Philadelphia,PA
6853,"Honey's Sit 'n Eat","800 N 4th St, Philadelphia, PA 19123, USA",Philadelphia,PA
6854,"Marathon Grill","121 S 16th St, Philadelphia, PA 19102, USA",Philadelphia,PA
6855,"Oyster House","1516 Sansom St, Philadelphia, PA 19102, USA",Philadelphia,PA
6856,"Vernick Fish","One N 19th St, Philadelphia, PA 19103, USA",Philadelphia,PA
6857,"Seafood Unlimited","270 S 20th St, Philadelphia, PA 19103, USA",Philadelphia,PA
6858,"Pearl and Mary Oyster Bar","114 S 13th St, Philadelphia, PA 19107, USA",Philadelphia,PA
6859,"Loch Bar","301 S Broad St, Philadelphia, PA 19107, USA",Philadelphia,PA
6860,"Little Fish BYOB","746 S 6th St, Philadelphia, PA 19147, USA",Philadelphia,PA
6861,"Seven Seas Mediterranean Seafood","3 Easton Rd, Willow Grove, PA 19090, USA",Philadelphia,PA
6862,"McCormick & Schmick's Seafood & Steaks","1 S Broad St, Philadelphia, PA 19107, USA",Philadelphia,PA
6863,"Jordan Johnson","6716 Frankford Ave, Philadelphia, PA 19135, USA",Philadelphia,PA
6864,"Luke's Lobster Rittenhouse","130 S 17th St, Philadelphia, PA 19103, USA",Philadelphia,PA
6865,"Little Water","261 S 20th St, Philadelphia, PA 19103, USA",Philadelphia,PA
6866,"Hook & Reel Cajun Seafood & Bar","1936 S Christopher Columbus Blvd, Philadelphia, PA 19148, USA",Philadelphia,PA
6867,"Gallo's Seafood","8101 Roosevelt Blvd, Philadelphia, PA 19152, USA",Philadelphia,PA
6869,"Alaska King Crab House","4834 Lancaster Ave, Philadelphia, PA 19131, USA",Philadelphia,PA
6870,"Fishtown Seafood","339 Belgrade St, Philadelphia, PA 19125, USA",Philadelphia,PA
10289,"Frecon Farms","1819 Walnut St",Philadelphia,PA
10290,"Chicken Scratch","604 South St",Philadelphia,PA
10292,"You Say","815 Poplar St",Philadelphia,PA
10293,"El Manzano","747 Wolf St",Philadelphia,PA
10294,"L & M Variety","2241 S 5th St",Philadelphia,PA
10295,"NY Gyro Lunch","1300 W Montgomery Ave",Philadelphia,PA
10296,"Academic Bistro","101 N 33rd St",Philadelphia,PA
10297,"168 Chinese Kitchen","633 W Oregon Ave",Philadelphia,PA
10298,"Rice & Sambal","1911 E Passyunk Ave",Philadelphia,PA
10299,"Twist Creamery","1537 Cecil B Moore Ave",Philadelphia,PA
10300,"Stephanie’s Creations","1431 S 9th St",Philadelphia,PA
10301,"Fleur's","2205 N Front St",Philadelphia,PA
10302,"Little Susie’s Coffee & Pie","1754 S Chadwick St",Philadelphia,PA
10303,"Duskaia Coffee","1007 S 9th St",Philadelphia,PA
10305,Agricola,"1180 S 10th St",Philadelphia,PA
10306,iBowl,"3639 Lancaster Ave",Philadelphia,PA
10307,"Otolith Sustainable Seafood","2133 Huntingdon St",Philadelphia,PA
10308,"Es Cafe Lounge","1447 N American St",Philadelphia,PA
10310,"Mom’s Falafel","18 S 20th St",Philadelphia,PA
10311,"The Olive Branch Pizzeria","1901 N Mascher St",Philadelphia,PA
10312,"637 Philly Sushi Club","637 N 3rd St",Philadelphia,PA
10313,"Newbold Cafe","1514 Tasker St",Philadelphia,PA
10314,Wim,"226 South St",Philadelphia,PA
10315,"Halal Heaven","4257 Woodland Ave",Philadelphia,PA
10317,"On A Roll Italian Sandwich","2700 S Darien St",Philadelphia,PA
10318,Shinto,"1218 Pine St",Philadelphia,PA
10319,Provenance,"408 S 2nd St",Philadelphia,PA
10320,Kinto,"1144 Frankford Ave",Philadelphia,PA
10321,"Castellino's","1255 E Palmer St",Philadelphia,PA
10322,"Bean2Bean Cafe","1516 N 5th St",Philadelphia,PA
10323,"La Catedral","527 Fairmount Ave",Philadelphia,PA
10324,"Desforra Cafe","1149 N 3rd St",Philadelphia,PA
10325,"Antonio’s Deli","3849 Lancaster Ave",Philadelphia,PA
10326,"Mocha Melt Cafe","124 Market St",Philadelphia,PA
10327,"Pizza Mixta","2000 S 12th St",Philadelphia,PA
10329,"Mommy Telly's Famous BBQ","23 N 33rd St",Philadelphia,PA
10331,"Get A Gato","638 Christian St",Philadelphia,PA
10333,"Nakama Japanese Cuisines & Omakase","45 N 13th St",Philadelphia,PA
10334,"Pop Up Café","802 Christian St",Philadelphia,PA
10335,"Nam Chon","228 South St",Philadelphia,PA
10336,"Choice Beer Deli","1642 S St",Philadelphia,PA
10337,Kissaten,"241 East Girard Ave",Philadelphia,PA
10338,"Coffee Cream & Dreams","1436 Fairmount Ave",Philadelphia,PA
10339,"Italian Family Pizza","136 N 17th St",Philadelphia,PA
10340,"Chateau Rouge","2108 South St",Philadelphia,PA
10341,"El Fuerte de Loreto","1412 S 5th St",Philadelphia,PA
10342,"Miss Rachel's Pantry","1938 S Chadwick St",Philadelphia,PA
10343,"Halal Taste","33rd N Market St",Philadelphia,PA
10344,"Lee's Dumplings and Stuff","2313 N Front St",Philadelphia,PA
10346,"La Canasta Mexican Food","2341 S 4th St",Philadelphia,PA
10347,"Amy’s Pastelillos","2001 Memphis St",Philadelphia,PA
10348,"Heavy Metal Sausage","1527 W Porter St",Philadelphia,PA
10349,"Whizzle Truck","",Philadelphia,PA
10350,"Be WellFed","444 N 4th St",Philadelphia,PA
10351,"Farina Di Vita","250 Catharine St",Philadelphia,PA
10352,"Hangry Joe’s Hot Chicken","125 S 40th St",Philadelphia,PA
10353,"El Mictlan Restaurant ","2053 S Beechwood St",Philadelphia,PA
10354,"A La Mousse","1622 South St",Philadelphia,PA
10356,"Bottega Rittenhouse","263 S 17th St",Philadelphia,PA
10357,"Bad Brother","726 N 24th St",Philadelphia,PA
10358,"Kirin House","251 N Clarion St",Philadelphia,PA
10359,"Cafe Couleur","323 Arch St",Philadelphia,PA
10360,"Lian Hsing's","1633 W Reed St",Philadelphia,PA
10361,"Mike's Hot Dog Cart","24th & Passyunk Ave",Philadelphia,PA
10363,"Caffe Ida","1732 W Passyunk Ave",Philadelphia,PA
10364,"Red Stone Pizza Truck","",Philadelphia,PA
10365,"SK Restaurant and Bar","2400 S 24th St",Philadelphia,PA
10366,"Victoria En philly","1301 E Susquehanna Ave",Philadelphia,PA
10367,"New Star","2409 Kensington Ave",Philadelphia,PA
10368,"Sego Indonesian Food Cart","Market St & S 16th St",Philadelphia,PA
10369,"El Enano Mexican Restaurant","4608 Woodland Ave",Philadelphia,PA
10370,"JC Food Market","600 North 11th St",Philadelphia,PA
10371,"Poke Burri","3231 Powelton Ave",Philadelphia,PA
10372,"Bold Coffee Bar","1623 Ridge Ave",Philadelphia,PA
10373,Dankbaar,"1911 E Passyunk Ave",Philadelphia,PA
10375,"Sutton's","1706 N 5th St",Philadelphia,PA
10376,"Mexican Grill Stand","1736 N 13th St",Philadelphia,PA
10377,"Corey’s Crafty Vietnamese Cuisine","1314 South St",Philadelphia,PA
10378,"Taco & Ramen","615 South St",Philadelphia,PA
10379,"Jojo's Cafe","1425 W Passyunk Ave",Philadelphia,PA
10380,Scampi,"617 S 3rd St",Philadelphia,PA
10381,"Halal Food Special","20 N 16th St",Philadelphia,PA
10383,"Taco Man","942 S 5th St",Philadelphia,PA
10384,"Taste of Punjab","2015 E Moyamensing Ave",Philadelphia,PA
10385,"Chubby Nori","146 N 10th St",Philadelphia,PA
10386,HomeGrown215,"1515 Porter St",Philadelphia,PA
10387,Momoka,"705 E Passyunk Ave",Philadelphia,PA
10389,"Fat Moon Restaurant & Bar","1440 Callowhill St",Philadelphia,PA
10390,"Circles + Squares","2513 Tulip St",Philadelphia,PA
10391,"Ramble Pizza","",Philadelphia,PA
10392,"Tortilleria San Roman","951 S 9th St",Philadelphia,PA
10393,"San Miguelito Mexican Cuisine","2654 S Sixth St",Philadelphia,PA
10394,"Bucatini Caffe","1824 S 13th St",Philadelphia,PA
10395,"Indo Spice","1421 W Passyunk Ave",Philadelphia,PA
10396,"Sushi Ya","1418 W Girard Ave",Philadelphia,PA
10397,"Restaurant Ambra","705 S 4th St",Philadelphia,PA
10398,Elwood,"1007 Frankford Ave",Philadelphia,PA
10399,"Honey Bee Gourmet Deli","604 S Washington Square",Philadelphia,PA
10400,Pie-Stand,"2 W Girard Ave",Philadelphia,PA
10401,Elma,"431 E Girard Ave",Philadelphia,PA
10402,"Joey's Table","1200 Callowhill St",Philadelphia,PA
10403,"Tio Abi's Kitchen","23rd & Oregon",Philadelphia,PA
10404,"Leo Restaurant","1414 Spruce St",Philadelphia,PA
10405,"Phở Skyline","910 Christian St",Philadelphia,PA
10406,"Lucas Burger","2101 Chestnut St",Philadelphia,PA
10407,"Antonio’s Italian Specialties","1138 W Ritner St",Philadelphia,PA
10408,"El Amiguito Taco Mobile","1736 Washington Ave",Philadelphia,PA
10409,"Yellow Bicycle Canteen","930 Locust St",Philadelphia,PA
10410,"Cafe Square One","3900 Chestnut St",Philadelphia,PA
10411,"Mighty Bread","1211 Gerritt St",Philadelphia,PA
10412,Mawn,"764 S 9th St",Philadelphia,PA
10413,"Top Hat Coffee Lounge","3131 Walnut St",Philadelphia,PA
10414,"The Hart of Catering & Cafe","2101 Sansom St",Philadelphia,PA
10415,"Lale Mediterranean Grill & Sports Bar","218 South St",Philadelphia,PA
10416,"Lyn's","3600 Spruce St",Philadelphia,PA
10417,"Pitruco Pizza Franklin's Table","3401 Walnut St",Philadelphia,PA
10418,"Sheba's Soul Plate","90 S 44th St",Philadelphia,PA
10419,"Taco Heart","1001 E Passyunk Ave",Philadelphia,PA
10420,"Chucks Homemade Water Ice","1835 Snyder Ave",Philadelphia,PA
10421,"Hikari Sushi","1040 N American St",Philadelphia,PA
10422,"Victor’s Pizza Truck","1902 S 9th St",Philadelphia,PA
10423,"Flores Coffee Shop","1900 W Girard",Philadelphia,PA
10424,"Gouldsburger's Express","100 N 18th St",Philadelphia,PA
10425,"Vessel Coffee Collective","2401 Frankford Ave",Philadelphia,PA
10426,"Rittenhouse Deli & Juice Bar","1510 Sansom St",Philadelphia,PA
10427,"El Caracol Mexican Grill","469 N 10th St",Philadelphia,PA
10428,"Ben's Fast Food","3300 Fairmount Ave",Philadelphia,PA
10429,"Gilda Cafe & Market","300 E Girard Ave",Philadelphia,PA
10430,"Time & Peace Cafe","36 S 7th St",Philadelphia,PA
10431,"Cilantro New Mediterranean Cuisine","613 S 4th St",Philadelphia,PA
10433,"Chiquita's Pizzeria & Mexican Grill","746 Snyder Ave",Philadelphia,PA
10435,"Oregon Express","2700 S Marvine St",Philadelphia,PA
10437,"New Indian Sizzler","939 Spring Garden St",Philadelphia,PA
10438,"Porco's Porchetteria","2204 Washington Ave",Philadelphia,PA
10439,Tonalli,"100 Morris St",Philadelphia,PA
10440,"tamalex restaurant bar & griil","122 Lombard St",Philadelphia,PA
10441,"Mana Modern Chinese","719 N 2nd St",Philadelphia,PA
10442,"La Cocina del Cafe","1500 S Broad St",Philadelphia,PA
10443,"Ristorante Pesto","1915 S Broad St",Philadelphia,PA
10444,"Jimmy's Water Ice","2251 S Front St",Philadelphia,PA
10445,"Fresh Fruit Salad Cart","37th Spruce St",Philadelphia,PA
10447,Olea,"232 Arch St",Philadelphia,PA
10449,"Kungfu Hotpot","1008 Cherry St",Philadelphia,PA
10452,"Brazas BBQ Chicken","326 South St",Philadelphia,PA
10453,"Vineyards Cafe","847 N 16th St",Philadelphia,PA
10454,"Colanzi's Moira' mensing Cafe","1301 W Moyamensing Ave",Philadelphia,PA
10455,"Tin Can Bar","2537 E Somerset St",Philadelphia,PA
10456,"Rosy's Cafe","2218 Walnut St",Philadelphia,PA
10457,"Curry Leaf","2046 Sansom St",Philadelphia,PA
10458,"Blazerz Food Joint","1436 S St",Philadelphia,PA
10459,"Haraz Coffee House","23 W Girard Ave",Philadelphia,PA
10460,Nipotina,"2238 S 21st St",Philadelphia,PA
10461,"Uchi Philadelphia","1620 Sansom St",Philadelphia,PA
10462,Stargazy,"1838 E Passyunk Ave",Philadelphia,PA
10463,"Tacos El Rodeo","1000 Washington Ave",Philadelphia,PA
10464,"The Creperie","1291 W Norris St",Philadelphia,PA
10465,"Koto Sushi","719 Sansom St",Philadelphia,PA
10466,"Pasha's Halal Food","1652 N 2nd St",Philadelphia,PA
10467,"Saami Somi","51 N 12th St",Philadelphia,PA
10468,"Paesano's","943 S 9th St",Philadelphia,PA
10469,"ZIG ZAG BBQ","2111 E York St",Philadelphia,PA
10470,"Yanaga Kappo Izakaya","635 N 3rd St",Philadelphia,PA
10471,"Saigon Grace Cafe","1514-16 S St",Philadelphia,PA
10472,"Bon Kif Grill","627 South St",Philadelphia,PA
10473,"Cucina Zapata","S 31st & Ludlow St",Philadelphia,PA
10474,"la bamba","522 S 5th St",Philadelphia,PA
10475,"Dolce & Caffè","708 N 2nd St",Philadelphia,PA
10476,"El Sabor Restaurant","178 Diamond St",Philadelphia,PA
10477,"South Sichuan","1548 S 19th St",Philadelphia,PA
10478,"Baby’s Kusina + Market","2816 W Girard Ave",Philadelphia,PA
10479,"Sandwich Corner Market","1945 Poplar St",Philadelphia,PA
10480,"Bleri’s Beanery Cafe","1745 S St",Philadelphia,PA
10481,"O'Jung's","1625 2nd St",Philadelphia,PA
10482,"Indian Char House","4612 Woodland Ave",Philadelphia,PA
10483,"Li'l Nick's Deli","1311 W Moyamensing Ave",Philadelphia,PA
10484,"Mike & Matt's Italian Market","1206 Mifflin St",Philadelphia,PA
10485,"Shay's Steaks","200 N 16th St",Philadelphia,PA
10486,"Hi-Lo Taco","1109 Walnut St",Philadelphia,PA
10487,"Greek From Greece","107 N 33rd St",Philadelphia,PA
10488,"México Lindo","700 Moore St",Philadelphia,PA
10489,"The Fairmount Tavern","1700 Fairmount Ave",Philadelphia,PA
10490,"Cocktail Culture Co","16 S 2nd St",Philadelphia,PA
10491,"Dr Thunder Karaoke","",Philadelphia,PA
10492,"Bar Palmina","1306 N Front St",Philadelphia,PA
10493,"Samuel Gritz Public House","629 S 2nd St",Philadelphia,PA
10494,Margolis,"9 W Wildey St",Philadelphia,PA
10495,"Next of Kin ","1414 Frankford Ave",Philadelphia,PA
10496,Almanac,"310 Market St",Philadelphia,PA
10497,"Liberty Garden","50 N Independence Mall E",Philadelphia,PA
10498,"Lucky's Last Chance","848 S 2nd St",Philadelphia,PA
10499,"Our Town Taproom","1519 Ridge Ave",Philadelphia,PA
10500,"Libertee Grounds","1600 W Girard Ave",Philadelphia,PA
10501,"Lion Sports Bar","1021 Arch St",Philadelphia,PA
10502,"Darling Jack's Tavern","104 S 13th St",Philadelphia,PA
10503,"Andra Hem","218 S 16th St",Philadelphia,PA
10504,"Grace and Proper","941 S 8th St",Philadelphia,PA
10505,"Love City Brewing Company","1023 Hamilton St",Philadelphia,PA
10506,"Tapster Philadelphia","110 S 16th St",Philadelphia,PA
10507,"Solar Myth","1131 S Broad St",Philadelphia,PA
10508,"Bar Hygge","1720 Fairmount Ave",Philadelphia,PA
10509,"Good Good Things","11 S 21st St",Philadelphia,PA
10510,"Sassafras Bar","48 S 2nd St",Philadelphia,PA
10511,Enswell,"1528 Spruce St",Philadelphia,PA
10512,"Sonnys Cocktail Joint","1508 South St",Philadelphia,PA
10513,"Cellar Dog","258 S 15th St",Philadelphia,PA
10514,"PHS Pop Up Garden","1438 South St",Philadelphia,PA
10515,"Double Knot","120 S 13th St",Philadelphia,PA
10516,"Little Gay Pub","102 S 13th St",Philadelphia,PA
10517,"Victory Brewing Company Philadelphia","1776 Benjamin Franklin Pkwy",Philadelphia,PA
10518,"Midnight & The Wicked","1500 Sansom St",Philadelphia,PA
10519,"Poison Heart","931 Spring Garden St",Philadelphia,PA
10520,"Human Robot","1710 N 5th St",Philadelphia,PA
10521,"Bud & Marilyn's","1234 Locust St",Philadelphia,PA
10522,"Charlie Was A Sinner","131 S 13th St",Philadelphia,PA
10523,South,"600 N Broad St",Philadelphia,PA
10524,"The Black Taxi","745-747 N 25th St",Philadelphia,PA
10525,"Garage Passyunk","1231 E Passyunk Ave",Philadelphia,PA
10526,"The Ranstead Room","2013 Ranstead St",Philadelphia,PA
10527,"48 Record Bar","48 S 2nd St",Philadelphia,PA
10528,"Fringe Bar","140 N Christopher Columbus Blvd",Philadelphia,PA
10529,"The Library Bar","210 W Rittenhouse Sq",Philadelphia,PA
10530,"Graffiti Bar","124 S 13th St",Philadelphia,PA
10531,Skyhigh,"1 N 19th St",Philadelphia,PA
10532,Barcade,"1326 Chestnut St",Philadelphia,PA
10533,"W XYZ Bar","101 North Broad St",Philadelphia,PA
10534,"The Franklin Mortgage & Investment Company","1715 Rittenhouse Square",Philadelphia,PA
10535,"1 Tippling Place","2006 Chestnut St",Philadelphia,PA
10536,"Writer's Block Rehab","1342 Cypress St",Philadelphia,PA
10537,"Pier Bar","2025 Fairmount Ave",Philadelphia,PA
10538,"Two Locals Brewing","3675 Market St",Philadelphia,PA
10539,"Four Humours","1712 N Hancock St",Philadelphia,PA
10540,Superette,"1538 E Passyunk Ave",Philadelphia,PA
10541,"A Man Full of Trouble","127 Spruce St",Philadelphia,PA
10542,"Union Transfer","1026 Spring Garden St",Philadelphia,PA
10543,"Canalside Manayunk","4164 Main St",Philadelphia,PA
10544,Sally,"2229 Spruce St",Philadelphia,PA
10545,"Pearl & Mary Oyster Bar","114 S 13th St",Philadelphia,PA
10546,"Yards Brewing Company","500 Spring Garden St",Philadelphia,PA
10547,"Le Caveau","614 S 7th St",Philadelphia,PA
10548,"The Tavern Restaurant","243 S Camac St",Philadelphia,PA
10549,"Bonner's Irish Pub","120 S 23rd St",Philadelphia,PA
10550,"Talula's Daily","208 W Washington Square",Philadelphia,PA
10551,"The Lesieur","1523 Sansom St",Philadelphia,PA
10552,"Loch Bar - Philly","301 S Broad St",Philadelphia,PA
10553,"Kelliann's Bar & Grill","1549 Spring Garden St",Philadelphia,PA
10554,"Tattooed Mom","530 South St",Philadelphia,PA
10555,Superfolie,"1602 Spruce St",Philadelphia,PA
10556,"Bob & Barbara's","1509 South St",Philadelphia,PA
10557,"Patchwork Philly","1620 Chancellor St",Philadelphia,PA
10558,"Oscar's Tavern","1524 Sansom St",Philadelphia,PA
10559,"Nightmare Before Tinsel","116 S 12th St",Philadelphia,PA
10560,"Monk's Cafe","264 S 16th St",Philadelphia,PA
10561,"Cherry Street Tavern","129 N 22nd St",Philadelphia,PA
10562,Doom,"421 N 7th St",Philadelphia,PA
10563,"Nite Owl Bar","1225 Vine St",Philadelphia,PA
10564,"Topside Tavern - American Restaurant & Bar","10 S 20th St",Philadelphia,PA
10565,Sorellina,"699 N Broad St",Philadelphia,PA
10566,Static!,"1137 Spruce St",Philadelphia,PA
10567,"The El Bar","1356 N Front St",Philadelphia,PA
10568,Stir,"1705 Chancellor St",Philadelphia,PA
10569,"Franky Bradley's","1320 Chancellor St",Philadelphia,PA
10571,"The Institute Craft Bar & Kitchen","525 N 11th St",Philadelphia,PA
10572,"The Barbary","951 Frankford Ave",Philadelphia,PA
10573,Osteria,"640 N Broad St",Philadelphia,PA
10574,"National Mechanics","22 S 3rd St",Philadelphia,PA
10575,a.bar,"1737 Walnut St",Philadelphia,PA
10576,"SPIN Philadelphia","211 S 15th St",Philadelphia,PA
10577,"Village Whiskey","118 S 20th St",Philadelphia,PA
10578,"Brasil's Nightclub","112 Chestnut St",Philadelphia,PA
10579,"Harper's Garden","31 S 18th St",Philadelphia,PA
10580,"The Trestle Inn","339 N 11th St",Philadelphia,PA
10581,"Green Room","1940 Green St",Philadelphia,PA
10582,"P. J. Clarke's","601 Walnut St",Philadelphia,PA
10583,"The Twisted Tail","509 S 2nd St",Philadelphia,PA
10584,"Locust Bar","235 S 10th St",Philadelphia,PA
10585,"The Mulberry","1835 Arch St",Philadelphia,PA
10586,"Future Days Beer Company","433 Fairmount Ave",Philadelphia,PA
10587,"The Brass Tap","177 Markle St",Philadelphia,PA
10588,"McCusker's Tavern","2601 S 17th St",Philadelphia,PA
10589,"The Boozy Mutt","2639 Poplar St",Philadelphia,PA
10590,"Rhythm & Spirits","1617 John F Kennedy Blvd",Philadelphia,PA
10591,"Attic Brewing Company","137 Berkley St",Philadelphia,PA
10592,"Paulie Gee's Soul City Slice","412 S 13th St",Philadelphia,PA
10593,R&D,"1206 Frankford Ave",Philadelphia,PA
10594,"Fitz On 4th","743 S 4th St",Philadelphia,PA
10595,Alice,"901 Christian St",Philadelphia,PA
10597,"Fountain Porter","1601 S 10th St",Philadelphia,PA
10598,"Otto’s Taproom & Grille","1216 N 29th St",Philadelphia,PA
10599,"Triple Bottom Brewing","915 Spring Garden St",Philadelphia,PA
10600,Prunella,"112 S 13th St",Philadelphia,PA
10601,"Neon Clown Dream Lounge","1248 N Front St",Philadelphia,PA
10602,"The Newsroom","1102 Germantown Ave",Philadelphia,PA
10603,"The Good King Tavern","614 S 7th St",Philadelphia,PA
10604,"Royal Tavern","937 E Passyunk Ave",Philadelphia,PA
10605,"Yards brewing","8500 Essington Ave",Philadelphia,PA
10606,"Bok Bar","800 Mifflin St",Philadelphia,PA
10607,"Miss Saigon","1316 Walnut St",Philadelphia,PA
10608,"Egg's Ale","1201 Race St",Philadelphia,PA
10609,"Green Elephant","1500 Locust St",Philadelphia,PA
10610,"Ball Busters Billiards Room","3265 S 61st St",Philadelphia,PA
10611,"Forest & Main","1416 Frankford Ave",Philadelphia,PA
10612,"Locust Rendezvous","1415 Locust St",Philadelphia,PA
10613,"Vintage Wine Bar","129 S 13th St",Philadelphia,PA
10615,"Bar X","255 S Camac St",Philadelphia,PA
10616,"Ruba Club","416 Green St",Philadelphia,PA
10617,Lorraine,"1502 Brown St",Philadelphia,PA
10618,"Good Dog Bar","224 S 15th St",Philadelphia,PA
10619,"Loco Pez","700 S 20th St",Philadelphia,PA
10620,"La Chinesca","1036 Spring Garden St",Philadelphia,PA
10621,Time,"1315 Sansom St",Philadelphia,PA
10622,"Bar-Ly Chinatown","101 N 11th St",Philadelphia,PA
10623,Vinyl,"215 S 15th St",Philadelphia,PA
10624,"The Board & Brew","3200 Chestnut St",Philadelphia,PA
10625,"McGillin's Olde Ale House","1310 Drury St",Philadelphia,PA
10628,"Strangelove's","216 S 11th St",Philadelphia,PA
10629,"Gather Food Hall","3025 Market St",Philadelphia,PA
10630,"Cosmic Café and Ciderhouse","1 Boathouse Row",Philadelphia,PA
10631,Milkboy,"401 South St",Philadelphia,PA
10632,"Set-It-Off Go Go Bar","2865 N 2nd St",Philadelphia,PA
10633,globar,"1300 Walnut St",Philadelphia,PA
10634,"The Post","129 S 30th St",Philadelphia,PA
10635,"Eagle Bar","3653 Germantown Ave",Philadelphia,PA
10636,"Human Robot Süd","1646 S 12th St",Philadelphia,PA
10637,"Glory Beer Bar & Kitchen","126 Chestnut St",Philadelphia,PA
10638,"Ukrainian League of Philadelphia","800 N 23rd St",Philadelphia,PA
10639,"Middle Child Clubhouse","1232 N Front St",Philadelphia,PA
10640,"Bar 210","211 W Rittenhouse Sq",Philadelphia,PA
10641,"Little Water","261 S 20th St",Philadelphia,PA
10642,Philadium,"1631 Packer Ave",Philadelphia,PA
10643,Stir,"2600 Benjamin Franklin Pkwy",Philadelphia,PA
10644,"Nikki Lopez","304 S St",Philadelphia,PA
10645,"Cartesian Brewing","1326 E Passyunk Ave",Philadelphia,PA
10646,"The Jim","1701 S 8th St",Philadelphia,PA
10648,"Khyber Pass Pub","56 S 2nd St",Philadelphia,PA
10649,"Triangle Tavern","1338 S 10th St",Philadelphia,PA
10650,2637brew,"2637 W Girard Ave",Philadelphia,PA
10651,"North Third","801 N 3rd St",Philadelphia,PA
10652,"Other Half Brewing Philadelphia","1002 Canal St",Philadelphia,PA
10653,"Tequilas Restaurant","1602 Locust St",Philadelphia,PA
10655,"Saint Lazarus","102 W Girard Ave",Philadelphia,PA
10656,"Butcher Bar","2034 Chestnut St",Philadelphia,PA
10657,"The Sidecar Bar & Grille","2201 Christian St",Philadelphia,PA
10658,"1518 Bar & Grill","1518 Sansom St",Philadelphia,PA
10659,"Brauhaus Schmitz","718 South St",Philadelphia,PA
10660,"Buena Vista Restaurant & Cantina - Philadelphia","767 S 9th St",Philadelphia,PA
10661,Avana,"2200 Benjamin Franklin Pkwy",Philadelphia,PA
10662,"Tavern On Camac","243 S Camac St",Philadelphia,PA
10663,"The Plough & the Stars","123 Chestnut St",Philadelphia,PA
10664,"Hilltown Tavern - Fairmount","795 N 24th St",Philadelphia,PA
10665,"Frankford Tiki Bar","1431 Frankford Ave",Philadelphia,PA
10666,"The Bishop's Collar","2349 Fairmount Ave",Philadelphia,PA
10667,"Con Murphy's","1700 Benjamin Franklin Pkwy",Philadelphia,PA
10668,"Drury Beer Garden","1311 Sansom St",Philadelphia,PA
10669,Juno,"1033 Spring Garden St",Philadelphia,PA
10670,Encore,"4002 W Girard Ave",Philadelphia,PA
10671,"The Black Sheep Pub & Restaurant","247 S 17th St",Philadelphia,PA
10672,"Bodega Bar","1223 Walnut St",Philadelphia,PA
10673,Haunt,"1123 Walnut St",Philadelphia,PA
10674,Wishbone,"210 S 13th St",Philadelphia,PA
10675,"The Winston","461 N 3rd St",Philadelphia,PA
10676,"Balcony At the Trocadero","1003 Arch St",Philadelphia,PA
10677,"Underground Arts","1200 Callowhill St",Philadelphia,PA
10679,"Céline","1224 Walnut St",Philadelphia,PA
10680,"Assembly Rooftop Lounge","1840 Benjamin Franklin Pkwy",Philadelphia,PA
10681,"Independence Beer Garden","100 S Independence Mall W",Philadelphia,PA
10682,"U Bar","1220 Locust St",Philadelphia,PA
10683,"Five Iron Golf","2116 Chestnut St",Philadelphia,PA
10684,"Luxor Cafe & Hookah Lounge","132 S 45th St",Philadelphia,PA
10685,"Philly Star Events","1315 Walnut St",Philadelphia,PA
10686,"Silk City Diner & Lounge","435 Spring Garden St",Philadelphia,PA
10688,"Cappelli Brothers Cigar Company","211 S 13th St",Philadelphia,PA
10689,"Sura Indian Bistro","1726 Chestnut St",Philadelphia,PA
10690,"Black Squirrel Club","1045 Sarah St",Philadelphia,PA
10691,"The Tusk","430 South St",Philadelphia,PA
10692,"Booze Brothers Philly","",Philadelphia,PA
10693,"El Segundo Piso","700 Bainbridge St",Philadelphia,PA
10694,"Five Iron Golf","27 E Allen St",Philadelphia,PA
10695,"World Cafe Live","3025 Walnut St",Philadelphia,PA
10696,"Positano Coast by Aldo Lamberti","212 Walnut St",Philadelphia,PA
10697,"The Fillmore Philadelphia","29 E Allen St",Philadelphia,PA
10698,"Cuba Libre Restaurant & Rum Bar","10 S 2nd St",Philadelphia,PA
10699,"Room 148 Restaurant and Lounge","148 South St",Philadelphia,PA
10700,"The 700","700 N 2nd St",Philadelphia,PA
10701,"Infusion Lounge","16 S 2nd St",Philadelphia,PA
10702,"Wissahickon Brewing","1526 N American St",Philadelphia,PA
10703,"Flight Club Philadelphia","1417 Walnut St",Philadelphia,PA
10704,"Bye Bye Liver","1253 N Front St",Philadelphia,PA
10705,"Ios Restobar","2028 Fairmount Ave",Philadelphia,PA
10706,"Vernick Food & Drink","2031 Walnut St",Philadelphia,PA
10707,"The Dive Bar","947 E Passyunk Ave",Philadelphia,PA
10710,"Pizzeria Vetri","1615 Chancellor St",Philadelphia,PA
10711,"SideQuest Theater","2030 Sansom St",Philadelphia,PA
10712,"Brooklyn Dumpling Shop","1504 Sansom St",Philadelphia,PA
10713,"Kif's Sports Bar and Hookah Lounge","6142 Market St",Philadelphia,PA
10714,"Pink Elephant - Valentine’s Day Bar","1500 Locust St",Philadelphia,PA
10715,"Yakitori Boy","211 N 11th St",Philadelphia,PA
10716,MilkBoy,"1100 Chestnut St",Philadelphia,PA
10717,"Minute Suites","Terminal A-B Link",Philadelphia,PA
10718,"Sumo Lounge at Raw","1225 Sansom St",Philadelphia,PA
10719,"Two Street Cafe","901 Market St",Philadelphia,PA
10720,"Lair KTV | Sky Club","1025 Arch St",Philadelphia,PA
10721,"Circ Lounge at the Philadelphia Marriott Downtown","1201 Market St",Philadelphia,PA
10722,"Punch Line Philly","33 E Laurel St",Philadelphia,PA
10723,"Helium Comedy Club","2031 Sansom St",Philadelphia,PA
10724,"Warehouse on Watts","923-29  N Watts St",Philadelphia,PA
10725,"F1 Arcade Philadelphia","1330 Chestnut St",Philadelphia,PA
10726,"Purple Orchid","3275 S 61st St",Philadelphia,PA
10727,"Urban Saloon","2120 Fairmount Ave",Philadelphia,PA
10728,"Lucy’s","1720 Chestnut St",Philadelphia,PA
10729,"VYCE Social Club","3001-B Castor Ave",Philadelphia,PA
10730,Play2,"1526 Packer Ave",Philadelphia,PA
10731,"Pen and Pencil","1522 Latimer St",Philadelphia,PA
10732,"Tokio Headhouse","122 Lombard St",Philadelphia,PA
10733,"Alimentari ","1730 Chestnut St",Philadelphia,PA
10734,"Chase Sapphire Reserve Lounge","8500 Essington Ave",Philadelphia,PA
10735,Insatiable,"1200 S 21st St",Philadelphia,PA
10736,"Via Locusta","1723 Locust St",Philadelphia,PA
10737,"Frankford Hall","1210 Frankford Ave",Philadelphia,PA
10738,Oloroso,"1121 Walnut St",Philadelphia,PA
10739,"Samba Steakhouse","1111 Locust St",Philadelphia,PA
10740,"Blue Cross RiverRink Winterfest","101 S Columbus Blvd",Philadelphia,PA
10741,"Cosmopolitan Club Phila","1616 Latimer St",Philadelphia,PA
10744,Barcade,"1114 Frankford Ave",Philadelphia,PA
10745,"Chris' Jazz Cafe","1421 Sansom St",Philadelphia,PA
10746,"Buffalo Billiards","118 Chestnut St",Philadelphia,PA
10747,Tesiny,"719 Dickinson St",Philadelphia,PA
10748,"The Ave Live","520 N Christopher Columbus Blvd",Philadelphia,PA
10749,"Craftsman Row Saloon","112 S 8th St",Philadelphia,PA
10750,"Ken's Seafood Restaurant","1004 Race St",Philadelphia,PA
10751,"Reef Restaurant & Lounge","605 S 3rd St",Philadelphia,PA
10752,"Mr Hollywood DJ","",Philadelphia,PA
10753,"Room 12 Lounge","1200 Sansom St",Philadelphia,PA
10754,"Bar Philidelphia","1309 Sansom St",Philadelphia,PA
10755,"Uptown Beer Garden","1500 John F Kennedy Blvd",Philadelphia,PA
10756,"Pub 1301","1301 Race St",Philadelphia,PA
10757,"His & Hers Restaurant & Bar","216 S St",Philadelphia,PA
10758,"Xfinity Live! Philadelphia","1100 Pattison Ave",Philadelphia,PA
10759,"Woody's","202 S 13th St",Philadelphia,PA
10760,"Wicked Wolf Philadelphia","1214 Chestnut St",Philadelphia,PA
10761,"Funcab Karaoke Taxi","232 Market St",Philadelphia,PA
10762,"Sera Phi","941 N Front St",Philadelphia,PA
10763,Encore,"112 Chestnut St",Philadelphia,PA
10764,"The Lodge","738 S 11th St",Philadelphia,PA
10765,"Morgan's Pier","221 N Columbus Blvd",Philadelphia,PA
10766,"3j's Cafe","317 Market St",Philadelphia,PA
10767,"Tu Rinconcito","17 N 3rd St",Philadelphia,PA
10768,"Olivier Cafe","50 S 3rd St",Philadelphia,PA
10769,"The Angelo Pizza","229 Market St",Philadelphia,PA
10770,Zahav,"237 St James Pl",Philadelphia,PA
10771,"Bop Kosh Deli TEMP","",Philadelphia,PA
10772,"Masala Fusion","14 N 3rd St",Philadelphia,PA
10773,"Buena Vista Mexican Restaurant","123 Chestnut St",Philadelphia,PA
10774,Malooga,"134 Chestnut St",Philadelphia,PA
10775,"Tomo Sushi & Ramen","228 Arch St",Philadelphia,PA
10776,"Cuor di Caffè","100 Market St",Philadelphia,PA
10777,"Ogawa Sushi & Kappo","310 Market St",Philadelphia,PA
10778,"Cafe Square One","311 Market St",Philadelphia,PA
10779,"Buk Chon Korean Cuisine","132 Chestnut St",Philadelphia,PA
10780,Forsythia,"233 Chestnut St",Philadelphia,PA
10781,"Hangry Joe’s Hot Chicken","300 Market St",Philadelphia,PA
10782,"Eggcellent Cafe","113 Chestnut St",Philadelphia,PA
10783,"Sue's Market","275 St James Pl",Philadelphia,PA
10784,"IDK Philly","6 N 3rd St",Philadelphia,PA
10785,FRIEDA,"320 Walnut St",Philadelphia,PA
10786,"Oh Brother Philly","206 Market St",Philadelphia,PA
10787,"Tuna Bar","205 Race St",Philadelphia,PA
10788,"T cafe","108 Chestnut St",Philadelphia,PA
10789,Oishii,"138 Chestnut St",Philadelphia,PA
10790,"117 Restaurant And Brewery","117 Chestnut St",Philadelphia,PA
10791,"Cafe Olé","147 N 3rd St",Philadelphia,PA
10792,"City Pizza","8 N 3rd St",Philadelphia,PA
10793,"Viva Pizzas","215 Chestnut St",Philadelphia,PA
10794,"Halal Food Truck","3 N 4th St",Philadelphia,PA
10795,Amada,"217 Chestnut St",Philadelphia,PA
10796,"European Republic","213 Chestnut St",Philadelphia,PA
10797,Buddakan,"325 Chestnut St",Philadelphia,PA
10798,"Han Dynasty","110 Chestnut St",Philadelphia,PA
10799,"Bronze Table","111 S Independence Mall E",Philadelphia,PA
10801,"Tacobee's","236 Market St",Philadelphia,PA
10802,"Royal Boucherie","52 S 2nd St",Philadelphia,PA
10803,"Las Bugambilias","15 S 3rd St",Philadelphia,PA
10804,"Starr Restaurants","325 Chestnut St",Philadelphia,PA
10805,"Evergreen Deli","46 S 4th St",Philadelphia,PA
10806,"Society Commons","1 Dock St",Philadelphia,PA
10807,"Bacon on a Stick","",Philadelphia,PA
10808,"Nick's Bar and Grille","16 S 2nd St",Philadelphia,PA
10809,"Sonny's Famous Steaks","228 Market St",Philadelphia,PA
10810,"Race Street Cafe","208 Race St",Philadelphia,PA
10811,"Almost Home General","205 Race St",Philadelphia,PA
10812,"Bricco Pizza Romana","111 S Independence Mall E",Philadelphia,PA
10813,"Vista Peru","20 S 2nd St",Philadelphia,PA
10814,"Society Hill Hotel","301 Chestnut St",Philadelphia,PA
10815,StudioKitchen,"236 N 2nd St",Philadelphia,PA
10816,Fork,"306 Market St",Philadelphia,PA
10817,"Black Hen Fried Chicken","120 Chestnut St",Philadelphia,PA
10818,"Philly's Gourmet Steaks","114 Market St",Philadelphia,PA
10819,"Coffee Tea & Company","301 Market St",Philadelphia,PA
10820,"La Famiglia Ristorante","8 S Front St",Philadelphia,PA
10821,"Red Owl Tavern","433 Chestnut St",Philadelphia,PA
10822,Panorama,"14 N Front St",Philadelphia,PA
10823,"Baby Buns Philly","111 S Independence Mall E",Philadelphia,PA
