6468,"Roar Nightclub",http://www.roarphilly.com/
6469,Concourse,https://www.concoursedancebar.com/
6470,"Playroom Nightclub",http://www.playroomphl.com/
6471,"Brasil's Nightclub",http://www.brasilsnightclub-philly.com/
6473,"Euphoria Night Club",https://www.euphoriaphilly.com/
6476,"The Trestle Inn",http://thetrestleinn.com/
6477,Fabrika,https://fabrikaphilly.com/?utm_source=gmb
6478,"Dolphin Tavern",http://www.dolphinphilly.com/
6479,"Helium Comedy Club",http://philadelphia.heliumcomedy.com/
6481,"The 700",http://www.philly700.com/
6482,"Mr. Ivy",https://mrivyphiladelphia.com/
6485,Ruba,https://rubaclub.org/home
6487,"Pyramid Club",https://www.invitedclubs.com/clubs/pyramid-club
6489,"Silk City",http://www.silkcityphilly.com/
6490,"The Winston Social Club",https://www.thewinstonphilly.com/
6491,"The Oasis",https://oasisclubphilly.com/
6492,"Butcher Bar",http://butcherbarphilly.com/
6493,"Harp & Crown",https://harpcrown.com/
6494,"McGillin's Olde Ale House",http://www.mcgillins.com/
6495,Time,https://www.timerestaurant.net/
6497,"Ray's 'Happy Birthday' Bar",http://www.thehappybirthdaybar.com/
6498,"Bonner's Irish Pub",http://www.conmurphyspub.com/
6499,"The Ranstead Room",https://ransteadroom.com/?utm_source=GoogleBusinessProfile&utm_medium=Website&utm_campaign=MapLabs
6500,"Oscar's Tavern",https://ojungs215.wixsite.com/ojungs
6502,"Victory Brewing Company Philadelphia",https://philadelphia.victorybeer.com/
6503,"Andra Hem",http://www.andrahem.com/
6504,BAR,http://barphiladelphia.com/
6505,"Strangelove's",http://strangelovesbeerbar.com/
6506,"Good Dog Bar",http://www.gooddogbar.com/
6507,"The Love.",https://theloverestaurant.com/?utm_source=GoogleBusinessProfile&utm_medium=Website&utm_campaign=MapLabs
6508,"The Library Bar",https://www.rittenhousehotel.com/dining/librarybar
6509,"Wicked Wolf",http://www.wickedwolfphiladelphia.com/
6511,Almanac,http://almanacphilly.com/
6512,"Grace & Proper",http://www.graceandproper.com/
6513,"The Dandelion",https://thedandelionpub.com/?utm_source=GoogleBusinessProfile&utm_medium=Website&utm_campaign=MapLabs
6514,"1 Tippling Place",http://1tpl.com/
6515,"Poison Heart",https://www.poisonheartbar.com/
6517,"Céline",https://www.hhvenues.com/celine/
6518,STATIC!,https://www.instagram.com/static_phl?igsh=MnFyYXE0dTdvNmM0
6519,"R&D Cocktail Bar",http://rdphilly.com/
6520,"Flight Club Philadelphia",https://www.flightclubdartsusa.com/philadelphia/philadelphia
6521,a.kitchen+bar,http://www.akitchenandbar.com/
6522,"Sonny's Cocktail Joint",https://www.sonnyscocktailjoint.com/
6523,a.bar,http://www.abarphl.com/
6524,"Cloud Factory Hookah Lounge",https://www.cloudfactoryhookah.com/
6525,"Orient Hookah Lounge",http://www.orientphilly.com/
6526,"Mirage Lounge Philadelphia",http://www.mirageloungephilly.com/
6527,"Luna Lounge",https://lunaloungephilly.com/
6528,"Bleu Martini",http://www.bleumartiniphilly.com/
6529,"LUXOR CAFE & HOOKAH LOUNGE",https://www.luxorcafee.com/
6530,"Infusion Lounge - Philly's Best Cocktails, Hookahs & Cigars",http://www.infusionphilly.com/
6531,"His & Hers Restaurant Bar",https://hisandherslounge.com/
6533,Byblos,http://www.byblosrestaurantandhookahbar.com/
6536,"Alamodak Restaurant and Hookah bar",https://www.alamodakrestauranthookahbar.com/?utm_source=gbp
6537,"Risque Hookah Lounge and Bar",http://www.risquehookahlounge.com/
6538,"Prime Fusion Afro Grill & Lounge",https://primefusionlounge.com/
6539,Dahlak,http://www.dahlakrestaurant.com/
6541,"Assembly Rooftop Lounge",https://www.assemblyrooftop.com/
6542,Stratus,https://www.stratuslounge.com/
6544,"Attico Rooftop",http://www.atticorooftop.com/
6545,"BILLIONAIRE Cocktail Lounge",http://thebillionairelounge.com/
6546,"Sapphire Caribbean Restaurant & Lounge",http://www.sapphirevibe.com/
6547,"5th Street Lounge",https://m.facebook.com/fifthstreetlounge/
6548,"Reef Restaurant & Lounge",http://phillyreef.com/
6549,"Chase Sapphire Lounge by The Club Philadelphia",http://chase.com/sapphireairportlounge?y_source=1_MTA5NzgwNDc2MC03MTUtbG9jYXRpb24ud2Vic2l0ZQ%3D%3D
6550,Skyhigh,https://www.skyhighphiladelphia.com/?utm_source=google&utm_medium=organicsearch&utm_campaign=tor-phi-fab-mid-seo-na&utm_content=na-na&utm_term=na
6551,"The Continental Mid-town",https://continentalmidtown.com/?utm_source=GoogleBusinessProfiles&utm_medium=Website&utm_campaign=MapLabs
6552,"The Deck Philly",http://www.thetavernphilly.com/
6553,"Harper's Garden",http://harpersgardenphilly.com/
6554,"El Techo",http://condesaphilly.com/el-techo/
6555,"Revolution House",http://www.revolutionhouse.com/
6556,"Standard Tap",http://www.standardtap.com/
6557,"Topside Tavern",http://www.topsidetavern.com/
6558,"Jean-Georges Philadelphia",https://www.jean-georgesphiladelphia.com/?utm_source=google&utm_medium=organicsearch&utm_campaign=tor-phi-fab-mid-seo-na&utm_content=na-na&utm_term=na
6559,Lark,http://www.larkpa.com/
6561,"The Franklin Mortgage & Investment Company",https://www.thefranklinbar.com/
6562,"Midnight & The Wicked",https://www.midnightmkt.ca/
6563,Sassafras,https://www.sassafrasbar.com/
6565,"Graffiti Bar",http://www.sampanphilly.com/
6566,"The Newsroom Philly",https://www.newsroomphilly.com/
6567,"Pen & Pencil Club",http://www.penandpencil.org/
6568,"World Cafe Live",http://worldcafelive.com/
6569,"Union Transfer",https://utphilly.com/
6570,"SOUTH Restaurant & Jazz Club",https://www.southjazzkitchen.com/
6572,"The Fire",https://www.firephilly.com/
6573,"Underground Arts",https://undergroundarts.org/
6574,VINYL,http://vinylphilly.com/
6575,"Kimmel Center for the Performing Arts",http://www.ensembleartsphilly.org/
6576,"Ardmore Music Hall",https://www.ardmoremusichall.com/
6577,"The Twisted Tail",https://thetwistedtail.com/
6578,"MilkBoy Philadelphia",http://www.milkboyphilly.com/
6579,"Ortlieb's",http://www.ortliebsphilly.com/
6580,"Johnny Brenda's",http://www.johnnybrendas.com/
6581,"Talula's Garden",http://www.talulasgarden.com/?utm_source=Google%20My%20Business&utm_medium=Website%20Button
6582,Parc,https://parc-restaurant.com/?utm_source=GoogleBusinessProfile&utm_medium=Website&utm_campaign=MapLabs
6583,"Little Nonna's",http://littlenonnas.com/
6584,"Butcher and Singer",https://butcherandsinger.com/?utm_source=GoogleBusinessProfile&utm_medium=Website&utm_campaign=MapLabs
6585,"Grandma's Philly",http://www.grandmasphilly.com/
6586,"Bud & Marilyn's",http://budandmarilyns.com/
6587,"Square 1682",https://www.square1682.com/
6588,Zahav,http://www.zahavrestaurant.com/
6589,Fork,http://www.forkrestaurant.com/
6590,"Darling Jack's Tavern",http://www.darlingjacks.com/
6591,"Osteria Ama Philly",http://osteriaama-philly.com/
6592,"Cuba Libre Restaurant & Rum Bar",https://www.cubalibrerestaurant.com/en/orlando/
6593,"Estia Restaurant",http://www.estiarestaurant.com/
6594,"Del Frisco's Double Eagle Steakhouse",https://www.delfriscos.com/location/del-friscos-double-eagle-steakhouse-philadelphia-pa/
6595,"Barclay Prime",http://www.barclayprime.com/?utm_source=GoogleBusinessProfile&utm_medium=Website&utm_campaign=MapLabs
6596,"Vetri Cucina",http://www.vetricucina.com/
6597,Provenance,https://provenancephl.com/
6598,Wilder,https://wilderphilly.com/
6599,"Alpen Rose",https://www.alpenrosephl.com/
6600,"Lacroix Restaurant at The Rittenhouse",https://www.lacroixrestaurant.com/
6601,Morimoto,https://morimotorestaurant.com/?utm_source=GoogleBusinessProfile&utm_medium=Website&utm_campaign=MapLabs
6602,"Ambra Restaurant",http://ambraphilly.com/
6603,"Vernick Food & Drink",https://www.vernickphilly.com/vernick-food-and-drink
6605,"Saloon Restaurant",https://www.saloonrestaurant.net/
6606,"Ocean Prime",https://www.ocean-prime.com/locations-menus/philadelphia
6607,"Friday Saturday Sunday",http://fridaysaturdaysunday.com/
6608,"Eddie V's Prime Seafood",https://www.eddiev.com/locations/pa/king-of-prussia/king-of-prussia/8522?cmpid=br:ev_ag:ie_ch:loc_ca:EVGMB_sn:gmb_gt:king-of-prussia-pa-8522_pl:locurl_rd:1021
6609,Panorama,https://www.panoramawinebar.com/
6610,"Her Place Supper Club",http://www.herplacephilly.com/
6611,Osteria,https://www.osteriaphilly.com/
6612,"The Victor Café",http://victorcafe.com/
6613,"Fiorella Pasta",https://fiorellaphilly.com/
6614,"Villa di Roma",http://www.villadiroma.com/
6615,"Giorgio On Pine",https://www.giorgio-on-pine.com/
6616,"La Nonna",http://ristorantelanonna.com/
6617,"Dante & Luigi's",http://www.danteandluigis.com/
6618,"Bistro Romano",http://www.bistroromano.com/
6619,"Le Virtù",http://www.levirtu.com/
6620,"Ralph's Italian Restaurant",http://www.ralphsrestaurant.com/
6621,"Palizzi Social Club",https://palizzisocial.com/
6622,Bellini,https://belliniphiladelphia.com/
6625,"Popi's Restaurant",http://www.popisrestaurant.com/
6626,"Double Knot",https://www.doubleknotphilly.com/
6628,"Royal Sushi & Izakaya",http://royalizakaya.com/
6629,"Kura Revolving Sushi Bar",https://kurasushi.com/locations/philadelphia-pa
6630,"Fat Salmon Sushi",http://www.fatsalmonsushi.com/
6631,"Nakama Japanese Cuisines & Omakase",https://exploretock.com/nakama-japanese-cuisines--omakase-philadelphia
6632,"Ogawa Sushi & Kappo",https://www.ogawaphilly.com/
6633,"UNI Japanese Cuisine | Japanese, Hibachi & Ramen Restaurant",https://uniphiladelphia.com/
6634,"Shiso Noodle and Sushi Bar",https://shisonoodleandsushi.com/?utm_source=google
6635,Zama,http://www.zamaphilly.com/
6636,"Umami Steak and Sushi Bar",https://umamisteakandsushi.com/?utm_source=google
6637,"Chubby Nori | Sushi & Handroll Bar",https://chubbygroup.com/project/chubby-nori-philly/
6638,"Bleu Sushi",http://www.bleusushi.com/
6639,"Samurai Japanese Restaurant",https://shintolafayette.com/
6640,"Yuhiro Omakase Sushi",https://www.yuhirosushi.com/
6641,"KIRIN HOUSE",https://www.kirinhousephilly.com/
6643,"Tomo Sushi & Ramen",http://tomosushiandramen.com/
6644,"637 Philly Sushi Club",https://www.ykisushi.com/637phillysushiclub
6645,"Shinto Japanese Sushi & Hibachi",https://shintophiladelphia.com/
6646,"Fuji Mountain Japanese Restaurant",http://www.fujimt.com/
6647,"Yanaga Kappo Izakaya",https://www.ykisushi.com/
6648,"Gyu-Kaku Japanese BBQ",http://www.gyu-kaku.com/philadelphia
6649,"Umai Umai",https://www.umai-umai.com/menus/
6650,"Kissho House Japanese Cuisine & Omakase",https://www.kisshohouse.com/
6651,"Taku Japanese Steakhouse",https://www.takukop.com/
6652,"Shay’s Steaks",https://shayssteaks.shop/
6653,"Steak 48",https://www.steak48.com/steakhouses/philadelphia/?utm_source=google&utm_medium=organic&utm_campaign=gmb
6654,"Sullivan's Steakhouse",https://sullivanssteakhouse.com/king-of-prussia/
6655,"Fogo de Chão Brazilian Steakhouse",https://fogodechao.com/location/philadelphia/
6656,"Urban Farmer Philadelphia",https://www.urbanfarmersteakhouse.com/
6657,"NaBrasa Brazilian Steakhouse",https://nabrasa.com/locations/philadelphia/
6658,"Geno's Steaks",https://www.genosteaks.com/
6659,"Malbec Argentine Steakhouse",http://www.malbecsteakhouse.com/
6660,"Joey Chops",https://joeychops.com/
6662,"SY'S SOULFOOD PALACE",https://www.syspalacesoulfood.com/
6665,"Butter's Soul Food To Go",https://www.butterssoulfood.com/
6666,"Sheba's Soul Plate restaurant",https://www.shebassoulplate.com/
6667,"Tyemeka's Soul Food Restaurant",https://tyemekassoulfood.menufy.com/
6668,"Soul Greedy",https://www.toasttab.com/local/order/soulgreedy215/r-aa24f4f8-43f7-4620-812f-0f73118864df
6669,"Corinne's Place",http://www.mikesplacerestaurant.com/
6670,"Sweet Lucy's Smokehouse",http://www.sweetlucys.com/
6672,"Crafty Soul",https://craftysoulfoodphilly.com/
6674,"Love & Honey Fried Chicken",https://www.loveandhoneyfriedchicken.com/
6675,"Emmanuel Kings & Queens of Soul Food",https://instagram.com/emmanuel_soul_food?igshid=1u1jwjw53jyw
6679,"Quality Taste Jamaican Restaurant & Jerk Hut",https://qualitytastejamaican.cfd/
6680,"Caribbean Feast Cuisine",https://caribbeanfeastrestaurant.com/
6681,"48th Street Grille",http://www.48thstreetgrille.com/
6682,"Jamaican D's Kitchen and Catering",https://www.instagram.com/jamaican_ds?igsh=MWgydnd6c21nZ3pyaA==
6683,"Irie Entree",http://www.irieentree.com/
6686,"Ron's Caribbean Cafe",http://phillyrons.com/
6687,"Ron's Caribbean Cuisine",https://www.phillyrons.com/
6688,"Ocho Rios Parrilla",https://ochoriosparilla1710.com/
6690,"K & J Caribbean American Diner",http://kjcaribbeanamericandiner.com/
6692,"Reggae Reggae Vibes",http://www.reggaereggaevibes.com/
6693,"SHANAS CARIBBEAN CAFE",https://shanascaribbeancafe.com/
6695,"Top Taste",https://top-taste.shop/
6696,"Tierra Colombiana Restaurant",http://tierracolombianarestaurant.com/
6697,"Le Mandingue African Restaurant",https://www.lemandingue.com/
6699,"SUYA SUYA West African Grill",http://www.suyasuya.co/
6700,"Chateau Rouge",https://chateaurougephilly.com/
6701,"Eatwell Philly - African Restaurant and Lounge",http://www.eatwellphilly.com/
6702,"African Small Pot",https://africansmallpot1.com/
6703,"The Saints Restaurant and Lounge",http://www.thesaintsphl.com/
6704,"Sahara Restaurant",http://ordersahararestaurant.com/
6705,"TOUBA African Restaurant",https://usamapsdet.top/details/touba-african-restaurant-ChIJpbn
6706,"Soul of Africa Restaurant LLC",https://soulofafricarestaurant.com/?utm_source=google
6707,"Emma’s Liberian Kitchen",https://emmaliberiankitchen.com/
6708,"New Era Cuisine",https://food.orders.co/1vxelaie?y_source=1_MjAxNTA3MjY1Mi03MTUtbG9jYXRpb24ud2Vic2l0ZQ%3D%3D
6710,"The Motherland Cuisine",http://www.motherlandrestaurant.com/
6711,"Djoliba Restaurant",https://www.tiktok.com/@djolibarestaurantphilly?_t=8rgHA8xYvyJ&_r=1
6713,"Aku's Kitchen",http://akuskitchen.com/
6715,"Almaz Cafe",http://almazcafes.com/
6716,Abyssinia,http://www.abyssiniabarandrestaurant.com/
6717,"Kaffa Crossing",https://qmenu.us/#/kaffa-crossing-ethiopian
6718,"Eshkol Ethiopian Cuisine & Cafe",https://eshkolcuisine.com/
6719,"Amsale Cafe",http://www.amsalecafe.com/
6720,Gojjo,http://www.gojjo.us/
6721,"Queen of Sheba",http://queenofshebaphiladelphia.com/
6722,"Doro Bet",http://dorobetphilly.com/
6723,"Alif Brew & Mini Mart Inc.",https://www.alifamilyrestaurants.com/
6724,ERA,https://haklilu.github.io/Era-Bar-and-Restaurant/
6725,"Zuzu's Kitchen",http://www.zuzuskitchenphilly.com/
6727,"Mixto Restaurante",https://mixtorestaurante.com/
6728,"Mamajuana Cafe Philly",http://www.mamajuanacafephilly.com/
6729,LMNO,https://lmnophilly.com/?utm_source=GoogleBusinessProfile&utm_medium=Website&utm_campaign=MapLabs
6730,"El Fogon Latino Restaurant",https://order.online/business/el-fogon-latino-restaurant-997026
6732,Bolo,https://bolophl.com/
6733,"Izlas Puertorican Cuisine",https://food.orders.co/izlaslatincuisine
6734,"Bar Bombón",http://barbombon.com/
6736,"Paladar Latin Kitchen & 610 SOCIAL Bar + Lounge",https://paladarlatinkitchen.com/
6737,"Bodega Bar & Kitchen",https://bodegaphilly.com/
6738,"El Vez",https://elvezrestaurant.com/?utm_source=GoogleBusinessProfile&utm_medium=Website&utm_campaign=MapLabs
6739,"Latin American Restaurant",https://www.instagram.com/latinamerican1inc/
6740,"El Sabor Restaurant",https://instagram.com/elsabor.restaurant?utm_medium=copy_link
6741,"El Rey",http://elreyrestaurant.com/?utm_source=GoogleBusinessProfile&utm_medium=Website&utm_campaign=MapLabs
6743,"Parada Maimon",https://paradamaimon.shop/
6744,"El Fuerte de Loreto Philly",http://www.elfuertedeloretophilly.com/
6745,"South Philly Barbacoa",https://chefcristinamartinez.com/restaurantes-y-experiencias/south-philly-barbacoa/
6746,"El Chingon Philly",https://www.elchingonphilly.com/
6747,"Las Bugambilias",http://lasbugambiliasphilly.com/
6748,"Tu Rinconcito",https://turinconcitophilly.com/
6749,"Tacoteca Mexican Grill",https://tacotecamexicangrill.toast.site/
6750,"Cantina Dos Segundos",http://www.cantinadossegundos.com/
6751,"Tequilas Casa Mexicana",http://www.tequilasphilly.com/
6752,"El Mictlan Restaurant",https://elmictlanrestaurantpa.com/
6753,"Tamalex Bar & Grill",http://www.tamalexbarandgrill.com/
6754,"La Jefa Café",https://lajefaphilly.com/
6755,"El Mezcal Cantina",http://elmezcalcantina.us/
6756,"Mission Taqueria",http://www.missiontaqueria.com/
6757,"Jose Pistola's",https://www.pistolaslife.com/
6758,"Don Barriga",http://donbarriga.com/
6760,Kanella,http://kanellarestaurant.com/
6761,"Spice Finch",http://www.spicefinchphilly.com/
6762,"Suraya Restaurant",http://surayaphilly.com/
6763,Barbuzzo,http://barbuzzo.com/
6764,"Paprica Grill",https://papricagrill.com/
6766,Malooga,http://maloogacatering.com/
6767,"Casablanca Mediterranean Grill",http://www.casablanca-grill.com/
6768,Mona,https://monaphilly.com/?utm_source=google&utm_medium=organic&utm_campaign=google_business
6769,Marrakesh,https://marrakesh-philadelphia.club/
6770,Bastia,https://www.bastiafishtown.com/
6771,Dizengoff,http://www.dizengoffphilly.com/
6772,Emmett,https://www.emmettphilly.com/
6773,Olea,http://oleaphilly.com/
6774,"Apricot Stone BYOB",http://www.apricotstonephilly.com/
6775,"Zorba's Tavern",http://www.zorbastavern.com/
6776,"Almyra Restaurant",https://www.almyrarestaurant.com/
6777,"Sahara Grill",https://www.saharagrillphiladelphia.com/
6778,"Kamals Middle Eastern Cuisine",https://www.kamalsmiddleeasterncuisine.com/
6779,"Bon Kif Grill",http://www.bonkifgrill.com/
6780,"Cafe La Maude",http://www.cafelamaude.com/
6781,"Laser Wolf",http://laserwolfphilly.com/
6782,"Sang Kee Peking Duck House",http://www.sangkeechinatown.com/
6783,"EMei 峨嵋",https://www.emeiphilly.com/
6784,"Nom Wah Philadelphia",http://nomwah.com/
6785,"Dim Sum Garden",http://www.dimsumgardenphilly.com/
6786,"Ji Bei Chuan Philly",https://www.jbcphilly.com/
6787,"Dim Sum House By Jane G's - Rittenhouse",http://dimsum.house/
6788,"Nan Zhou Hand Drawn Noodle House",http://www.nanzhounoodle.com/
6789,"Ting Wong",http://www.tingwongphilly.com/?utm_source=google&utm_medium=search
6790,"Han Dynasty - Old City",http://www.handynasty.net/oldcity
6791,Buddakan,https://buddakan.com/?utm_source=GoogleBusinessProfile&utm_medium=Website&utm_campaign=MapLabs
6795,"Grand Palace Restaurant",http://www.grandpalacechineserestaurant.com/
6797,"DanDan Rittenhouse",http://dandanrestaurant.com/
6798,"China Gourmet",http://www.chinagourmetphillypa.com/
6799,Sampan,https://www.sampanphilly.com/
6800,"Lee How Fook",http://leehowfook.com/
6801,"Bai Wei",http://baiwei1038.com/
6802,Kalaya,http://kalayaphilly.com/
6803,"Chatayee Thai",https://chatayeethai.com/
6804,"JJ Thai Cuisine",http://www.jjthaicuisine.com/
6805,Dara,http://www.daraphilly.com/
6806,"Ratchada Thai & Laos Cuisine",http://www.ratchada.net/
6807,"Every Thai",https://everythaiphilly.com/
6808,"Pattaya Thai Cuisine",http://www.pattayarestaurant.com/
6809,"Erawan Thai Cuisine (Philadelphia)",http://www.erawanphiladelphia.com/
6810,Manorah,https://manorahthai.com/
6811,"House of Thai Cuisine",https://www.houseofthaipa.com/
6812,"Sichuan Mathai 川马泰",https://sichuanmathai.wordpress.com/
6813,"Chon Tong Thai Kitchen and Dessert",http://www.chontongthai.com/
6814,"Vientiane Café",http://www.vientiane-cafe.com/
6815,"Little Thai Market",https://readingterminalmarket.org/merchant/little-thai-market/
6816,"Thai Square Restaurant",http://www.thaisquarephilly.com/
6817,"Vientiane Bistro",https://www.vientianebistro.com/
6818,"Sukho Thai Restaurant",https://www.sukhothainj.com/
6819,"Golden Triangle",http://www.goldentrianglepa.net/
6820,"Amma's South Indian Cuisine",https://ammasrestaurants.com/
6821,"Thanal Indian Tavern",https://thanalphilly.com/
6822,"Turmeric Indian Kitchen",http://www.turmericphilly.com/
6823,"Veda - Modern Indian Bistro",https://www.vedaphilly.com/?utm_source=GMB&utm_medium=GMB&utm_campaign=GMB&utm_term=veda+modern+indian+bistro
6824,"Tiffin Indian Cuisine Fairmount",http://www.tiffin.com/
6825,"Masala Fusion Indian Restaurant",https://order.online/business/masala-fusion-14317507
6826,"New Indian Sizzler",https://www.newindiansizzler.com/
6827,DABBAWALA,https://www.dabbawalaphiladelphia.com/
6828,"Saffron Indian Kitchen",https://saffronofphilly.com/saffron-philly?utm_source=google
6829,"Indian Kitchen Lovash",http://www.lovashrestaurant.com/
6830,"Sura Indian Bistro",https://www.surabistro.com/
6831,"Vijayawada Mess Indian Cuisine",https://www.vijayawadaindiancuisine.com/
6832,"Tikka Mahal - Modern Indian Restaurant",https://www.tikkamahal.com/
6833,"Raindrops Indian Restaurant",https://raindropsindianrestaurant.com/
6834,"Virasat Haveli",https://havelivirasat.com/
6835,"Indian Char House",http://www.indiancharhouse.com/
6836,"CURRY LEAF NEPALI & INDIAN CUISINE",https://curryleafphiladelphia.com/
6837,"Masala Kitchen : Kati Rolls & Platters",/url?q=http://www.masalakitchen.com/&opi=79508299&sa=U&ved=0ahUKEwjul4LJ-M2RAxUIjYkEHex-GlwQ61gIFigO&usg=AOvVaw3coueTmKzVYfsHXqUE-Q9k
6838,"New Delhi Indian Restaurant",http://www.newdelhiweb.com/
6839,"Manayunk Indian grille",https://www.manayunkindiangrille.com//
6840,Forsythia,https://www.forsythiaphilly.com/
6841,"My Loup",http://myloupphl.com/
6842,"Caribou Cafe",http://cariboucafe.com/
6843,"The Good King Tavern",http://thegoodkingtavern.com/
6844,"Bistro Perrier",https://walnuthillcollege.edu/restaurants-shops/bistro-perrier-at-walnut-hill-college-french-food-fine-dining/
6845,"Café Lutécia",https://www.facebook.com/pages/Cafe-Lutecia/117702891589376
6846,"Fleur's",https://www.fleursphilly.com/
6847,"Mabu Kitchen",http://mabukitchenphilly.com/
6848,"TOWNSEND EPX",https://www.townsendepx.com/
6849,"Chez Colette",https://www.sofitel-philadelphia.com/dining-lounge/chez-colette/?utm_source=google+Maps&utm_medium=seo+maps&utm_campaign=seo+maps
6850,"Red Owl Tavern",https://redowltavern.com/
6851,"Village Whiskey",http://villagewhiskey.com/
6852,"Green Eggs Café",https://greeneggscafe.com/menu/
6853,"Honey's Sit 'n Eat",https://honeyssitneat-north.mobilebytes.com/menu
6854,"Marathon Grill",http://eatmarathon.com/16th-and-sansom/
6855,"Oyster House",http://oysterhousephilly.com/
6856,"Vernick Fish",https://www.vernickfish.com/?utm_source=google&utm_medium=organicsearch&utm_campaign=tor-phi-fab-mid-seo-na&utm_content=na-na&utm_term=na
6857,"Seafood Unlimited",https://seafoodunlimited.com/
6858,"Pearl and Mary Oyster Bar",https://www.pearlandmary.com/
6859,"Loch Bar",http://www.lochbar.com/philly
6860,"Little Fish BYOB",https://www.littlefishbyob.com/
6861,"Seven Seas Mediterranean Seafood",https://sevenseas-dining.com/
6862,"McCormick & Schmick's Seafood & Steaks",https://www.mccormickandschmicks.com/location/mccormick-schmicks-seafood-steaks-philadelphia-pa/
6863,"Jordan Johnson",https://jordanjohnsons.toast.site/order
6864,"Luke's Lobster Rittenhouse",https://lukeslobster.com/pages/rittenhouse?utm_source=google&utm_medium=places&utm_campaign=rittenhouse&utm_content=main
6865,"Little Water",https://www.littlewaterphl.com/
6866,"Hook & Reel Cajun Seafood & Bar",https://hookreel.com/location/southphiladelphia/
6867,"Gallo's Seafood",http://www.gallosandburgerbar.com/
6870,"Fishtown Seafood",http://fishtowntavern.com/
10289,"Frecon Farms",http://www.freconfarms.com/
10292,"You Say",https://www.yelp.com/biz/you-say-philadelphia-2?adjust_creative=YYdk1vUKqYfFqLGhOFtRAw&utm_campaign=yelp_api_v3&utm_medium=api_v3_business_lookup&utm_source=YYdk1vUKqYfFqLGhOFtRAw
10294,"L & M Variety",https://www.yelp.com/biz/l-and-m-variety-philadelphia?adjust_creative=YYdk1vUKqYfFqLGhOFtRAw&utm_campaign=yelp_api_v3&utm_medium=api_v3_business_lookup&utm_source=YYdk1vUKqYfFqLGhOFtRAw
10295,"NY Gyro Lunch",https://www.yelp.com/biz/ny-gyro-lunch-philadelphia?adjust_creative=YYdk1vUKqYfFqLGhOFtRAw&utm_campaign=yelp_api_v3&utm_medium=api_v3_business_lookup&utm_source=YYdk1vUKqYfFqLGhOFtRAw
10296,"Academic Bistro",https://www.yelp.com/biz/academic-bistro-philadelphia?adjust_creative=YYdk1vUKqYfFqLGhOFtRAw&utm_campaign=yelp_api_v3&utm_medium=api_v3_business_lookup&utm_source=YYdk1vUKqYfFqLGhOFtRAw
10297,"168 Chinese Kitchen",https://www.yelp.com/biz/168-chinese-kitchen-philadelphia?adjust_creative=YYdk1vUKqYfFqLGhOFtRAw&utm_campaign=yelp_api_v3&utm_medium=api_v3_business_lookup&utm_source=YYdk1vUKqYfFqLGhOFtRAw
10298,"Rice & Sambal",https://www.yelp.com/biz/rice-and-sambal-philadelphia?adjust_creative=YYdk1vUKqYfFqLGhOFtRAw&utm_campaign=yelp_api_v3&utm_medium=api_v3_business_lookup&utm_source=YYdk1vUKqYfFqLGhOFtRAw
10299,"Twist Creamery",http://toasttab.com/twistcreamery
10301,"Fleur's",https://www.yelp.com/biz/fleurs-philadelphia?adjust_creative=YYdk1vUKqYfFqLGhOFtRAw&utm_campaign=yelp_api_v3&utm_medium=api_v3_business_lookup&utm_source=YYdk1vUKqYfFqLGhOFtRAw
10302,"Little Susie’s Coffee & Pie",http://www.littlesusies.com/
10303,"Duskaia Coffee",https://www.yelp.com/biz/duskaia-coffee-philadelphia?adjust_creative=YYdk1vUKqYfFqLGhOFtRAw&utm_campaign=yelp_api_v3&utm_medium=api_v3_business_lookup&utm_source=YYdk1vUKqYfFqLGhOFtRAw
10305,Agricola,https://www.yelp.com/biz/agricola-philadelphia?adjust_creative=YYdk1vUKqYfFqLGhOFtRAw&utm_campaign=yelp_api_v3&utm_medium=api_v3_business_lookup&utm_source=YYdk1vUKqYfFqLGhOFtRAw
10306,iBowl,https://www.yelp.com/biz/ibowl-philadelphia?adjust_creative=YYdk1vUKqYfFqLGhOFtRAw&utm_campaign=yelp_api_v3&utm_medium=api_v3_business_lookup&utm_source=YYdk1vUKqYfFqLGhOFtRAw
10307,"Otolith Sustainable Seafood",http://otolithonline.com/
10308,"Es Cafe Lounge",http://escafelounge.com/
10310,"Mom’s Falafel",https://www.yelp.com/biz/mom-s-falafel-philadelphia?adjust_creative=YYdk1vUKqYfFqLGhOFtRAw&utm_campaign=yelp_api_v3&utm_medium=api_v3_business_lookup&utm_source=YYdk1vUKqYfFqLGhOFtRAw
10311,"The Olive Branch Pizzeria",https://www.theolivebranchpizzeria.com/
10312,"637 Philly Sushi Club",https://www.yelp.com/biz/637-philly-sushi-club-philadelphia?adjust_creative=YYdk1vUKqYfFqLGhOFtRAw&utm_campaign=yelp_api_v3&utm_medium=api_v3_business_lookup&utm_source=YYdk1vUKqYfFqLGhOFtRAw
10313,"Newbold Cafe",https://www.instagram.com/NEWBOLDCAFE/
10314,Wim,https://www.yelp.com/biz/wim-philadelphia?adjust_creative=YYdk1vUKqYfFqLGhOFtRAw&utm_campaign=yelp_api_v3&utm_medium=api_v3_business_lookup&utm_source=YYdk1vUKqYfFqLGhOFtRAw
10315,"Halal Heaven",https://halaleateryusa.com/?utm_source=google
10317,"On A Roll Italian Sandwich",https://onaroll0700.s4shops.com/
10318,Shinto,https://www.yelp.com/biz/shinto-philadelphia-2?adjust_creative=YYdk1vUKqYfFqLGhOFtRAw&utm_campaign=yelp_api_v3&utm_medium=api_v3_business_lookup&utm_source=YYdk1vUKqYfFqLGhOFtRAw
10319,Provenance,https://www.yelp.com/biz/provenance-philadelphia-2?adjust_creative=YYdk1vUKqYfFqLGhOFtRAw&utm_campaign=yelp_api_v3&utm_medium=api_v3_business_lookup&utm_source=YYdk1vUKqYfFqLGhOFtRAw
10320,Kinto,https://www.yelp.com/biz/kinto-philadelphia?adjust_creative=YYdk1vUKqYfFqLGhOFtRAw&utm_campaign=yelp_api_v3&utm_medium=api_v3_business_lookup&utm_source=YYdk1vUKqYfFqLGhOFtRAw
10321,"Castellino's",https://www.yelp.com/biz/castellinos-philadelphia?adjust_creative=YYdk1vUKqYfFqLGhOFtRAw&utm_campaign=yelp_api_v3&utm_medium=api_v3_business_lookup&utm_source=YYdk1vUKqYfFqLGhOFtRAw
10322,"Bean2Bean Cafe",http://www.bean2bean.com/cafe-menu
10323,"La Catedral",https://www.lacatedralcaferestaurant.com/
10325,"Antonio’s Deli",https://www.yelp.com/biz/antonio-s-deli-philadelphia?adjust_creative=YYdk1vUKqYfFqLGhOFtRAw&utm_campaign=yelp_api_v3&utm_medium=api_v3_business_lookup&utm_source=YYdk1vUKqYfFqLGhOFtRAw
10326,"Mocha Melt Cafe",http://mochameltcafe.com/
10327,"Pizza Mixta",https://pizzamixtapa.com/
10329,"Mommy Telly's Famous BBQ",https://www.instagram.com/mommytellysfamousbbq?igsh=cHlvOTdrOGpnMmsy
10331,"Get A Gato",http://www.getagato.com/
10333,"Nakama Japanese Cuisines & Omakase",https://www.yelp.com/biz/nakama-japanese-cuisines-and-omakase-philadelphia?adjust_creative=YYdk1vUKqYfFqLGhOFtRAw&utm_campaign=yelp_api_v3&utm_medium=api_v3_business_lookup&utm_source=YYdk1vUKqYfFqLGhOFtRAw
10337,Kissaten,https://www.yelp.com/biz/kissaten-philadelphia?adjust_creative=YYdk1vUKqYfFqLGhOFtRAw&utm_campaign=yelp_api_v3&utm_medium=api_v3_business_lookup&utm_source=YYdk1vUKqYfFqLGhOFtRAw
10338,"Coffee Cream & Dreams",https://www.yelp.com/biz/coffee-cream-and-dreams-philadelphia?adjust_creative=YYdk1vUKqYfFqLGhOFtRAw&utm_campaign=yelp_api_v3&utm_medium=api_v3_business_lookup&utm_source=YYdk1vUKqYfFqLGhOFtRAw
10340,"Chateau Rouge",https://www.yelp.com/biz/chateau-rouge-philadelphia?adjust_creative=YYdk1vUKqYfFqLGhOFtRAw&utm_campaign=yelp_api_v3&utm_medium=api_v3_business_lookup&utm_source=YYdk1vUKqYfFqLGhOFtRAw
10341,"El Fuerte de Loreto",https://www.yelp.com/biz/el-fuerte-de-loreto-philadelphia-2?adjust_creative=YYdk1vUKqYfFqLGhOFtRAw&utm_campaign=yelp_api_v3&utm_medium=api_v3_business_lookup&utm_source=YYdk1vUKqYfFqLGhOFtRAw
10342,"Miss Rachel's Pantry",http://www.missrachelspantry.com/
10343,"Halal Taste",https://www.yelp.com/biz/halal-taste-philadelphia?adjust_creative=YYdk1vUKqYfFqLGhOFtRAw&utm_campaign=yelp_api_v3&utm_medium=api_v3_business_lookup&utm_source=YYdk1vUKqYfFqLGhOFtRAw
10344,"Lee's Dumplings and Stuff",http://www.leesdumplingsandstuff.com/
10346,"La Canasta Mexican Food",http://lacanastamexicanfoodpa.com/
10347,"Amy’s Pastelillos",https://amyspastelillos.com/
10348,"Heavy Metal Sausage",http://www.heavymetalsausage.com/
10349,"Whizzle Truck",https://www.yelp.com/biz/whizzle-truck-philadelphia?adjust_creative=YYdk1vUKqYfFqLGhOFtRAw&utm_campaign=yelp_api_v3&utm_medium=api_v3_business_lookup&utm_source=YYdk1vUKqYfFqLGhOFtRAw
10350,"Be WellFed",https://bewellfed.net/
10351,"Farina Di Vita",http://farinadivita.com/
10352,"Hangry Joe’s Hot Chicken",http://hangryjoes.com/
10353,"El Mictlan Restaurant ",https://www.yelp.com/biz/el-mictlan-restaurant-philadelphia-2?adjust_creative=YYdk1vUKqYfFqLGhOFtRAw&utm_campaign=yelp_api_v3&utm_medium=api_v3_business_lookup&utm_source=YYdk1vUKqYfFqLGhOFtRAw
10354,"A La Mousse",https://alamousse.com/
10356,"Bottega Rittenhouse",https://bottegarittenhouse.com/
10357,"Bad Brother",https://www.badbrotherphilly.com/
10358,"Kirin House",https://www.yelp.com/biz/kirin-house-philadelphia?adjust_creative=YYdk1vUKqYfFqLGhOFtRAw&utm_campaign=yelp_api_v3&utm_medium=api_v3_business_lookup&utm_source=YYdk1vUKqYfFqLGhOFtRAw
10359,"Cafe Couleur",https://www.yelp.com/biz/cafe-couleur-philadelphia?adjust_creative=YYdk1vUKqYfFqLGhOFtRAw&utm_campaign=yelp_api_v3&utm_medium=api_v3_business_lookup&utm_source=YYdk1vUKqYfFqLGhOFtRAw
10361,"Mike's Hot Dog Cart",https://www.yelp.com/biz/mikes-hot-dog-cart-philadelphia?adjust_creative=YYdk1vUKqYfFqLGhOFtRAw&utm_campaign=yelp_api_v3&utm_medium=api_v3_business_lookup&utm_source=YYdk1vUKqYfFqLGhOFtRAw
10364,"Red Stone Pizza Truck",https://www.yelp.com/biz/red-stone-pizza-truck-philadelphia?adjust_creative=YYdk1vUKqYfFqLGhOFtRAw&utm_campaign=yelp_api_v3&utm_medium=api_v3_business_lookup&utm_source=YYdk1vUKqYfFqLGhOFtRAw
10365,"SK Restaurant and Bar",https://www.leo-restaurant.com/
10366,"Victoria En philly",https://www.yelp.com/biz/victoria-en-philly-philadelphia?adjust_creative=YYdk1vUKqYfFqLGhOFtRAw&utm_campaign=yelp_api_v3&utm_medium=api_v3_business_lookup&utm_source=YYdk1vUKqYfFqLGhOFtRAw
10368,"Sego Indonesian Food Cart",https://www.yelp.com/biz/sego-indonesian-food-cart-philadelphia?adjust_creative=YYdk1vUKqYfFqLGhOFtRAw&utm_campaign=yelp_api_v3&utm_medium=api_v3_business_lookup&utm_source=YYdk1vUKqYfFqLGhOFtRAw
10369,"El Enano Mexican Restaurant",https://www.instagram.com/el_enano_mexican_restaurant?igsh=MWszODdscDVhYnNyeQ==&utm_source=qr
10371,"Poke Burri",https://www.yelp.com/biz/poke-burri-philadelphia-4?adjust_creative=YYdk1vUKqYfFqLGhOFtRAw&utm_campaign=yelp_api_v3&utm_medium=api_v3_business_lookup&utm_source=YYdk1vUKqYfFqLGhOFtRAw
10372,"Bold Coffee Bar",http://boldcoffeebar.com/
10373,Dankbaar,https://www.yelp.com/biz/dankbaar-philadelphia?adjust_creative=YYdk1vUKqYfFqLGhOFtRAw&utm_campaign=yelp_api_v3&utm_medium=api_v3_business_lookup&utm_source=YYdk1vUKqYfFqLGhOFtRAw
10375,"Sutton's",http://suttonsphilly.com/
10377,"Corey’s Crafty Vietnamese Cuisine",https://coreynguyencqb.wixsite.com/coreyscrafty
10378,"Taco & Ramen",https://www.yelp.com/biz/taco-and-ramen-philadelphia?adjust_creative=YYdk1vUKqYfFqLGhOFtRAw&utm_campaign=yelp_api_v3&utm_medium=api_v3_business_lookup&utm_source=YYdk1vUKqYfFqLGhOFtRAw
10379,"Jojo's Cafe",http://www.jojocafephilly.com/
10380,Scampi,https://www.yelp.com/biz/scampi-philadelphia?adjust_creative=YYdk1vUKqYfFqLGhOFtRAw&utm_campaign=yelp_api_v3&utm_medium=api_v3_business_lookup&utm_source=YYdk1vUKqYfFqLGhOFtRAw
10381,"Halal Food Special",https://www.yelp.com/biz/halal-food-special-philadelphia?adjust_creative=YYdk1vUKqYfFqLGhOFtRAw&utm_campaign=yelp_api_v3&utm_medium=api_v3_business_lookup&utm_source=YYdk1vUKqYfFqLGhOFtRAw
10383,"Taco Man",https://www.yelp.com/biz/taco-man-philadelphia-2?adjust_creative=YYdk1vUKqYfFqLGhOFtRAw&utm_campaign=yelp_api_v3&utm_medium=api_v3_business_lookup&utm_source=YYdk1vUKqYfFqLGhOFtRAw
10384,"Taste of Punjab",https://tasteofpunjabphilly.com/?utm_source=google
10385,"Chubby Nori",https://www.yelp.com/biz/chubby-nori-philadelphia-2?adjust_creative=YYdk1vUKqYfFqLGhOFtRAw&utm_campaign=yelp_api_v3&utm_medium=api_v3_business_lookup&utm_source=YYdk1vUKqYfFqLGhOFtRAw
10386,HomeGrown215,https://www.yelp.com/biz/homegrown215-philadelphia-2?adjust_creative=YYdk1vUKqYfFqLGhOFtRAw&utm_campaign=yelp_api_v3&utm_medium=api_v3_business_lookup&utm_source=YYdk1vUKqYfFqLGhOFtRAw
10387,Momoka,https://www.yelp.com/biz/momoka-philadelphia-2?adjust_creative=YYdk1vUKqYfFqLGhOFtRAw&utm_campaign=yelp_api_v3&utm_medium=api_v3_business_lookup&utm_source=YYdk1vUKqYfFqLGhOFtRAw
10389,"Fat Moon Restaurant & Bar",https://fatmoonrestaurantbar0930.s4shops.com/
10390,"Circles + Squares",https://www.toasttab.com/circlesandsquares/v3
10391,"Ramble Pizza",https://www.yelp.com/biz/ramble-pizza-philadelphia?adjust_creative=YYdk1vUKqYfFqLGhOFtRAw&utm_campaign=yelp_api_v3&utm_medium=api_v3_business_lookup&utm_source=YYdk1vUKqYfFqLGhOFtRAw
10393,"San Miguelito Mexican Cuisine",http://www.facebook.com/sanmiguelitomex
10394,"Bucatini Caffe",https://bucatinicaffe.com/
10395,"Indo Spice",https://order.toasttab.com/online/indo-spice-1421-west-passyunk-avenue
10396,"Sushi Ya",https://www.sushiyawok.com/
10397,"Restaurant Ambra",https://www.yelp.com/biz/restaurant-ambra-philadelphia?adjust_creative=YYdk1vUKqYfFqLGhOFtRAw&utm_campaign=yelp_api_v3&utm_medium=api_v3_business_lookup&utm_source=YYdk1vUKqYfFqLGhOFtRAw
10398,Elwood,https://www.yelp.com/biz/elwood-philadelphia-2?adjust_creative=YYdk1vUKqYfFqLGhOFtRAw&utm_campaign=yelp_api_v3&utm_medium=api_v3_business_lookup&utm_source=YYdk1vUKqYfFqLGhOFtRAw
10399,"Honey Bee Gourmet Deli",http://honeybeegourmetdeli.com/
10400,Pie-Stand,https://www.yelp.com/biz/pie-stand-philadelphia?adjust_creative=YYdk1vUKqYfFqLGhOFtRAw&utm_campaign=yelp_api_v3&utm_medium=api_v3_business_lookup&utm_source=YYdk1vUKqYfFqLGhOFtRAw
10401,Elma,https://www.yelp.com/biz/elma-philadelphia?adjust_creative=YYdk1vUKqYfFqLGhOFtRAw&utm_campaign=yelp_api_v3&utm_medium=api_v3_business_lookup&utm_source=YYdk1vUKqYfFqLGhOFtRAw
10403,"Tio Abi's Kitchen",https://www.yelp.com/biz/tio-abis-kitchen-philadelphia?adjust_creative=YYdk1vUKqYfFqLGhOFtRAw&utm_campaign=yelp_api_v3&utm_medium=api_v3_business_lookup&utm_source=YYdk1vUKqYfFqLGhOFtRAw
10404,"Leo Restaurant",https://www.yelp.com/biz/leo-restaurant-philadelphia?adjust_creative=YYdk1vUKqYfFqLGhOFtRAw&utm_campaign=yelp_api_v3&utm_medium=api_v3_business_lookup&utm_source=YYdk1vUKqYfFqLGhOFtRAw
10405,"Phở Skyline",https://phoskyline.com/?utm_source=google
10406,"Lucas Burger",https://lucassmashburgers.com/
10408,"El Amiguito Taco Mobile",https://www.yelp.com/biz/el-amiguito-taco-mobile-philadelphia?adjust_creative=YYdk1vUKqYfFqLGhOFtRAw&utm_campaign=yelp_api_v3&utm_medium=api_v3_business_lookup&utm_source=YYdk1vUKqYfFqLGhOFtRAw
10409,"Yellow Bicycle Canteen",https://www.yellowbicyclecanteen.com/
10410,"Cafe Square One",http://cafesquareone.com/
10411,"Mighty Bread",https://www.yelp.com/biz/mighty-bread-philadelphia-4?adjust_creative=YYdk1vUKqYfFqLGhOFtRAw&utm_campaign=yelp_api_v3&utm_medium=api_v3_business_lookup&utm_source=YYdk1vUKqYfFqLGhOFtRAw
10412,Mawn,https://www.yelp.com/biz/mawn-philadelphia?adjust_creative=YYdk1vUKqYfFqLGhOFtRAw&utm_campaign=yelp_api_v3&utm_medium=api_v3_business_lookup&utm_source=YYdk1vUKqYfFqLGhOFtRAw
10413,"Top Hat Coffee Lounge",https://www.instagram.com/tophat.coffeelounge/
10414,"The Hart of Catering & Cafe",https://kevinhartcatering.com/
10415,"Lale Mediterranean Grill & Sports Bar",https://www.yelp.com/biz/lale-mediterranean-grill-and-sports-bar-philadelphia?adjust_creative=YYdk1vUKqYfFqLGhOFtRAw&utm_campaign=yelp_api_v3&utm_medium=api_v3_business_lookup&utm_source=YYdk1vUKqYfFqLGhOFtRAw
10416,"Lyn's",https://www.yelp.com/biz/lyns-philadelphia-2?adjust_creative=YYdk1vUKqYfFqLGhOFtRAw&utm_campaign=yelp_api_v3&utm_medium=api_v3_business_lookup&utm_source=YYdk1vUKqYfFqLGhOFtRAw
10417,"Pitruco Pizza Franklin's Table",https://www.yelp.com/biz/pitruco-pizza-franklins-table-philadelphia?adjust_creative=YYdk1vUKqYfFqLGhOFtRAw&utm_campaign=yelp_api_v3&utm_medium=api_v3_business_lookup&utm_source=YYdk1vUKqYfFqLGhOFtRAw
10418,"Sheba's Soul Plate",https://www.yelp.com/biz/shebas-soul-plate-philadelphia-2?adjust_creative=YYdk1vUKqYfFqLGhOFtRAw&utm_campaign=yelp_api_v3&utm_medium=api_v3_business_lookup&utm_source=YYdk1vUKqYfFqLGhOFtRAw
10419,"Taco Heart",http://www.tacoheart.com/
10421,"Hikari Sushi",http://www.hikariphilly.com/
10422,"Victor’s Pizza Truck",https://www.yelp.com/biz/victor-s-pizza-truck-philadelphia?adjust_creative=YYdk1vUKqYfFqLGhOFtRAw&utm_campaign=yelp_api_v3&utm_medium=api_v3_business_lookup&utm_source=YYdk1vUKqYfFqLGhOFtRAw
10423,"Flores Coffee Shop",https://flores-coffee-shop.square.site/
10424,"Gouldsburger's Express",https://www.gouldsburgers.com/
10425,"Vessel Coffee Collective",https://vesselcoffeeco.com/
10427,"El Caracol Mexican Grill",https://elcaracolmexicangrillpa.com/
10428,"Ben's Fast Food",https://bensfastfood.com/locations/philadelphia?utm_source=gmb&utm_medium=organic
10429,"Gilda Cafe & Market",https://www.yelp.com/biz/gilda-cafe-and-market-philadelphia?adjust_creative=YYdk1vUKqYfFqLGhOFtRAw&utm_campaign=yelp_api_v3&utm_medium=api_v3_business_lookup&utm_source=YYdk1vUKqYfFqLGhOFtRAw
10430,"Time & Peace Cafe",https://www.yelp.com/biz/time-and-peace-cafe-philadelphia-3?adjust_creative=YYdk1vUKqYfFqLGhOFtRAw&utm_campaign=yelp_api_v3&utm_medium=api_v3_business_lookup&utm_source=YYdk1vUKqYfFqLGhOFtRAw
10431,"Cilantro New Mediterranean Cuisine",https://www.yelp.com/biz/cilantro-new-mediterranean-cuisine-philadelphia?adjust_creative=YYdk1vUKqYfFqLGhOFtRAw&utm_campaign=yelp_api_v3&utm_medium=api_v3_business_lookup&utm_source=YYdk1vUKqYfFqLGhOFtRAw
10433,"Chiquita's Pizzeria & Mexican Grill",http://chiquitaspizzeria.com/
10437,"New Indian Sizzler",https://www.yelp.com/biz/new-indian-sizzler-philadelphia?adjust_creative=YYdk1vUKqYfFqLGhOFtRAw&utm_campaign=yelp_api_v3&utm_medium=api_v3_business_lookup&utm_source=YYdk1vUKqYfFqLGhOFtRAw
10438,"Porco's Porchetteria",https://www.yelp.com/biz/porcos-porchetteria-philadelphia?adjust_creative=YYdk1vUKqYfFqLGhOFtRAw&utm_campaign=yelp_api_v3&utm_medium=api_v3_business_lookup&utm_source=YYdk1vUKqYfFqLGhOFtRAw
10439,Tonalli,https://www.yelp.com/biz/tonalli-philadelphia?adjust_creative=YYdk1vUKqYfFqLGhOFtRAw&utm_campaign=yelp_api_v3&utm_medium=api_v3_business_lookup&utm_source=YYdk1vUKqYfFqLGhOFtRAw
10440,"tamalex restaurant bar & griil",https://www.yelp.com/biz/tamalex-restaurant-bar-and-griil-philadelphia?adjust_creative=YYdk1vUKqYfFqLGhOFtRAw&utm_campaign=yelp_api_v3&utm_medium=api_v3_business_lookup&utm_source=YYdk1vUKqYfFqLGhOFtRAw
10441,"Mana Modern Chinese",https://www.yelp.com/biz/mana-modern-chinese-philadelphia?adjust_creative=YYdk1vUKqYfFqLGhOFtRAw&utm_campaign=yelp_api_v3&utm_medium=api_v3_business_lookup&utm_source=YYdk1vUKqYfFqLGhOFtRAw
10442,"La Cocina del Cafe",https://www.lacocinadelcafe.com/
10443,"Ristorante Pesto",http://www.ristorantepesto.com/
10444,"Jimmy's Water Ice",https://www.facebook.com/Jimmys-Water-Ice-127846370627148/
10445,"Fresh Fruit Salad Cart",https://www.yelp.com/biz/fresh-fruit-salad-cart-philadelphia?adjust_creative=YYdk1vUKqYfFqLGhOFtRAw&utm_campaign=yelp_api_v3&utm_medium=api_v3_business_lookup&utm_source=YYdk1vUKqYfFqLGhOFtRAw
10447,Olea,https://www.yelp.com/biz/olea-philadelphia?adjust_creative=YYdk1vUKqYfFqLGhOFtRAw&utm_campaign=yelp_api_v3&utm_medium=api_v3_business_lookup&utm_source=YYdk1vUKqYfFqLGhOFtRAw
10452,"Brazas BBQ Chicken",https://brazasbbq.net/?utm_source=google
10453,"Vineyards Cafe",http://vineyardscafe.net/
10454,"Colanzi's Moira' mensing Cafe",https://www.yelp.com/biz/colanzis-moira-mensing-cafe-philadelphia?adjust_creative=YYdk1vUKqYfFqLGhOFtRAw&utm_campaign=yelp_api_v3&utm_medium=api_v3_business_lookup&utm_source=YYdk1vUKqYfFqLGhOFtRAw
10455,"Tin Can Bar",https://tincanphilly.com/
10456,"Rosy's Cafe",http://rosystacobar.com/
10457,"Curry Leaf",https://www.yelp.com/biz/curry-leaf-philadelphia?adjust_creative=YYdk1vUKqYfFqLGhOFtRAw&utm_campaign=yelp_api_v3&utm_medium=api_v3_business_lookup&utm_source=YYdk1vUKqYfFqLGhOFtRAw
10458,"Blazerz Food Joint",http://www.blazerzfoodjoint.com/
10459,"Haraz Coffee House",https://linktr.ee/harazfishtown?utm_source=linktree_profile_share&ltsid=c1df92e1-568a-4223-9924-dd79063f1ad7
10460,Nipotina,https://www.yelp.com/biz/nipotina-philadelphia?adjust_creative=YYdk1vUKqYfFqLGhOFtRAw&utm_campaign=yelp_api_v3&utm_medium=api_v3_business_lookup&utm_source=YYdk1vUKqYfFqLGhOFtRAw
10461,"Uchi Philadelphia",https://uchi.uchirestaurants.com/location/sushi-philadelphia/
10462,Stargazy,https://www.yelp.com/biz/stargazy-philadelphia?adjust_creative=YYdk1vUKqYfFqLGhOFtRAw&utm_campaign=yelp_api_v3&utm_medium=api_v3_business_lookup&utm_source=YYdk1vUKqYfFqLGhOFtRAw
10463,"Tacos El Rodeo",https://www.yelp.com/biz/tacos-el-rodeo-philadelphia?adjust_creative=YYdk1vUKqYfFqLGhOFtRAw&utm_campaign=yelp_api_v3&utm_medium=api_v3_business_lookup&utm_source=YYdk1vUKqYfFqLGhOFtRAw
10464,"The Creperie",https://www.yelp.com/biz/the-creperie-philadelphia?adjust_creative=YYdk1vUKqYfFqLGhOFtRAw&utm_campaign=yelp_api_v3&utm_medium=api_v3_business_lookup&utm_source=YYdk1vUKqYfFqLGhOFtRAw
10465,"Koto Sushi",/url?q=http://sumosushitogo.com/&opi=79508299&sa=U&ved=0ahUKEwjMjrz3-M2RAxVbFFkFHeJnOiIQ61gIFygO&usg=AOvVaw2epK6qiVN-Z15EJB8arC7J
10466,"Pasha's Halal Food",https://www.pashasphilly.com/
10467,"Saami Somi",https://www.saamisomi.com/
10468,"Paesano's",https://www.paesanosphilly.com/menu
10469,"ZIG ZAG BBQ",http://www.zigzagbbq.com/
10470,"Yanaga Kappo Izakaya",https://www.yelp.com/biz/yanaga-kappo-izakaya-philadelphia?adjust_creative=YYdk1vUKqYfFqLGhOFtRAw&utm_campaign=yelp_api_v3&utm_medium=api_v3_business_lookup&utm_source=YYdk1vUKqYfFqLGhOFtRAw
10471,"Saigon Grace Cafe",https://saigongracecafe.com/
10472,"Bon Kif Grill",https://www.yelp.com/biz/bon-kif-grill-philadelphia-2?adjust_creative=YYdk1vUKqYfFqLGhOFtRAw&utm_campaign=yelp_api_v3&utm_medium=api_v3_business_lookup&utm_source=YYdk1vUKqYfFqLGhOFtRAw
10474,"la bamba",https://labamba.carrd.co/
10475,"Dolce & Caffè",https://www.yelp.com/biz/dolce-and-caff%C3%A8-philadelphia?adjust_creative=YYdk1vUKqYfFqLGhOFtRAw&utm_campaign=yelp_api_v3&utm_medium=api_v3_business_lookup&utm_source=YYdk1vUKqYfFqLGhOFtRAw
10476,"El Sabor Restaurant",https://www.yelp.com/biz/el-sabor-restaurant-philadelphia-2?adjust_creative=YYdk1vUKqYfFqLGhOFtRAw&utm_campaign=yelp_api_v3&utm_medium=api_v3_business_lookup&utm_source=YYdk1vUKqYfFqLGhOFtRAw
10478,"Baby’s Kusina + Market",https://babysphl.com/
10479,"Sandwich Corner Market",https://sandwichcornermarket.com/
10480,"Bleri’s Beanery Cafe",https://www.blerisbeanerycafe.com/
10481,"O'Jung's",https://www.yelp.com/biz/o-jungs-philadelphia?adjust_creative=YYdk1vUKqYfFqLGhOFtRAw&utm_campaign=yelp_api_v3&utm_medium=api_v3_business_lookup&utm_source=YYdk1vUKqYfFqLGhOFtRAw
10482,"Indian Char House",https://www.yelp.com/biz/indian-char-house-philadelphia?adjust_creative=YYdk1vUKqYfFqLGhOFtRAw&utm_campaign=yelp_api_v3&utm_medium=api_v3_business_lookup&utm_source=YYdk1vUKqYfFqLGhOFtRAw
10483,"Li'l Nick's Deli",https://www.facebook.com/LilNicksDeli/
10484,"Mike & Matt's Italian Market",http://castellinos.com/
10485,"Shay's Steaks",https://www.yelp.com/biz/shays-steaks-philadelphia?adjust_creative=YYdk1vUKqYfFqLGhOFtRAw&utm_campaign=yelp_api_v3&utm_medium=api_v3_business_lookup&utm_source=YYdk1vUKqYfFqLGhOFtRAw
10486,"Hi-Lo Taco",http://www.hilotaco.com/
10487,"Greek From Greece",https://www.yelp.com/biz/greek-from-greece-philadelphia?adjust_creative=YYdk1vUKqYfFqLGhOFtRAw&utm_campaign=yelp_api_v3&utm_medium=api_v3_business_lookup&utm_source=YYdk1vUKqYfFqLGhOFtRAw
10488,"México Lindo",https://www.yelp.com/biz/m%C3%A9xico-lindo-philadelphia?adjust_creative=YYdk1vUKqYfFqLGhOFtRAw&utm_campaign=yelp_api_v3&utm_medium=api_v3_business_lookup&utm_source=YYdk1vUKqYfFqLGhOFtRAw
10489,"The Fairmount Tavern",http://thefairmounttavern.com/
10490,"Cocktail Culture Co",http://www.cocktailculture.co/
10491,"Dr Thunder Karaoke",https://www.yelp.com/biz/dr-thunder-karaoke-philadelphia?adjust_creative=YYdk1vUKqYfFqLGhOFtRAw&utm_campaign=yelp_api_v3&utm_medium=api_v3_business_lookup&utm_source=YYdk1vUKqYfFqLGhOFtRAw
10492,"Bar Palmina",https://barpalmina.com/
10493,"Samuel Gritz Public House",http://gritzplace.com/
10494,Margolis,https://www.yelp.com/biz/margolis-philadelphia?adjust_creative=YYdk1vUKqYfFqLGhOFtRAw&utm_campaign=yelp_api_v3&utm_medium=api_v3_business_lookup&utm_source=YYdk1vUKqYfFqLGhOFtRAw
10495,"Next of Kin ",https://www.yelp.com/biz/next-of-kin-philadelphia?adjust_creative=YYdk1vUKqYfFqLGhOFtRAw&utm_campaign=yelp_api_v3&utm_medium=api_v3_business_lookup&utm_source=YYdk1vUKqYfFqLGhOFtRAw
10496,Almanac,https://www.yelp.com/biz/almanac-philadelphia?adjust_creative=YYdk1vUKqYfFqLGhOFtRAw&utm_campaign=yelp_api_v3&utm_medium=api_v3_business_lookup&utm_source=YYdk1vUKqYfFqLGhOFtRAw
10497,"Liberty Garden",https://www.liberty215.com/
10498,"Lucky's Last Chance",https://www.yelp.com/biz/luckys-last-chance-philadelphia-7?adjust_creative=YYdk1vUKqYfFqLGhOFtRAw&utm_campaign=yelp_api_v3&utm_medium=api_v3_business_lookup&utm_source=YYdk1vUKqYfFqLGhOFtRAw
10499,"Our Town Taproom",https://ourtownbrewery.com/
10500,"Libertee Grounds",https://www.liberteegrounds.com/
10501,"Lion Sports Bar",https://lionsportsbar.com/
10502,"Darling Jack's Tavern",https://www.yelp.com/biz/darling-jacks-tavern-philadelphia?adjust_creative=YYdk1vUKqYfFqLGhOFtRAw&utm_campaign=yelp_api_v3&utm_medium=api_v3_business_lookup&utm_source=YYdk1vUKqYfFqLGhOFtRAw
10503,"Andra Hem",https://www.yelp.com/biz/andra-hem-philadelphia?adjust_creative=YYdk1vUKqYfFqLGhOFtRAw&utm_campaign=yelp_api_v3&utm_medium=api_v3_business_lookup&utm_source=YYdk1vUKqYfFqLGhOFtRAw
10504,"Grace and Proper",https://www.yelp.com/biz/grace-and-proper-philadelphia?adjust_creative=YYdk1vUKqYfFqLGhOFtRAw&utm_campaign=yelp_api_v3&utm_medium=api_v3_business_lookup&utm_source=YYdk1vUKqYfFqLGhOFtRAw
10505,"Love City Brewing Company",http://lovecitybrewing.com/
10506,"Tapster Philadelphia",http://tapstertastingroom.com/
10507,"Solar Myth",http://www.solarmythbar.com/
10508,"Bar Hygge",http://www.barhygge.com/
10509,"Good Good Things",http://www.goodgoodthingsbar.com/
10510,"Sassafras Bar",https://www.sassafrasbar.com/
10511,Enswell,https://www.yelp.com/biz/enswell-philadelphia?adjust_creative=YYdk1vUKqYfFqLGhOFtRAw&utm_campaign=yelp_api_v3&utm_medium=api_v3_business_lookup&utm_source=YYdk1vUKqYfFqLGhOFtRAw
10512,"Sonnys Cocktail Joint",https://www.yelp.com/biz/sonnys-cocktail-joint-philadelphia?adjust_creative=YYdk1vUKqYfFqLGhOFtRAw&utm_campaign=yelp_api_v3&utm_medium=api_v3_business_lookup&utm_source=YYdk1vUKqYfFqLGhOFtRAw
10513,"Cellar Dog",https://www.cellardogphiladelphia.com/
10514,"PHS Pop Up Garden",https://www.yelp.com/biz/phs-pop-up-garden-philadelphia-3?adjust_creative=YYdk1vUKqYfFqLGhOFtRAw&utm_campaign=yelp_api_v3&utm_medium=api_v3_business_lookup&utm_source=YYdk1vUKqYfFqLGhOFtRAw
10515,"Double Knot",https://www.yelp.com/biz/double-knot-philadelphia?adjust_creative=YYdk1vUKqYfFqLGhOFtRAw&utm_campaign=yelp_api_v3&utm_medium=api_v3_business_lookup&utm_source=YYdk1vUKqYfFqLGhOFtRAw
10516,"Little Gay Pub",https://www.thelittlegaypub.com/
10517,"Victory Brewing Company Philadelphia",https://www.yelp.com/biz/victory-brewing-company-philadelphia-philadelphia?adjust_creative=YYdk1vUKqYfFqLGhOFtRAw&utm_campaign=yelp_api_v3&utm_medium=api_v3_business_lookup&utm_source=YYdk1vUKqYfFqLGhOFtRAw
10518,"Midnight & The Wicked",https://www.yelp.com/biz/midnight-and-the-wicked-philadelphia?adjust_creative=YYdk1vUKqYfFqLGhOFtRAw&utm_campaign=yelp_api_v3&utm_medium=api_v3_business_lookup&utm_source=YYdk1vUKqYfFqLGhOFtRAw
10519,"Poison Heart",https://www.yelp.com/biz/poison-heart-philadelphia?adjust_creative=YYdk1vUKqYfFqLGhOFtRAw&utm_campaign=yelp_api_v3&utm_medium=api_v3_business_lookup&utm_source=YYdk1vUKqYfFqLGhOFtRAw
10520,"Human Robot",http://www.humanrobotbeer.com/
10521,"Bud & Marilyn's",https://www.yelp.com/biz/bud-and-marilyns-philadelphia?adjust_creative=YYdk1vUKqYfFqLGhOFtRAw&utm_campaign=yelp_api_v3&utm_medium=api_v3_business_lookup&utm_source=YYdk1vUKqYfFqLGhOFtRAw
10522,"Charlie Was A Sinner",http://charliewasasinner.com/
10523,South,https://www.yelp.com/biz/south-philadelphia?adjust_creative=YYdk1vUKqYfFqLGhOFtRAw&utm_campaign=yelp_api_v3&utm_medium=api_v3_business_lookup&utm_source=YYdk1vUKqYfFqLGhOFtRAw
10524,"The Black Taxi",https://www.theblacktaxiphilly.com/
10525,"Garage Passyunk",https://www.garagephilly.com/
10526,"The Ranstead Room",https://www.yelp.com/biz/the-ranstead-room-philadelphia?adjust_creative=YYdk1vUKqYfFqLGhOFtRAw&utm_campaign=yelp_api_v3&utm_medium=api_v3_business_lookup&utm_source=YYdk1vUKqYfFqLGhOFtRAw
10527,"48 Record Bar",https://www.48recordbar.com/
10528,"Fringe Bar",http://fringebarphilly.com/
10529,"The Library Bar",https://www.yelp.com/biz/the-library-bar-philadelphia?adjust_creative=YYdk1vUKqYfFqLGhOFtRAw&utm_campaign=yelp_api_v3&utm_medium=api_v3_business_lookup&utm_source=YYdk1vUKqYfFqLGhOFtRAw
10530,"Graffiti Bar",https://www.yelp.com/biz/graffiti-bar-philadelphia?adjust_creative=YYdk1vUKqYfFqLGhOFtRAw&utm_campaign=yelp_api_v3&utm_medium=api_v3_business_lookup&utm_source=YYdk1vUKqYfFqLGhOFtRAw
10531,Skyhigh,https://www.yelp.com/biz/skyhigh-philadelphia?adjust_creative=YYdk1vUKqYfFqLGhOFtRAw&utm_campaign=yelp_api_v3&utm_medium=api_v3_business_lookup&utm_source=YYdk1vUKqYfFqLGhOFtRAw
10532,Barcade,https://www.yelp.com/biz/barcade-philadelphia-2?adjust_creative=YYdk1vUKqYfFqLGhOFtRAw&utm_campaign=yelp_api_v3&utm_medium=api_v3_business_lookup&utm_source=YYdk1vUKqYfFqLGhOFtRAw
10533,"W XYZ Bar",https://www.yelp.com/biz/w-xyz-bar-philadelphia-2?adjust_creative=YYdk1vUKqYfFqLGhOFtRAw&utm_campaign=yelp_api_v3&utm_medium=api_v3_business_lookup&utm_source=YYdk1vUKqYfFqLGhOFtRAw
10534,"The Franklin Mortgage & Investment Company",https://www.yelp.com/biz/the-franklin-mortgage-and-investment-company-philadelphia-3?adjust_creative=YYdk1vUKqYfFqLGhOFtRAw&utm_campaign=yelp_api_v3&utm_medium=api_v3_business_lookup&utm_source=YYdk1vUKqYfFqLGhOFtRAw
10535,"1 Tippling Place",https://www.yelp.com/biz/1-tippling-place-philadelphia?adjust_creative=YYdk1vUKqYfFqLGhOFtRAw&utm_campaign=yelp_api_v3&utm_medium=api_v3_business_lookup&utm_source=YYdk1vUKqYfFqLGhOFtRAw
10537,"Pier Bar",https://pierbarphilly.com/
10538,"Two Locals Brewing",http://twolocalsbrewing.com/qr-links
10539,"Four Humours",https://www.fourhumourswhiskey.com/
10540,Superette,https://www.yelp.com/biz/superette-philadelphia?adjust_creative=YYdk1vUKqYfFqLGhOFtRAw&utm_campaign=yelp_api_v3&utm_medium=api_v3_business_lookup&utm_source=YYdk1vUKqYfFqLGhOFtRAw
10541,"A Man Full of Trouble",https://www.successionfermentory.com/
10542,"Union Transfer",https://www.yelp.com/biz/union-transfer-philadelphia?adjust_creative=YYdk1vUKqYfFqLGhOFtRAw&utm_campaign=yelp_api_v3&utm_medium=api_v3_business_lookup&utm_source=YYdk1vUKqYfFqLGhOFtRAw
10543,"Canalside Manayunk",https://www.canalsidemanayunk.com/
10544,Sally,https://www.yelp.com/biz/sally-philadelphia?adjust_creative=YYdk1vUKqYfFqLGhOFtRAw&utm_campaign=yelp_api_v3&utm_medium=api_v3_business_lookup&utm_source=YYdk1vUKqYfFqLGhOFtRAw
10545,"Pearl & Mary Oyster Bar",https://www.yelp.com/biz/pearl-and-mary-oyster-bar-philadelphia?adjust_creative=YYdk1vUKqYfFqLGhOFtRAw&utm_campaign=yelp_api_v3&utm_medium=api_v3_business_lookup&utm_source=YYdk1vUKqYfFqLGhOFtRAw
10546,"Yards Brewing Company",https://yardsbrewing.com/
10547,"Le Caveau",http://www.lecaveaubar.com/
10548,"The Tavern Restaurant",https://www.yelp.com/biz/the-tavern-restaurant-philadelphia?adjust_creative=YYdk1vUKqYfFqLGhOFtRAw&utm_campaign=yelp_api_v3&utm_medium=api_v3_business_lookup&utm_source=YYdk1vUKqYfFqLGhOFtRAw
10549,"Bonner's Irish Pub",https://www.yelp.com/biz/bonners-irish-pub-philadelphia?adjust_creative=YYdk1vUKqYfFqLGhOFtRAw&utm_campaign=yelp_api_v3&utm_medium=api_v3_business_lookup&utm_source=YYdk1vUKqYfFqLGhOFtRAw
10550,"Talula's Daily",https://talulasdaily.com/?utm_source=GoogleBusinessProfile&utm_medium=Website&utm_campaign=MapLabs
10551,"The Lesieur",https://www.barlesieur.com/
10552,"Loch Bar - Philly",https://www.yelp.com/biz/loch-bar-philly-philadelphia?adjust_creative=YYdk1vUKqYfFqLGhOFtRAw&utm_campaign=yelp_api_v3&utm_medium=api_v3_business_lookup&utm_source=YYdk1vUKqYfFqLGhOFtRAw
10553,"Kelliann's Bar & Grill",http://www.kellianns.com/
10554,"Tattooed Mom",http://www.tattooedmomphilly.com/
10555,Superfolie,https://www.yelp.com/biz/superfolie-philadelphia?adjust_creative=YYdk1vUKqYfFqLGhOFtRAw&utm_campaign=yelp_api_v3&utm_medium=api_v3_business_lookup&utm_source=YYdk1vUKqYfFqLGhOFtRAw
10556,"Bob & Barbara's",https://www.yelp.com/biz/bob-and-barbaras-philadelphia?adjust_creative=YYdk1vUKqYfFqLGhOFtRAw&utm_campaign=yelp_api_v3&utm_medium=api_v3_business_lookup&utm_source=YYdk1vUKqYfFqLGhOFtRAw
10557,"Patchwork Philly",http://patchworkphilly.com/
10558,"Oscar's Tavern",https://www.yelp.com/biz/oscars-tavern-philadelphia?adjust_creative=YYdk1vUKqYfFqLGhOFtRAw&utm_campaign=yelp_api_v3&utm_medium=api_v3_business_lookup&utm_source=YYdk1vUKqYfFqLGhOFtRAw
10559,"Nightmare Before Tinsel",https://www.yelp.com/biz/nightmare-before-tinsel-philadelphia?adjust_creative=YYdk1vUKqYfFqLGhOFtRAw&utm_campaign=yelp_api_v3&utm_medium=api_v3_business_lookup&utm_source=YYdk1vUKqYfFqLGhOFtRAw
10560,"Monk's Cafe",http://www.monkscafe.com/
10562,Doom,https://www.yelp.com/biz/doom-philadelphia?adjust_creative=YYdk1vUKqYfFqLGhOFtRAw&utm_campaign=yelp_api_v3&utm_medium=api_v3_business_lookup&utm_source=YYdk1vUKqYfFqLGhOFtRAw
10563,"Nite Owl Bar",http://www.saratoganightowl.com/
10564,"Topside Tavern - American Restaurant & Bar",https://www.yelp.com/biz/topside-tavern-philadelphia?adjust_creative=YYdk1vUKqYfFqLGhOFtRAw&utm_campaign=yelp_api_v3&utm_medium=api_v3_business_lookup&utm_source=YYdk1vUKqYfFqLGhOFtRAw
10565,Sorellina,https://www.yelp.com/biz/sorellina-philadelphia?adjust_creative=YYdk1vUKqYfFqLGhOFtRAw&utm_campaign=yelp_api_v3&utm_medium=api_v3_business_lookup&utm_source=YYdk1vUKqYfFqLGhOFtRAw
10566,Static!,https://www.yelp.com/biz/static-philadelphia?adjust_creative=YYdk1vUKqYfFqLGhOFtRAw&utm_campaign=yelp_api_v3&utm_medium=api_v3_business_lookup&utm_source=YYdk1vUKqYfFqLGhOFtRAw
10567,"The El Bar",https://m.facebook.com/The-El-Bar-76572966730/
10568,Stir,https://www.yelp.com/biz/stir-philadelphia?adjust_creative=YYdk1vUKqYfFqLGhOFtRAw&utm_campaign=yelp_api_v3&utm_medium=api_v3_business_lookup&utm_source=YYdk1vUKqYfFqLGhOFtRAw
10569,"Franky Bradley's",https://frankybradleys.com/
10571,"The Institute Craft Bar & Kitchen",http://www.institutebar.com/
10572,"The Barbary",http://www.thebarbaryphl.com/
10573,Osteria,https://www.yelp.com/biz/osteria-philadelphia-2?adjust_creative=YYdk1vUKqYfFqLGhOFtRAw&utm_campaign=yelp_api_v3&utm_medium=api_v3_business_lookup&utm_source=YYdk1vUKqYfFqLGhOFtRAw
10574,"National Mechanics",http://www.nationalmechanics.com/
10575,a.bar,https://www.yelp.com/biz/a-bar-philadelphia?adjust_creative=YYdk1vUKqYfFqLGhOFtRAw&utm_campaign=yelp_api_v3&utm_medium=api_v3_business_lookup&utm_source=YYdk1vUKqYfFqLGhOFtRAw
10576,"SPIN Philadelphia",https://wearespin.com/location/philadelphia/
10577,"Village Whiskey",https://www.yelp.com/biz/village-whiskey-philadelphia?adjust_creative=YYdk1vUKqYfFqLGhOFtRAw&utm_campaign=yelp_api_v3&utm_medium=api_v3_business_lookup&utm_source=YYdk1vUKqYfFqLGhOFtRAw
10578,"Brasil's Nightclub",https://www.yelp.com/biz/brasils-nightclub-philadelphia?adjust_creative=YYdk1vUKqYfFqLGhOFtRAw&utm_campaign=yelp_api_v3&utm_medium=api_v3_business_lookup&utm_source=YYdk1vUKqYfFqLGhOFtRAw
10579,"Harper's Garden",https://www.yelp.com/biz/harpers-garden-philadelphia?adjust_creative=YYdk1vUKqYfFqLGhOFtRAw&utm_campaign=yelp_api_v3&utm_medium=api_v3_business_lookup&utm_source=YYdk1vUKqYfFqLGhOFtRAw
10580,"The Trestle Inn",https://www.yelp.com/biz/the-trestle-inn-philadelphia-3?adjust_creative=YYdk1vUKqYfFqLGhOFtRAw&utm_campaign=yelp_api_v3&utm_medium=api_v3_business_lookup&utm_source=YYdk1vUKqYfFqLGhOFtRAw
10581,"Green Room",http://www.greenroommn.com/
10582,"P. J. Clarke's",https://www.yelp.com/biz/p-j-clarkes-philadelphia-2?adjust_creative=YYdk1vUKqYfFqLGhOFtRAw&utm_campaign=yelp_api_v3&utm_medium=api_v3_business_lookup&utm_source=YYdk1vUKqYfFqLGhOFtRAw
10583,"The Twisted Tail",https://www.yelp.com/biz/the-twisted-tail-philadelphia?adjust_creative=YYdk1vUKqYfFqLGhOFtRAw&utm_campaign=yelp_api_v3&utm_medium=api_v3_business_lookup&utm_source=YYdk1vUKqYfFqLGhOFtRAw
10584,"Locust Bar",https://www.yelp.com/biz/locust-bar-philadelphia?adjust_creative=YYdk1vUKqYfFqLGhOFtRAw&utm_campaign=yelp_api_v3&utm_medium=api_v3_business_lookup&utm_source=YYdk1vUKqYfFqLGhOFtRAw
10585,"The Mulberry",http://themulberryphl.com/
10586,"Future Days Beer Company",http://www.futuredaysbeer.com/
10587,"The Brass Tap",https://www.brasstapbeerbar.com/philadelphia
10588,"McCusker's Tavern",https://www.facebook.com/McCuskers-Tavern-262441460507105/
10589,"The Boozy Mutt",https://www.theboozymutt.com/
10590,"Rhythm & Spirits",https://www.yelp.com/biz/rhythm-and-spirits-philadelphia?adjust_creative=YYdk1vUKqYfFqLGhOFtRAw&utm_campaign=yelp_api_v3&utm_medium=api_v3_business_lookup&utm_source=YYdk1vUKqYfFqLGhOFtRAw
10591,"Attic Brewing Company",https://www.atticbrewing.com/
10592,"Paulie Gee's Soul City Slice",http://pauliegee.com/soul-city/
10593,R&D,https://www.yelp.com/biz/r-and-d-philadelphia?adjust_creative=YYdk1vUKqYfFqLGhOFtRAw&utm_campaign=yelp_api_v3&utm_medium=api_v3_business_lookup&utm_source=YYdk1vUKqYfFqLGhOFtRAw
10594,"Fitz On 4th",https://fitzon4th.com/
10595,Alice,https://www.yelp.com/biz/alice-philadelphia-2?adjust_creative=YYdk1vUKqYfFqLGhOFtRAw&utm_campaign=yelp_api_v3&utm_medium=api_v3_business_lookup&utm_source=YYdk1vUKqYfFqLGhOFtRAw
10597,"Fountain Porter",http://fountainporter.com/
10598,"Otto’s Taproom & Grille",http://www.ottostaproom.com/
10599,"Triple Bottom Brewing",https://www.triplebottombrewing.com/
10600,Prunella,https://www.yelp.com/biz/prunella-philadelphia?adjust_creative=YYdk1vUKqYfFqLGhOFtRAw&utm_campaign=yelp_api_v3&utm_medium=api_v3_business_lookup&utm_source=YYdk1vUKqYfFqLGhOFtRAw
10601,"Neon Clown Dream Lounge",https://neonclownbar.com/
10602,"The Newsroom",https://www.yelp.com/biz/the-newsroom-philadelphia-3?adjust_creative=YYdk1vUKqYfFqLGhOFtRAw&utm_campaign=yelp_api_v3&utm_medium=api_v3_business_lookup&utm_source=YYdk1vUKqYfFqLGhOFtRAw
10603,"The Good King Tavern",https://www.yelp.com/biz/the-good-king-tavern-philadelphia?adjust_creative=YYdk1vUKqYfFqLGhOFtRAw&utm_campaign=yelp_api_v3&utm_medium=api_v3_business_lookup&utm_source=YYdk1vUKqYfFqLGhOFtRAw
10604,"Royal Tavern",https://www.royaltavern.com/
10605,"Yards brewing",https://www.yelp.com/biz/yards-brewing-philadelphia?adjust_creative=YYdk1vUKqYfFqLGhOFtRAw&utm_campaign=yelp_api_v3&utm_medium=api_v3_business_lookup&utm_source=YYdk1vUKqYfFqLGhOFtRAw
10606,"Bok Bar",http://www.bok-bar.com/
10607,"Miss Saigon",https://www.yelp.com/biz/miss-saigon-philadelphia-2?adjust_creative=YYdk1vUKqYfFqLGhOFtRAw&utm_campaign=yelp_api_v3&utm_medium=api_v3_business_lookup&utm_source=YYdk1vUKqYfFqLGhOFtRAw
10608,"Egg's Ale",https://www.clover.com/online-ordering/eggsalephiladelphia
10610,"Ball Busters Billiards Room",https://www.facebook.com/BallBustersBilliardsRoom/
10611,"Forest & Main",https://www.yelp.com/biz/forest-and-main-philadelphia-2?adjust_creative=YYdk1vUKqYfFqLGhOFtRAw&utm_campaign=yelp_api_v3&utm_medium=api_v3_business_lookup&utm_source=YYdk1vUKqYfFqLGhOFtRAw
10612,"Locust Rendezvous",http://www.locustrendezvous.com/
10613,"Vintage Wine Bar",https://www.yelp.com/biz/vintage-wine-bar-philadelphia?adjust_creative=YYdk1vUKqYfFqLGhOFtRAw&utm_campaign=yelp_api_v3&utm_medium=api_v3_business_lookup&utm_source=YYdk1vUKqYfFqLGhOFtRAw
10615,"Bar X",https://www.facebook.com/Xmarksthebar/
10616,"Ruba Club",https://rubaclub.org/home
10617,Lorraine,https://www.yelp.com/biz/lorraine-philadelphia?adjust_creative=YYdk1vUKqYfFqLGhOFtRAw&utm_campaign=yelp_api_v3&utm_medium=api_v3_business_lookup&utm_source=YYdk1vUKqYfFqLGhOFtRAw
10618,"Good Dog Bar",https://www.yelp.com/biz/good-dog-bar-philadelphia?adjust_creative=YYdk1vUKqYfFqLGhOFtRAw&utm_campaign=yelp_api_v3&utm_medium=api_v3_business_lookup&utm_source=YYdk1vUKqYfFqLGhOFtRAw
10619,"Loco Pez",https://www.yelp.com/biz/loco-pez-philadelphia-7?adjust_creative=YYdk1vUKqYfFqLGhOFtRAw&utm_campaign=yelp_api_v3&utm_medium=api_v3_business_lookup&utm_source=YYdk1vUKqYfFqLGhOFtRAw
10620,"La Chinesca",https://www.lachinescaphl.com/
10621,Time,https://www.yelp.com/biz/time-philadelphia?adjust_creative=YYdk1vUKqYfFqLGhOFtRAw&utm_campaign=yelp_api_v3&utm_medium=api_v3_business_lookup&utm_source=YYdk1vUKqYfFqLGhOFtRAw
10622,"Bar-Ly Chinatown",http://www.bar-ly.com/
10623,Vinyl,https://www.yelp.com/biz/vinyl-philadelphia?adjust_creative=YYdk1vUKqYfFqLGhOFtRAw&utm_campaign=yelp_api_v3&utm_medium=api_v3_business_lookup&utm_source=YYdk1vUKqYfFqLGhOFtRAw
10624,"The Board & Brew",https://www.yelp.com/biz/the-board-and-brew-philadelphia?adjust_creative=YYdk1vUKqYfFqLGhOFtRAw&utm_campaign=yelp_api_v3&utm_medium=api_v3_business_lookup&utm_source=YYdk1vUKqYfFqLGhOFtRAw
10625,"McGillin's Olde Ale House",https://www.yelp.com/biz/mcgillins-olde-ale-house-philadelphia?adjust_creative=YYdk1vUKqYfFqLGhOFtRAw&utm_campaign=yelp_api_v3&utm_medium=api_v3_business_lookup&utm_source=YYdk1vUKqYfFqLGhOFtRAw
10628,"Strangelove's",https://www.yelp.com/biz/strangeloves-philadelphia?adjust_creative=YYdk1vUKqYfFqLGhOFtRAw&utm_campaign=yelp_api_v3&utm_medium=api_v3_business_lookup&utm_source=YYdk1vUKqYfFqLGhOFtRAw
10629,"Gather Food Hall",https://www.gatherfoodhall.com/
10630,"Cosmic Café and Ciderhouse",https://cosmicfoods.com/
10631,Milkboy,https://www.yelp.com/biz/milkboy-philadelphia-2?adjust_creative=YYdk1vUKqYfFqLGhOFtRAw&utm_campaign=yelp_api_v3&utm_medium=api_v3_business_lookup&utm_source=YYdk1vUKqYfFqLGhOFtRAw
10632,"Set-It-Off Go Go Bar",https://www.yelp.com/biz/set-it-off-go-go-bar-philadelphia?adjust_creative=YYdk1vUKqYfFqLGhOFtRAw&utm_campaign=yelp_api_v3&utm_medium=api_v3_business_lookup&utm_source=YYdk1vUKqYfFqLGhOFtRAw
10633,globar,https://www.yelp.com/biz/globar-philadelphia?adjust_creative=YYdk1vUKqYfFqLGhOFtRAw&utm_campaign=yelp_api_v3&utm_medium=api_v3_business_lookup&utm_source=YYdk1vUKqYfFqLGhOFtRAw
10634,"The Post",https://thepostphl.com/
10636,"Human Robot Süd",https://www.humanrobotsud.com/
10637,"Glory Beer Bar & Kitchen",http://www.gloryphilly.com/
10638,"Ukrainian League of Philadelphia",https://ukrainianleague.com/
10639,"Middle Child Clubhouse",http://middlechildphilly.com/
10640,"Bar 210",https://www.yelp.com/biz/bar-210-philadelphia?adjust_creative=YYdk1vUKqYfFqLGhOFtRAw&utm_campaign=yelp_api_v3&utm_medium=api_v3_business_lookup&utm_source=YYdk1vUKqYfFqLGhOFtRAw
10641,"Little Water",https://www.yelp.com/biz/little-water-philadelphia-2?adjust_creative=YYdk1vUKqYfFqLGhOFtRAw&utm_campaign=yelp_api_v3&utm_medium=api_v3_business_lookup&utm_source=YYdk1vUKqYfFqLGhOFtRAw
10642,Philadium,https://www.yelp.com/biz/philadium-philadelphia-2?adjust_creative=YYdk1vUKqYfFqLGhOFtRAw&utm_campaign=yelp_api_v3&utm_medium=api_v3_business_lookup&utm_source=YYdk1vUKqYfFqLGhOFtRAw
10643,Stir,https://www.yelp.com/biz/stir-philadelphia-2?adjust_creative=YYdk1vUKqYfFqLGhOFtRAw&utm_campaign=yelp_api_v3&utm_medium=api_v3_business_lookup&utm_source=YYdk1vUKqYfFqLGhOFtRAw
10644,"Nikki Lopez",https://nikkilopezphilly.com/
10645,"Cartesian Brewing",http://cartesianbrewing.com/
10646,"The Jim",https://www.thejimphilly.com/
10648,"Khyber Pass Pub",http://www.khyberpasspub.com/
10649,"Triangle Tavern",http://www.triangletavernphilly.com/
10650,2637brew,https://www.yelp.com/biz/2637brew-philadelphia?adjust_creative=YYdk1vUKqYfFqLGhOFtRAw&utm_campaign=yelp_api_v3&utm_medium=api_v3_business_lookup&utm_source=YYdk1vUKqYfFqLGhOFtRAw
10651,"North Third",http://www.norththird.com/
10652,"Other Half Brewing Philadelphia",https://otherhalfbrewing.com/
10653,"Tequilas Restaurant",https://www.yelp.com/biz/tequilas-restaurant-philadelphia-3?adjust_creative=YYdk1vUKqYfFqLGhOFtRAw&utm_campaign=yelp_api_v3&utm_medium=api_v3_business_lookup&utm_source=YYdk1vUKqYfFqLGhOFtRAw
10655,"Saint Lazarus",https://www.instagram.com/saintlazarusbar/
10656,"Butcher Bar",https://www.yelp.com/biz/butcher-bar-philadelphia-2?adjust_creative=YYdk1vUKqYfFqLGhOFtRAw&utm_campaign=yelp_api_v3&utm_medium=api_v3_business_lookup&utm_source=YYdk1vUKqYfFqLGhOFtRAw
10657,"The Sidecar Bar & Grille",https://www.yelp.com/biz/the-sidecar-bar-and-grille-philadelphia?adjust_creative=YYdk1vUKqYfFqLGhOFtRAw&utm_campaign=yelp_api_v3&utm_medium=api_v3_business_lookup&utm_source=YYdk1vUKqYfFqLGhOFtRAw
10658,"1518 Bar & Grill",https://1518barandgrill.com/
10659,"Brauhaus Schmitz",http://www.brauhausschmitz.com/
10660,"Buena Vista Restaurant & Cantina - Philadelphia",https://www.yelp.com/biz/buena-vista-restaurant-and-cantina-philadelphia-philadelphia?adjust_creative=YYdk1vUKqYfFqLGhOFtRAw&utm_campaign=yelp_api_v3&utm_medium=api_v3_business_lookup&utm_source=YYdk1vUKqYfFqLGhOFtRAw
10661,Avana,https://www.yelp.com/biz/avana-philadelphia?adjust_creative=YYdk1vUKqYfFqLGhOFtRAw&utm_campaign=yelp_api_v3&utm_medium=api_v3_business_lookup&utm_source=YYdk1vUKqYfFqLGhOFtRAw
10662,"Tavern On Camac",http://www.tavernoncamac.com/
10663,"The Plough & the Stars",https://www.yelp.com/biz/the-plough-and-the-stars-philadelphia?adjust_creative=YYdk1vUKqYfFqLGhOFtRAw&utm_campaign=yelp_api_v3&utm_medium=api_v3_business_lookup&utm_source=YYdk1vUKqYfFqLGhOFtRAw
10664,"Hilltown Tavern - Fairmount",http://hilltownfairmount.com/
10665,"Frankford Tiki Bar",https://www.yelp.com/biz/frankford-tiki-bar-philadelphia?adjust_creative=YYdk1vUKqYfFqLGhOFtRAw&utm_campaign=yelp_api_v3&utm_medium=api_v3_business_lookup&utm_source=YYdk1vUKqYfFqLGhOFtRAw
10666,"The Bishop's Collar",https://thebishopscollar.com/
10667,"Con Murphy's",https://www.yelp.com/biz/con-murphys-philadelphia-4?adjust_creative=YYdk1vUKqYfFqLGhOFtRAw&utm_campaign=yelp_api_v3&utm_medium=api_v3_business_lookup&utm_source=YYdk1vUKqYfFqLGhOFtRAw
10668,"Drury Beer Garden",https://www.nicksbeergarden.com/
10669,Juno,https://www.yelp.com/biz/juno-philadelphia?adjust_creative=YYdk1vUKqYfFqLGhOFtRAw&utm_campaign=yelp_api_v3&utm_medium=api_v3_business_lookup&utm_source=YYdk1vUKqYfFqLGhOFtRAw
10670,Encore,https://www.yelp.com/biz/encore-philadelphia-2?adjust_creative=YYdk1vUKqYfFqLGhOFtRAw&utm_campaign=yelp_api_v3&utm_medium=api_v3_business_lookup&utm_source=YYdk1vUKqYfFqLGhOFtRAw
10671,"The Black Sheep Pub & Restaurant",http://www.theblacksheeppub.com/
10672,"Bodega Bar",https://www.yelp.com/biz/bodega-bar-philadelphia?adjust_creative=YYdk1vUKqYfFqLGhOFtRAw&utm_campaign=yelp_api_v3&utm_medium=api_v3_business_lookup&utm_source=YYdk1vUKqYfFqLGhOFtRAw
10673,Haunt,https://www.yelp.com/biz/haunt-philadelphia?adjust_creative=YYdk1vUKqYfFqLGhOFtRAw&utm_campaign=yelp_api_v3&utm_medium=api_v3_business_lookup&utm_source=YYdk1vUKqYfFqLGhOFtRAw
10674,Wishbone,https://www.yelp.com/biz/wishbone-philadelphia-4?adjust_creative=YYdk1vUKqYfFqLGhOFtRAw&utm_campaign=yelp_api_v3&utm_medium=api_v3_business_lookup&utm_source=YYdk1vUKqYfFqLGhOFtRAw
10675,"The Winston",https://www.yelp.com/biz/the-winston-philadelphia?adjust_creative=YYdk1vUKqYfFqLGhOFtRAw&utm_campaign=yelp_api_v3&utm_medium=api_v3_business_lookup&utm_source=YYdk1vUKqYfFqLGhOFtRAw
10676,"Balcony At the Trocadero",https://www.yelp.com/biz/balcony-at-the-trocadero-philadelphia?adjust_creative=YYdk1vUKqYfFqLGhOFtRAw&utm_campaign=yelp_api_v3&utm_medium=api_v3_business_lookup&utm_source=YYdk1vUKqYfFqLGhOFtRAw
10677,"Underground Arts",https://www.yelp.com/biz/underground-arts-philadelphia?adjust_creative=YYdk1vUKqYfFqLGhOFtRAw&utm_campaign=yelp_api_v3&utm_medium=api_v3_business_lookup&utm_source=YYdk1vUKqYfFqLGhOFtRAw
10679,"Céline",https://www.yelp.com/biz/c%C3%A9line-philadelphia?adjust_creative=YYdk1vUKqYfFqLGhOFtRAw&utm_campaign=yelp_api_v3&utm_medium=api_v3_business_lookup&utm_source=YYdk1vUKqYfFqLGhOFtRAw
10680,"Assembly Rooftop Lounge",https://www.yelp.com/biz/assembly-rooftop-lounge-philadelphia?adjust_creative=YYdk1vUKqYfFqLGhOFtRAw&utm_campaign=yelp_api_v3&utm_medium=api_v3_business_lookup&utm_source=YYdk1vUKqYfFqLGhOFtRAw
10681,"Independence Beer Garden",https://www.phlbeergarden.com/
10682,"U Bar",http://ubarphilly.com/
10683,"Five Iron Golf",https://fiveirongolf.com/locations/philadelphia-fishtown/?utm_source=local&utm_medium=organic&utm_campaign=pa&utm_content=philadelphia-fishtown
10684,"Luxor Cafe & Hookah Lounge",https://www.yelp.com/biz/luxor-cafe-and-hookah-lounge-philadelphia-2?adjust_creative=YYdk1vUKqYfFqLGhOFtRAw&utm_campaign=yelp_api_v3&utm_medium=api_v3_business_lookup&utm_source=YYdk1vUKqYfFqLGhOFtRAw
10685,"Philly Star Events",https://www.phillystarevents.com/
10686,"Silk City Diner & Lounge",https://www.yelp.com/biz/silk-city-diner-and-lounge-philadelphia?adjust_creative=YYdk1vUKqYfFqLGhOFtRAw&utm_campaign=yelp_api_v3&utm_medium=api_v3_business_lookup&utm_source=YYdk1vUKqYfFqLGhOFtRAw
10688,"Cappelli Brothers Cigar Company",http://www.cappellibrotherscigarcompany.com/
10689,"Sura Indian Bistro",https://www.yelp.com/biz/sura-indian-bistro-philadelphia?adjust_creative=YYdk1vUKqYfFqLGhOFtRAw&utm_campaign=yelp_api_v3&utm_medium=api_v3_business_lookup&utm_source=YYdk1vUKqYfFqLGhOFtRAw
10690,"Black Squirrel Club",http://www.blacksquirrelclub.com/
10692,"Booze Brothers Philly",https://www.yelp.com/biz/booze-brothers-philly-philadelphia?adjust_creative=YYdk1vUKqYfFqLGhOFtRAw&utm_campaign=yelp_api_v3&utm_medium=api_v3_business_lookup&utm_source=YYdk1vUKqYfFqLGhOFtRAw
10693,"El Segundo Piso",https://www.yelp.com/biz/el-segundo-piso-philadelphia?adjust_creative=YYdk1vUKqYfFqLGhOFtRAw&utm_campaign=yelp_api_v3&utm_medium=api_v3_business_lookup&utm_source=YYdk1vUKqYfFqLGhOFtRAw
10694,"Five Iron Golf",https://www.yelp.com/biz/five-iron-golf-philadelphia-2?adjust_creative=YYdk1vUKqYfFqLGhOFtRAw&utm_campaign=yelp_api_v3&utm_medium=api_v3_business_lookup&utm_source=YYdk1vUKqYfFqLGhOFtRAw
10695,"World Cafe Live",https://www.yelp.com/biz/world-cafe-live-philadelphia?adjust_creative=YYdk1vUKqYfFqLGhOFtRAw&utm_campaign=yelp_api_v3&utm_medium=api_v3_business_lookup&utm_source=YYdk1vUKqYfFqLGhOFtRAw
10696,"Positano Coast by Aldo Lamberti",https://www.positanocoast.net/
10697,"The Fillmore Philadelphia",https://www.thefillmorephilly.com/?utm_source=GMBlisting&utm_medium=organic
10698,"Cuba Libre Restaurant & Rum Bar",https://www.yelp.com/biz/cuba-libre-restaurant-and-rum-bar-philadelphia-philadelphia?adjust_creative=YYdk1vUKqYfFqLGhOFtRAw&utm_campaign=yelp_api_v3&utm_medium=api_v3_business_lookup&utm_source=YYdk1vUKqYfFqLGhOFtRAw
10699,"Room 148 Restaurant and Lounge",https://www.yelp.com/biz/room-148-restaurant-and-lounge-philadelphia?adjust_creative=YYdk1vUKqYfFqLGhOFtRAw&utm_campaign=yelp_api_v3&utm_medium=api_v3_business_lookup&utm_source=YYdk1vUKqYfFqLGhOFtRAw
10700,"The 700",https://www.yelp.com/biz/the-700-philadelphia?adjust_creative=YYdk1vUKqYfFqLGhOFtRAw&utm_campaign=yelp_api_v3&utm_medium=api_v3_business_lookup&utm_source=YYdk1vUKqYfFqLGhOFtRAw
10701,"Infusion Lounge",https://www.yelp.com/biz/infusion-lounge-philadelphia?adjust_creative=YYdk1vUKqYfFqLGhOFtRAw&utm_campaign=yelp_api_v3&utm_medium=api_v3_business_lookup&utm_source=YYdk1vUKqYfFqLGhOFtRAw
10702,"Wissahickon Brewing",https://www.wissahickonbrew.com/
10703,"Flight Club Philadelphia",https://www.yelp.com/biz/flight-club-philadelphia-philadelphia?adjust_creative=YYdk1vUKqYfFqLGhOFtRAw&utm_campaign=yelp_api_v3&utm_medium=api_v3_business_lookup&utm_source=YYdk1vUKqYfFqLGhOFtRAw
10704,"Bye Bye Liver",https://www.yelp.com/biz/bye-bye-liver-philadelphia?adjust_creative=YYdk1vUKqYfFqLGhOFtRAw&utm_campaign=yelp_api_v3&utm_medium=api_v3_business_lookup&utm_source=YYdk1vUKqYfFqLGhOFtRAw
10705,"Ios Restobar",http://iosbar.com/
10706,"Vernick Food & Drink",https://www.yelp.com/biz/vernick-food-and-drink-philadelphia?adjust_creative=YYdk1vUKqYfFqLGhOFtRAw&utm_campaign=yelp_api_v3&utm_medium=api_v3_business_lookup&utm_source=YYdk1vUKqYfFqLGhOFtRAw
10707,"The Dive Bar",http://facebook.com/the.dive.bar
10710,"Pizzeria Vetri",https://www.pizzeriavetri.com/
10711,"SideQuest Theater",https://www.sidequesttheater.com/
10712,"Brooklyn Dumpling Shop",https://www.brooklyndumplingshop.com/
10714,"Pink Elephant - Valentine’s Day Bar",https://www.yelp.com/biz/pink-elephant-valentine-s-day-bar-philadelphia?adjust_creative=YYdk1vUKqYfFqLGhOFtRAw&utm_campaign=yelp_api_v3&utm_medium=api_v3_business_lookup&utm_source=YYdk1vUKqYfFqLGhOFtRAw
10715,"Yakitori Boy",http://www.yakitoriboy.com/
10716,MilkBoy,https://www.yelp.com/biz/milkboy-philadelphia?adjust_creative=YYdk1vUKqYfFqLGhOFtRAw&utm_campaign=yelp_api_v3&utm_medium=api_v3_business_lookup&utm_source=YYdk1vUKqYfFqLGhOFtRAw
10717,"Minute Suites",https://minutesuites.com/
10718,"Sumo Lounge at Raw",https://www.yelp.com/biz/sumo-lounge-at-raw-philadelphia?adjust_creative=YYdk1vUKqYfFqLGhOFtRAw&utm_campaign=yelp_api_v3&utm_medium=api_v3_business_lookup&utm_source=YYdk1vUKqYfFqLGhOFtRAw
10720,"Lair KTV | Sky Club",https://www.yelp.com/biz/lair-ktv-sky-club-philadelphia?adjust_creative=YYdk1vUKqYfFqLGhOFtRAw&utm_campaign=yelp_api_v3&utm_medium=api_v3_business_lookup&utm_source=YYdk1vUKqYfFqLGhOFtRAw
10721,"Circ Lounge at the Philadelphia Marriott Downtown",https://www.marriott.com/en-us/dining/restaurant-bar/phldt-philadelphia-marriott-downtown/83003-circ-bar.mi
10722,"Punch Line Philly",https://www.punchlinephilly.com/
10723,"Helium Comedy Club",https://www.yelp.com/biz/helium-comedy-club-philadelphia?adjust_creative=YYdk1vUKqYfFqLGhOFtRAw&utm_campaign=yelp_api_v3&utm_medium=api_v3_business_lookup&utm_source=YYdk1vUKqYfFqLGhOFtRAw
10724,"Warehouse on Watts",http://www.wowphilly.com/
10725,"F1 Arcade Philadelphia",https://f1arcade.com/us/philadelphia?utm_source=google&utm_medium=organic&utm_campaign=gbp-listing&utm_term=philadelphia
10727,"Urban Saloon",http://www.urbansaloon.com/
10728,"Lucy’s",https://lucysphiladelphia.com/
10729,"VYCE Social Club",https://www.yelp.com/biz/vyce-social-club-philadelphia-3?adjust_creative=YYdk1vUKqYfFqLGhOFtRAw&utm_campaign=yelp_api_v3&utm_medium=api_v3_business_lookup&utm_source=YYdk1vUKqYfFqLGhOFtRAw
10730,Play2,https://www.yelp.com/biz/play2-philadelphia?adjust_creative=YYdk1vUKqYfFqLGhOFtRAw&utm_campaign=yelp_api_v3&utm_medium=api_v3_business_lookup&utm_source=YYdk1vUKqYfFqLGhOFtRAw
10731,"Pen and Pencil",https://www.yelp.com/biz/pen-and-pencil-philadelphia?adjust_creative=YYdk1vUKqYfFqLGhOFtRAw&utm_campaign=yelp_api_v3&utm_medium=api_v3_business_lookup&utm_source=YYdk1vUKqYfFqLGhOFtRAw
10732,"Tokio Headhouse",https://www.yelp.com/biz/tokio-headhouse-philadelphia?adjust_creative=YYdk1vUKqYfFqLGhOFtRAw&utm_campaign=yelp_api_v3&utm_medium=api_v3_business_lookup&utm_source=YYdk1vUKqYfFqLGhOFtRAw
10733,"Alimentari ",https://www.yelp.com/biz/alimentari-philadelphia-3?adjust_creative=YYdk1vUKqYfFqLGhOFtRAw&utm_campaign=yelp_api_v3&utm_medium=api_v3_business_lookup&utm_source=YYdk1vUKqYfFqLGhOFtRAw
10734,"Chase Sapphire Reserve Lounge",https://www.yelp.com/biz/chase-sapphire-reserve-lounge-philadelphia?adjust_creative=YYdk1vUKqYfFqLGhOFtRAw&utm_campaign=yelp_api_v3&utm_medium=api_v3_business_lookup&utm_source=YYdk1vUKqYfFqLGhOFtRAw
10735,Insatiable,https://www.yelp.com/biz/insatiable-philadelphia?adjust_creative=YYdk1vUKqYfFqLGhOFtRAw&utm_campaign=yelp_api_v3&utm_medium=api_v3_business_lookup&utm_source=YYdk1vUKqYfFqLGhOFtRAw
10736,"Via Locusta",https://vialocusta.com/
10737,"Frankford Hall",https://frankfordhall.com/?utm_source=GoogleBusinessProfile&utm_medium=Website&utm_campaign=MapLabs
10738,Oloroso,https://www.yelp.com/biz/oloroso-philadelphia?adjust_creative=YYdk1vUKqYfFqLGhOFtRAw&utm_campaign=yelp_api_v3&utm_medium=api_v3_business_lookup&utm_source=YYdk1vUKqYfFqLGhOFtRAw
10739,"Samba Steakhouse",https://sambasteakhousephilly.co/
10740,"Blue Cross RiverRink Winterfest",https://www.yelp.com/biz/blue-cross-riverrink-winterfest-philadelphia?adjust_creative=YYdk1vUKqYfFqLGhOFtRAw&utm_campaign=yelp_api_v3&utm_medium=api_v3_business_lookup&utm_source=YYdk1vUKqYfFqLGhOFtRAw
10741,"Cosmopolitan Club Phila",https://www.cosclub.org/
10744,Barcade,https://www.yelp.com/biz/barcade-philadelphia?adjust_creative=YYdk1vUKqYfFqLGhOFtRAw&utm_campaign=yelp_api_v3&utm_medium=api_v3_business_lookup&utm_source=YYdk1vUKqYfFqLGhOFtRAw
10745,"Chris' Jazz Cafe",http://chrisjazzcafe.com/
10746,"Buffalo Billiards",https://www.buffalobilliardsphilly.com/
10747,Tesiny,https://www.yelp.com/biz/tesiny-philadelphia?adjust_creative=YYdk1vUKqYfFqLGhOFtRAw&utm_campaign=yelp_api_v3&utm_medium=api_v3_business_lookup&utm_source=YYdk1vUKqYfFqLGhOFtRAw
10748,"The Ave Live",https://www.theavelive.com/
10749,"Craftsman Row Saloon",http://www.craftsmanrowsaloon.com/
10750,"Ken's Seafood Restaurant",https://www.yelp.com/biz/kens-seafood-restaurant-philadelphia?adjust_creative=YYdk1vUKqYfFqLGhOFtRAw&utm_campaign=yelp_api_v3&utm_medium=api_v3_business_lookup&utm_source=YYdk1vUKqYfFqLGhOFtRAw
10751,"Reef Restaurant & Lounge",https://www.yelp.com/biz/reef-restaurant-and-lounge-philadelphia-14?adjust_creative=YYdk1vUKqYfFqLGhOFtRAw&utm_campaign=yelp_api_v3&utm_medium=api_v3_business_lookup&utm_source=YYdk1vUKqYfFqLGhOFtRAw
10752,"Mr Hollywood DJ",https://www.yelp.com/biz/mr-hollywood-dj-philadelphia?adjust_creative=YYdk1vUKqYfFqLGhOFtRAw&utm_campaign=yelp_api_v3&utm_medium=api_v3_business_lookup&utm_source=YYdk1vUKqYfFqLGhOFtRAw
10753,"Room 12 Lounge",https://www.room148pa.com/
10754,"Bar Philidelphia",https://www.yelp.com/biz/bar-philidelphia-philadelphia?adjust_creative=YYdk1vUKqYfFqLGhOFtRAw&utm_campaign=yelp_api_v3&utm_medium=api_v3_business_lookup&utm_source=YYdk1vUKqYfFqLGhOFtRAw
10755,"Uptown Beer Garden",https://www.uptownbeer.com/
10757,"His & Hers Restaurant & Bar",https://www.yelp.com/biz/his-and-hers-restaurant-and-bar-philadelphia-2?adjust_creative=YYdk1vUKqYfFqLGhOFtRAw&utm_campaign=yelp_api_v3&utm_medium=api_v3_business_lookup&utm_source=YYdk1vUKqYfFqLGhOFtRAw
10758,"Xfinity Live! Philadelphia",https://www.yelp.com/biz/xfinity-live-philadelphia-philadelphia?adjust_creative=YYdk1vUKqYfFqLGhOFtRAw&utm_campaign=yelp_api_v3&utm_medium=api_v3_business_lookup&utm_source=YYdk1vUKqYfFqLGhOFtRAw
10759,"Woody's",http://www.woodysbar.com/
10760,"Wicked Wolf Philadelphia",https://www.yelp.com/biz/wicked-wolf-philadelphia-philadelphia?adjust_creative=YYdk1vUKqYfFqLGhOFtRAw&utm_campaign=yelp_api_v3&utm_medium=api_v3_business_lookup&utm_source=YYdk1vUKqYfFqLGhOFtRAw
10761,"Funcab Karaoke Taxi",https://www.funcabtoken.net/?utm_source=google&utm_medium=wix_google_business_profile&utm_campaign=18306112700302350921
10762,"Sera Phi",https://seraphi.org/
10763,Encore,https://www.yelp.com/biz/encore-philadelphia?adjust_creative=YYdk1vUKqYfFqLGhOFtRAw&utm_campaign=yelp_api_v3&utm_medium=api_v3_business_lookup&utm_source=YYdk1vUKqYfFqLGhOFtRAw
10764,"The Lodge",https://www.yelp.com/biz/the-lodge-philadelphia?adjust_creative=YYdk1vUKqYfFqLGhOFtRAw&utm_campaign=yelp_api_v3&utm_medium=api_v3_business_lookup&utm_source=YYdk1vUKqYfFqLGhOFtRAw
10765,"Morgan's Pier",http://www.morganspier.com/
10766,"3j's Cafe",http://www.3jscafephilly.com/
10767,"Tu Rinconcito",https://www.yelp.com/biz/tu-rinconcito-philadelphia?adjust_creative=YYdk1vUKqYfFqLGhOFtRAw&utm_campaign=yelp_api_v3&utm_medium=api_v3_business_lookup&utm_source=YYdk1vUKqYfFqLGhOFtRAw
10768,"Olivier Cafe",https://www.oliviercafe.com/
10769,"The Angelo Pizza",http://theangelopizza.com/
10770,Zahav,https://www.yelp.com/biz/zahav-philadelphia?adjust_creative=YYdk1vUKqYfFqLGhOFtRAw&utm_campaign=yelp_api_v3&utm_medium=api_v3_business_lookup&utm_source=YYdk1vUKqYfFqLGhOFtRAw
10771,"Bop Kosh Deli TEMP",https://www.yelp.com/biz/bop-kosh-deli-temp-philadelphia-2?adjust_creative=YYdk1vUKqYfFqLGhOFtRAw&utm_campaign=yelp_api_v3&utm_medium=api_v3_business_lookup&utm_source=YYdk1vUKqYfFqLGhOFtRAw
10772,"Masala Fusion",https://www.masalamonsoonparma.com/
10773,"Buena Vista Mexican Restaurant",https://buenavistamex.com/
10774,Malooga,https://www.yelp.com/biz/malooga-philadelphia-2?adjust_creative=YYdk1vUKqYfFqLGhOFtRAw&utm_campaign=yelp_api_v3&utm_medium=api_v3_business_lookup&utm_source=YYdk1vUKqYfFqLGhOFtRAw
10775,"Tomo Sushi & Ramen",https://www.yelp.com/biz/tomo-sushi-and-ramen-philadelphia?adjust_creative=YYdk1vUKqYfFqLGhOFtRAw&utm_campaign=yelp_api_v3&utm_medium=api_v3_business_lookup&utm_source=YYdk1vUKqYfFqLGhOFtRAw
10776,"Cuor di Caffè",https://cuordicaffe.net/
10777,"Ogawa Sushi & Kappo",https://www.yelp.com/biz/ogawa-sushi-and-kappo-philadelphia-5?adjust_creative=YYdk1vUKqYfFqLGhOFtRAw&utm_campaign=yelp_api_v3&utm_medium=api_v3_business_lookup&utm_source=YYdk1vUKqYfFqLGhOFtRAw
10778,"Cafe Square One",https://www.yelp.com/biz/cafe-square-one-philadelphia?adjust_creative=YYdk1vUKqYfFqLGhOFtRAw&utm_campaign=yelp_api_v3&utm_medium=api_v3_business_lookup&utm_source=YYdk1vUKqYfFqLGhOFtRAw
10779,"Buk Chon Korean Cuisine",http://www.bukchonkorean.com/
10780,Forsythia,https://www.yelp.com/biz/forsythia-philadelphia?adjust_creative=YYdk1vUKqYfFqLGhOFtRAw&utm_campaign=yelp_api_v3&utm_medium=api_v3_business_lookup&utm_source=YYdk1vUKqYfFqLGhOFtRAw
10781,"Hangry Joe’s Hot Chicken",https://www.yelp.com/biz/hangry-joe-s-hot-chicken-philadelphia?adjust_creative=YYdk1vUKqYfFqLGhOFtRAw&utm_campaign=yelp_api_v3&utm_medium=api_v3_business_lookup&utm_source=YYdk1vUKqYfFqLGhOFtRAw
10782,"Eggcellent Cafe",https://www.eggcellentphilly.com/
10783,"Sue's Market",https://www.yelp.com/biz/sues-market-philadelphia?adjust_creative=YYdk1vUKqYfFqLGhOFtRAw&utm_campaign=yelp_api_v3&utm_medium=api_v3_business_lookup&utm_source=YYdk1vUKqYfFqLGhOFtRAw
10784,"IDK Philly",https://www.yelp.com/biz/idk-philly-philadelphia?adjust_creative=YYdk1vUKqYfFqLGhOFtRAw&utm_campaign=yelp_api_v3&utm_medium=api_v3_business_lookup&utm_source=YYdk1vUKqYfFqLGhOFtRAw
10785,FRIEDA,https://www.yelp.com/biz/frieda-philadelphia?adjust_creative=YYdk1vUKqYfFqLGhOFtRAw&utm_campaign=yelp_api_v3&utm_medium=api_v3_business_lookup&utm_source=YYdk1vUKqYfFqLGhOFtRAw
10786,"Oh Brother Philly",http://www.ohbrotherphilly.com/
10787,"Tuna Bar",http://www.tunabar.com/
10789,Oishii,https://www.yelp.com/biz/oishii-philadelphia?adjust_creative=YYdk1vUKqYfFqLGhOFtRAw&utm_campaign=yelp_api_v3&utm_medium=api_v3_business_lookup&utm_source=YYdk1vUKqYfFqLGhOFtRAw
10790,"117 Restaurant And Brewery",https://www.117oldcity.com/
10791,"Cafe Olé",https://www.facebook.com/PhillyCafeOle/
10792,"City Pizza",https://www.ordercitypizzapa.com/?utm_source=gbp
10793,"Viva Pizzas",http://www.vivapizzasphl.com/
10795,Amada,https://www.yelp.com/biz/amada-philadelphia?adjust_creative=YYdk1vUKqYfFqLGhOFtRAw&utm_campaign=yelp_api_v3&utm_medium=api_v3_business_lookup&utm_source=YYdk1vUKqYfFqLGhOFtRAw
10797,Buddakan,https://www.yelp.com/biz/buddakan-philadelphia?adjust_creative=YYdk1vUKqYfFqLGhOFtRAw&utm_campaign=yelp_api_v3&utm_medium=api_v3_business_lookup&utm_source=YYdk1vUKqYfFqLGhOFtRAw
10798,"Han Dynasty",https://www.yelp.com/biz/han-dynasty-philadelphia?adjust_creative=YYdk1vUKqYfFqLGhOFtRAw&utm_campaign=yelp_api_v3&utm_medium=api_v3_business_lookup&utm_source=YYdk1vUKqYfFqLGhOFtRAw
10801,"Tacobee's",https://tacobees.com/tacobees-60af94?utm_source=google
10802,"Royal Boucherie",http://www.royalboucherie.com/
10803,"Las Bugambilias",https://www.yelp.com/biz/las-bugambilias-philadelphia?adjust_creative=YYdk1vUKqYfFqLGhOFtRAw&utm_campaign=yelp_api_v3&utm_medium=api_v3_business_lookup&utm_source=YYdk1vUKqYfFqLGhOFtRAw
10804,"Starr Restaurants",http://www.starr-restaurant.com/
10805,"Evergreen Deli",https://evergreendelipa.wixsite.com/mysite/menus
10807,"Bacon on a Stick",https://www.yelp.com/biz/bacon-on-a-stick-philadelphia?adjust_creative=YYdk1vUKqYfFqLGhOFtRAw&utm_campaign=yelp_api_v3&utm_medium=api_v3_business_lookup&utm_source=YYdk1vUKqYfFqLGhOFtRAw
10808,"Nick's Bar and Grille",https://www.yelp.com/biz/nicks-bar-and-grille-philadelphia?adjust_creative=YYdk1vUKqYfFqLGhOFtRAw&utm_campaign=yelp_api_v3&utm_medium=api_v3_business_lookup&utm_source=YYdk1vUKqYfFqLGhOFtRAw
10809,"Sonny's Famous Steaks",https://sonnyscheesesteaks.com/
10810,"Race Street Cafe",http://www.racestreetcafe.net/
10811,"Almost Home General",https://almosthomegeneral.com/
10812,"Bricco Pizza Romana",https://www.yelp.com/biz/bricco-pizza-romana-philadelphia?adjust_creative=YYdk1vUKqYfFqLGhOFtRAw&utm_campaign=yelp_api_v3&utm_medium=api_v3_business_lookup&utm_source=YYdk1vUKqYfFqLGhOFtRAw
10813,"Vista Peru",/url?q=http://www.vistaperuphilly.com/&opi=79508299&sa=U&ved=0ahUKEwjbhrL5-M2RAxUoq4kEHQlrI84Q61gIGCgO&usg=AOvVaw2A7JseOuvNxu1HgNdrunSu
10814,"Society Hill Hotel",http://societyhillhotel.com/
10815,StudioKitchen,https://www.yelp.com/biz/studiokitchen-philadelphia?adjust_creative=YYdk1vUKqYfFqLGhOFtRAw&utm_campaign=yelp_api_v3&utm_medium=api_v3_business_lookup&utm_source=YYdk1vUKqYfFqLGhOFtRAw
10816,Fork,https://www.yelp.com/biz/fork-philadelphia?adjust_creative=YYdk1vUKqYfFqLGhOFtRAw&utm_campaign=yelp_api_v3&utm_medium=api_v3_business_lookup&utm_source=YYdk1vUKqYfFqLGhOFtRAw
10817,"Black Hen Fried Chicken",https://www.yelp.com/biz/black-hen-fried-chicken-philadelphia?adjust_creative=YYdk1vUKqYfFqLGhOFtRAw&utm_campaign=yelp_api_v3&utm_medium=api_v3_business_lookup&utm_source=YYdk1vUKqYfFqLGhOFtRAw
10818,"Philly's Gourmet Steaks",http://www.phillysgourmetsteaks.com/
10819,"Coffee Tea & Company",https://www.yelp.com/biz/coffee-tea-and-company-philadelphia?adjust_creative=YYdk1vUKqYfFqLGhOFtRAw&utm_campaign=yelp_api_v3&utm_medium=api_v3_business_lookup&utm_source=YYdk1vUKqYfFqLGhOFtRAw
10820,"La Famiglia Ristorante",https://lafamiglia.com/
10821,"Red Owl Tavern",https://www.yelp.com/biz/red-owl-tavern-philadelphia-2?adjust_creative=YYdk1vUKqYfFqLGhOFtRAw&utm_campaign=yelp_api_v3&utm_medium=api_v3_business_lookup&utm_source=YYdk1vUKqYfFqLGhOFtRAw
10822,Panorama,https://www.yelp.com/biz/panorama-philadelphia-2?adjust_creative=YYdk1vUKqYfFqLGhOFtRAw&utm_campaign=yelp_api_v3&utm_medium=api_v3_business_lookup&utm_source=YYdk1vUKqYfFqLGhOFtRAw
10823,"Baby Buns Philly",https://www.yelp.com/biz/baby-buns-philly-philadelphia?adjust_creative=YYdk1vUKqYfFqLGhOFtRAw&utm_campaign=yelp_api_v3&utm_medium=api_v3_business_lookup&utm_source=YYdk1vUKqYfFqLGhOFtRAw
