name,city,state
"Alam Restaurant",Birmingham,AL
"Lin's Grand Buffet",Phoenix,AZ
"Ahuevo Cafe",Tolleson,AZ
Hiroshi,"Los Altos",CA
"APL BBQ","Los Angeles",CA
"Casa Vega","Los Angeles",CA
"Omelet House","San Diego",CA
"Omelette House","San Diego",CA
"TK's Surf and Turf",Denver,CO
"The Works",Denver,CO
"Frank Pepe Pizzeria","New Haven",CT
"Sally's Apizza","New Haven",CT
Kouzina,Stamford,CT
"Shaking Crab",Washington,DC
"Italian restaurant","Washington, DC",DC
drift,"Hutchinson Island",FL
"Kaikai Farm",Indiantown,FL
"Ball and Chain","Little Havana",FL
"Café Bastille",Miami,FL
"Tropezón",Miami,FL
Macchialina,"Miami Beach",FL
"Strawberry Moon","Miami Beach",FL
"Lovely’s","Miami Gardens",FL
"Twenty Pho Hour",Orlando,FL
"Moe's",Atlanta,GA
"Paradox Lounge",Atlanta,GA
"International Kabab House","Stone Mountain",GA
"Black Shamrock Tavern",Honolulu,HI
"Ground Level Lounge",Honolulu,HI
"HANGRY CLUCK",Chicago,IL
Prova,Chicago,IL
"Osteria Francescana",Modena,Italy
"Shirafù Kirchberg",Luxembourg,L-2721
"Pauli’s",Boston,MA
"Student Prince",Springfield,MA
MDRD,"Grand Rapids",MI
"Hookah Lounge","St. Louis",MO
"3BK Dubai",Dubai,N/A
"やおきパン",Fukuoka,N/A
"やぐら",Fukuoka,N/A
"今屋のハンバーガー",Fukuoka,N/A
"Bob’s Diner","Mexico City",N/A
"Cardinal Casa de Café","Mexico City",N/A
"Citizen Rooftop","Mexico City",N/A
"Expendio de Maíz","Mexico City",N/A
"Handshake Speakeasy","Mexico City",N/A
"La Gruta","Mexico City",N/A
"Panadería Rosetta","Mexico City",N/A
"Tacos El Don","Mexico City",N/A
"Piazza di Roma",Aberdeen,NJ
"Limoncello at Piazza di Roma","Aberdeen Township",NJ
"Heirloom Kitchen","Asbury Park",NJ
"The Saint Laurent Social Club","Asbury Park",NJ
"Habeebi’s Soul Food","Atlantic City",NJ
"Kelsey’s Soul Food AC","Atlantic City",NJ
"The Balcony","Atlantic City",NJ
"Feed Ya Soul",Avenel,NJ
"Hills of Herat","Basking Ridge",NJ
"American On J",Bayonne,NJ
Americano,Bayonne,NJ
"Ms Wandas",Bayonne,NJ
"Beyond Soul",Belleville,NJ
"Xaman Room Speakeasy",Belleville,NJ
CHEESSTEAKS,Belmar,NJ
DJais,Belmar,NJ
"Kaya’s Kitchen",Belmar,NJ
"Pink Cabana",Belmar,NJ
"Blue Steel Pizza Company",Bloomfield,NJ
"Casa de Flora Bar Luxury Cafe",Bloomfield,NJ
"Crabs on the Way",Bloomfield,NJ
"Grove Grill",Bloomfield,NJ
"The Grove Grill",Bloomfield,NJ
"Di Fara",Brick,NJ
"Cheese Plate Queen",Brooklyn,NJ
"Leah's Cucina",Brooklyn,NJ
Razzan,Brooklyn,NJ
"Shaka Club",Brooklyn,NJ
ShopRite,Brooklyn,NJ
"Sisters Spot",Brooklyn,NJ
"Soul Food NJ",Brooklyn,NJ
"Stop & Shop",Brooklyn,NJ
"Vinnie's Pizzeria",Brooklyn,NJ
"best soul food spot",Brooklyn,NJ
"Calandra's",Caldwell,NJ
"il Vecchio Cafe",Caldwell,NJ
"Bookers Lounge",Camden,NJ
Kheese,Camden,NJ
"Kings Men LLC",Camden,NJ
"Krack & Kheese",Camden,NJ
"Steven Soul Food",Camden,NJ
"Taco Loco",Camden,NJ
"Tony and Ruth's Steaks",Camden,NJ
"Monai soulfood",Carteret,NJ
"Monai's",Carteret,NJ
"Monai’s Soul Food Restaurant",Carteret,NJ
"Ou La",Carteret,NJ
"Amazin Taste","Central NJ",NJ
"Boiling House","Cherry Hill",NJ
"Crab Cakes","Cherry Hill",NJ
"New Restaurant","Cherry Hill",NJ
Shangri-La,"Cherry Hill",NJ
"Shangri-La Chill","Cherry Hill",NJ
Tuscana,"Cherry Hill",NJ
"bistro cherry hill","Cherry Hill",NJ
"Star Tavern","City of Orange",NJ
"Lumpy’s BBQ",Clementon,NJ
Bogeys,Clifton,NJ
"Bubamara Cafe",Clifton,NJ
"Cafe Bubamara",Clifton,NJ
"Damasco Cafe NJ",Clifton,NJ
"Damascus Cafe",Clifton,NJ
"La Bonita",Clifton,NJ
"Made in Miami",Clifton,NJ
"Tommy’s",Clifton,NJ
Yasmeen,Clifton,NJ
"exact venue name",Clifton,NJ
wahizzaclifton,Clifton,NJ
"Lex Living Life",Cranford,NJ
"The Deluxe Way",Cranford,NJ
"Urban Burger Cranford",Cranford,NJ
"Dawson's Soul Food",Deptford,NJ
"Umi Deptford",Deptford,NJ
Umideptford,Deptford,NJ
"Los Bandoleros Tacos","East Brunswick",NJ
"O Cook Shop","East Orange",NJ
"Tasha’s Caribbean & Soul Food Cuisine","East Orange",NJ
"Tasha’s Carribean & Soul Food Cuisine","East Orange",NJ
"Caffe Roma","East Rutherford",NJ
Jarana,"East Rutherford",NJ
"Joe C's","East Rutherford",NJ
"Joe C’s","East Rutherford",NJ
Sakai,"East Rutherford",NJ
"Sports Bar","East Rutherford",NJ
"Don Coqui",Edgewater,NJ
"Life After Restaurant & Lounge",Edgewater,NJ
"Mitsuwa Marketplace",Edgewater,NJ
"Addy’s BBQ",Edison,NJ
"Clo Coffee",Edison,NJ
"H Mart",Edison,NJ
"Kura Sushi",Edison,NJ
"The Canvas & Grapes Experience",Edison,NJ
"Wus Fish House",Edison,NJ
"PIER 73 BAR & LOUNGE",Elizabeth,NJ
CALEDERA,Englewood,NJ
"CALEDERA at Vida Garden",Englewood,NJ
"Llama House",Englewood,NJ
czenenglewood,Englewood,NJ
"El Charro Costeño",Ewing,NJ
"The Big Easy",Ewing,NJ
"Ruocco's Restaurant",Fairfield,NJ
"Tall Oaks Brew",Farmingdale,NJ
"Woody’s Roadside Tavern",Farmingdale,NJ
"El Asadero","Fort Lee",NJ
"Otter Fine Sushi & Beyond","Fort Lee",NJ
Andaaz,"Franklin Park",NJ
Aarzu,Freehold,NJ
Charkol,Freehold,NJ
"Da Rosario Ristorante",Freehold,NJ
"Pastrami Grill Bistro",Garfield,NJ
"Maria Station Cafe","Gloucester City",NJ
"Paula's Soul Food Cafe",Hackensack,NJ
"Paula’s Soul Food",Hackensack,NJ
"Paula’s Soul Food Cafe",Hackensack,NJ
"Jersey Kebab","Haddon Township",NJ
"Rats Restaurant",Hamilton,NJ
"Henri's Hotts BBQ",Hammonton,NJ
"Boiler Room",Hoboken,NJ
"Carlos Bakery",Hoboken,NJ
"Pier 13",Hoboken,NJ
Patricias,Holmdel,NJ
"Jives Cafe",Howell,NJ
"Big G Jamaican",Irvington,NJ
"Bobby Wong’s",Irvington,NJ
"Chef Teekay",Irvington,NJ
Chefteekay,Irvington,NJ
Marlos,Irvington,NJ
Mangia,Jackson,NJ
Thumkaa,Jamesburg,NJ
"Brownstone Pancake Factory",Jersey,NJ
"Carolyn’s Soul Food","Jersey City",NJ
"Gabriella's","Jersey City",NJ
"Halftime Grill","Jersey City",NJ
"Hudson & Co. Bar & Grill","Jersey City",NJ
"Latitude Zero Restaurant","Jersey City",NJ
Malatown,"Jersey City",NJ
Meximodo,"Jersey City",NJ
"NJ restaurant","Jersey City",NJ
"Rooftop at Exchange Place","Jersey City",NJ
"Tavern A Veranda","Jersey City",NJ
"The Ashford","Jersey City",NJ
"one of my favorite NJ restaurants","Jersey City",NJ
"The Crabpae",Kenilworth,NJ
"Chez Alice",Lambertville,NJ
"Under the Moon",Lambertville,NJ
"Blended Flavors",Linden,NJ
"Don Tequila",Lindenwold,NJ
"Don Tequila Restaurant",Lindenwold,NJ
"Willy’s Munch Gourmet","Little Ferry",NJ
"A Mother's Touch",Livingston,NJ
"A Mothers Touch",Livingston,NJ
"A Mother’s Touch",Livingston,NJ
"Turano's Pizza Kitchen",Livingston,NJ
"Genova Pizza","Long Beach",NJ
"La Lupa",Manalapan,NJ
"Arca Restaurant",Manhattan,NJ
"Aura Lounge",Manhattan,NJ
"Best New Fried Chicken Restaurant",Manhattan,NJ
"Bogey's",Manhattan,NJ
"Brooklyn Square Pizza",Manhattan,NJ
"Buffalo’s",Manhattan,NJ
"Ciao & Cello",Manhattan,NJ
"Cubby’s 1 1/2",Manhattan,NJ
"Cucina Palermo",Manhattan,NJ
Eatatcooks.com,Manhattan,NJ
"Game Bar",Manhattan,NJ
"Granny's Spot",Manhattan,NJ
"Granny’s Spot",Manhattan,NJ
"Rnb Brunch Sundays NJ",Manhattan,NJ
"Sticky Catfish",Manhattan,NJ
"The Girliest Cafe",Manhattan,NJ
"sisters spot",Manhattan,NJ
CRABBAE,Maplewood,NJ
"Sweet Chili Oxtails",Maplewood,NJ
"Sette Marlboro",Marlboro,NJ
"Source Brewing",Marlboro,NJ
"Spaghetti Eddie",Meadowlands,NJ
"The #1 cheese steak in south jersey",Merchantville,NJ
"Life at Cais",Metuchen,NJ
"Mangia Toscano",Metuchen,NJ
"RIPOSO Coffee Roasters","Middletown Township",NJ
"Unwined Boutique","Millburn-Short Hills",NJ
"Jasper Stone",Monroe,NJ
"Jasper Stone Italian Steakhouse","Monroe Township",NJ
"Luigino's Parmigiana",Montclair,NJ
"Mattarello Bakery",Montclair,NJ
Roosters,Montclair,NJ
"Seoul Bistro",Montclair,NJ
"Rey Sol Coffee",Morristown,NJ
"The Union Firehouse","Mount Holly",NJ
"The Hub Murray Hill","Murray Hill",NJ
"Beneduce Vineyards",NJ,NJ
Jerkies,NJ,NJ
Kpot,NJ,NJ
"Matera's on the Park",NJ,NJ
"Pina's Kitchen",NJ,NJ
"Renault Winery Resort",NJ,NJ
"Sprinkle Me Up Bakery",NJ,NJ
"The Cannoli Shop NJ",NJ,NJ
"Top Pot",NJ,NJ
"newest and best soul food",NJ,NJ
"Park Social",Neptune,NJ
Sakana,"New Brunswick",NJ
"domi soul fusion","New Brunswick",NJ
"Carrello di Cannoli","New Jersey",NJ
"Casa Ragazzini","New Jersey",NJ
"Great soul food spot","New Jersey",NJ
"Moka Cafe","New Jersey",NJ
"NJ Pier 73","New Jersey",NJ
"Rnb Brunch Sundays","New Jersey",NJ
"Soul Food in New Jersey","New Jersey",NJ
"best Healthy Restaurant","New Jersey",NJ
"47 Edison Pl",Newark,NJ
"Beyond Soul Food",Newark,NJ
"Beyond Soul Restaurant",Newark,NJ
"Blueberry Café",Newark,NJ
"City Lounge",Newark,NJ
"Ikoyi Restaurant and Lounge",Newark,NJ
"Jersey & Co Gelato",Newark,NJ
"Madre & Son Soulfood Cafe",Newark,NJ
"Madre & Son Soulfood Café",Newark,NJ
"Neighborhood Favorites",Newark,NJ
"OMG Resteraunt",Newark,NJ
"The Good Eats Experience",Newark,NJ
"The Patio on Sussex",Newark,NJ
"The Yard",Newark,NJ
"Town Bar + Kitchen",Newark,NJ
citylounge,Newark,NJ
"southern restaurant",Newark,NJ
"Blazin Chicken & Gyro","North Bergen",NJ
Sandwichitos,"North Bergen",NJ
Kanoon,"North Brunswick",NJ
"Rev Rail Co","North Creek",NJ
"Emilio's Woodfire Pizza",Nutley,NJ
"Locurcio Family Markets",Nutley,NJ
"Tramonto's Pizza","Ocean Township",NJ
"The Sauce Oceanport",Oceanport,NJ
"Il Nido","Old Bridge",NJ
"Madison Modern","Old Bridge",NJ
"ORA FreeStyle Italian",Oradell,NJ
Ora,Oradell,NJ
"The Green Lounge",Paramus,NJ
"Lotus Rooftop",Passaic,NJ
"Al Basha",Paterson,NJ
Bocaditos,Paterson,NJ
"DR Pica Pollo",Paterson,NJ
"Mancora Lounge",Paterson,NJ
Taj,Paterson,NJ
"Tiff's Soul Food",Paterson,NJ
"Wings & Bang Bang Tots",Pennsauken,NJ
"Mars Kitchen",Pennsgrove,NJ
"South Jersey’s BEST breakfast spot","Pine Hill",NJ
Bojangles,Piscataway,NJ
"Sky Cafe",Pittstown,NJ
"Agricola Eatery",Princeton,NJ
"Mediterra Restaurant Princeton",Princeton,NJ
_mamannyc_,Princeton,NJ
"Cugini's Pizzeria",Queens,NJ
"Meli's Pizzeria",Queens,NJ
"Uncle Louie's Pizza",Queens,NJ
"Chicken Box",Rahway,NJ
"Cook's Kitch'n",Rahway,NJ
"Cook's KitchN",Rahway,NJ
"Cook's Kitchen",Rahway,NJ
Cookskitchn,Rahway,NJ
Eatatcooks,Rahway,NJ
"Ramsey Farmers Market",Ramsey,NJ
"Taliercio's","Red Bank",NJ
"The Melting Pot",Redbank,NJ
"Cantina 46",Ridgefield,NJ
Cantina46NJ,Ridgefield,NJ
"Lula NJ",Ridgewood,NJ
"De Lorenzo's Tomato Pies","Robbinsville Township",NJ
"El Asadero Mexican Grill","Rochelle Park",NJ
"157 E Westfield Ave","Roselle Park",NJ
"The Addy's BBQ",Sayreville,NJ
"Berkeley Cut","Seaside Heights",NJ
"Haute Dulce",Secaucus,NJ
"Eataly New Jersey","Short Hills",NJ
"Jack's Surf Turf","Short Hills",NJ
"Albariño",Shrewsbury,NJ
SicklervilleSoul,Sicklerville,NJ
"Victoria’s Kitchen",Sicklerville,NJ
"Brunch by DeMartino",Somerville,NJ
"Pink Pistachio Cafe",Somerville,NJ
"Prima Pizza Kitchen",Somerville,NJ
"Amano Pizza Inc","South Amboy",NJ
"Amazing Taste","South Bound Brook",NJ
"Best Mexican restaurant","South Jersey",NJ
"Clean Plate Preps","South Jersey",NJ
"Clean Plate Preps NJ","South Jersey",NJ
"Kitchen 519","South Jersey",NJ
"Saker World Class Bakery","South Plainfield",NJ
"Shinjuku Station Sushi Bar","South Plainfield",NJ
"Shinjuku Station Sushi Bar US","South Plainfield",NJ
"Secret Tea Room at Reeves Reed Arboretum",Summit,NJ
"Surf City Bar","Surf City",NJ
"Hens and Honey Shoppe",Swedesboro,NJ
"Angora Mediterranean",Teaneck,NJ
"Sauced Up",Teaneck,NJ
"Sauced Up NJ",Teaneck,NJ
"Sweet T’s Southern Eatery",Teaneck,NJ
"Zina’s Steakhouse",Teaneck,NJ
"Jinya Ramen Bar",Totowa,NJ
"Big Easy of Downtown Trenton",Trenton,NJ
"Gloria Boyd Soul Food",Trenton,NJ
"Infinity Lounge",Trenton,NJ
"Jean’s Kitchen",Trenton,NJ
"Royal Cakes & Cafe",Trenton,NJ
"Soul Food Sunday",Trenton,NJ
"Sweet Chili Swing Platter",Trenton,NJ
"Tracey's Kitchen",Trenton,NJ
"Tracey’s Kitchen",Trenton,NJ
"Unnamed Restaurant",Trenton,NJ
"Fried Crispy Chicken",Union,NJ
"H&S SoulFood",Union,NJ
"Union Bar and Restaurant",Union,NJ
"SMAC kitchen","Union City",NJ
"Hidden Soul Food Restaurant",Vineland,NJ
"Taste Buds Soul Food",Vineland,NJ
"Girl with a grill","Voorhees Township",NJ
"Wagyu Steak",Weehawken,NJ
"favorite NJ restaurant","Weehawken Township",NJ
"The Concourse Club",Wood-Ridge,NJ
"Sole Food",Woodbridge,NJ
"Sole Food BBQ",Woodbridge,NJ
"Strickland's Steakhouse",Woodbridge,NJ
"Blue Bottle Coffee",city,NJ
"Angelo's Pizzeria","north Jersey",NJ
"Palazzone 1960","north Jersey",NJ
"The Pasta Shop","north Jersey",NJ
"that dinner spot","south jersey",NJ
"Kith Treats","All US",NY
"Agenda Astoria",Astoria,NY
"Kam Rai Thai",Astoria,NY
Macoletta,Astoria,NY
"Pig Beach BBQ",Astoria,NY
"Pig Beach Queens",Astoria,NY
"Smoke and Mirrors",Astoria,NY
"South Beach",Astoria,NY
"The best hookah place",Astoria,NY
"Tipsy Scoop",Astoria,NY
"Zen Astoria",Astoria,NY
"hookah place",Astoria,NY
vida.nyc,Astoria,NY
"Pops & Poosh",Baldwin,NY
"El Xiringuito de la Barceloneta",Barcelona,NY
"La Boqueria Market",Barcelona,NY
"La Papa",Barcelona,NY
"Quimet y Quimet",Barcelona,NY
"Suru Bar",Barcelona,NY
"Offgrid's Cafe",Bayside,NY
"The Roundhouse",Beacon,NY
"2 Chix Brunch",Bedstuy,NY
Roca,Berlin,NY
Dandelion,"Big Indian",NY
"Boogie Down Food Hall",Bronx,NY
"CEA-LOS - CAFE",Bronx,NY
"Calabria Pork Store",Bronx,NY
"Casa della Mozzarella",Bronx,NY
"Code Red",Bronx,NY
"Egidio Pastry Shop",Bronx,NY
"Grounds Donut House",Bronx,NY
"Juici Patties",Bronx,NY
"Madonia Bakery",Bronx,NY
"Roberto's Restaurant",Bronx,NY
"Taco Tuesday",Bronx,NY
"Vogue Restaurant Lounge",Bronx,NY
"Wing Wednesday",Bronx,NY
"1140 Utica Ave",Brooklyn,NY
"24hr soul food spot",Brooklyn,NY
"4am Bar Lounge",Brooklyn,NY
"Aura Cocina",Brooklyn,NY
"BAP'S",Brooklyn,NY
"Bamboo Walk",Brooklyn,NY
"Bars and Delis",Brooklyn,NY
"Bellas Brooklyn",Brooklyn,NY
"Black Nile Seafood & Soul Food Halal Restaurant",Brooklyn,NY
Bohemia,Brooklyn,NY
"Breuklyn Tequila",Brooklyn,NY
"Brooklyn Chckn 'N' Lbstr",Brooklyn,NY
"Brooklyn Chckn n Lbstr",Brooklyn,NY
"Brooklyn Chicken and Waffles",Brooklyn,NY
"CZEN Restaurant",Brooklyn,NY
"Cafe 20 Grams",Brooklyn,NY
"Charm Bar",Brooklyn,NY
"Cloudy Donuts",Brooklyn,NY
Coda,Brooklyn,NY
Continent,Brooklyn,NY
"Cupcakes After Dark",Brooklyn,NY
"Dekalb Market Hall",Brooklyn,NY
"Djon Djon",Brooklyn,NY
"Dope Cafe",Brooklyn,NY
"Dreams of Sugar",Brooklyn,NY
"EXOTIC EATS NYC",Brooklyn,NY
Eko,Brooklyn,NY
"Elite Williamsburg",Brooklyn,NY
"Fandi Mata",Brooklyn,NY
"Farmer in the Deli",Brooklyn,NY
"Forma Pasta Factory",Brooklyn,NY
"Fornino Pizza",Brooklyn,NY
"GG’s Fish & Chips",Brooklyn,NY
"Golfzon Social",Brooklyn,NY
"HAAM Caribbean Plant Cuisine",Brooklyn,NY
"Harriet's",Brooklyn,NY
"Hey Taco Cocina",Brooklyn,NY
"Hudson Table",Brooklyn,NY
"Häagen-Dazs",Brooklyn,NY
Ichiran,Brooklyn,NY
"Jack's Dining Room",Brooklyn,NY
"KFRI Event",Brooklyn,NY
"Katie O's",Brooklyn,NY
"Katie O's Soul Food",Brooklyn,NY
"Lazy Sundaes",Brooklyn,NY
"Le Chai",Brooklyn,NY
"Little Oaxaca",Brooklyn,NY
"Lobo Cafe",Brooklyn,NY
OhBoy,Brooklyn,NY
"Osteria Brooklyn",Brooklyn,NY
"Prime 623",Brooklyn,NY
Psarakis,Brooklyn,NY
"Pura Vida Miami - Williamsburg Kent Ave",Brooklyn,NY
"Red Crab Brooklyn",Brooklyn,NY
"Red Hook Winery",Brooklyn,NY
"Rockaway Gourmet Deli",Brooklyn,NY
"SOUL FOOD & SLIDERS",Brooklyn,NY
"Set Lounge NYC",Brooklyn,NY
"Skywise Lounge",Brooklyn,NY
"Slutty Vegan",Brooklyn,NY
Smorgasburg,Brooklyn,NY
"Smorgasburg Prospect Park",Brooklyn,NY
"Sofia and Grace Cookie Co.",Brooklyn,NY
"Spices and Slices",Brooklyn,NY
"Superior Ingredients",Brooklyn,NY
Tabu,Brooklyn,NY
"Taste of Heaven",Brooklyn,NY
"The Acoustik Garden Lounge",Brooklyn,NY
"The Empanada Spot",Brooklyn,NY
"The Gatehouses",Brooklyn,NY
"The Love Lounge",Brooklyn,NY
"The Polar Lounge",Brooklyn,NY
"The Simpson",Brooklyn,NY
"The Simpson Restaurant & Bar",Brooklyn,NY
"The Soul Spot",Brooklyn,NY
Veras,Brooklyn,NY
"Vera’s Soul Food",Brooklyn,NY
"Villa Bate Alba",Brooklyn,NY
"Viva Toro",Brooklyn,NY
Woodland,Brooklyn,NY
"Woodzzy Bar & Outdoor Lounge",Brooklyn,NY
"Yummys Restaurant",Brooklyn,NY
atti.nyc,Brooklyn,NY
bkbeso,Brooklyn,NY
bun.haus,Brooklyn,NY
chefdupreeofficial,Brooklyn,NY
grottobk,Brooklyn,NY
guesthouse265,Brooklyn,NY
level.restaurant,Brooklyn,NY
theboozery,Brooklyn,NY
"Heavens Countertop",Buffalo,NY
"The Grub Plug",Buffalo,NY
"Forever Thai",Bushwick,NY
"Cityview Rooftop Lounge and Event Space","College Point",NY
"Pluto Lounge","Crown Heights",NY
Nuser-et,Dubai,NY
"Bostwick's Chowder House","East Hampton",NY
"Grindstone Donuts","East Hampton",NY
"Sisi Restaurant","East Hampton",NY
"Pietro's Pizzeria East Meadow","East Meadow",NY
venhuenyc,"East Village",NY
"Oui Cocktail Lounge",Flatbush,NY
"Ganhoo BBQ",Flushing,NY
"Spot Dessert Bar",Flushing,NY
"The Cast Iron Pot",Flushing,NY
"Mighty Quinn's BBQ","Forest Hills",NY
"Bleu Island Restaurant",Freeport,NY
"Slices on the Mile",Freeport,NY
"King Bar by David Burke","Garden City",NY
"The Red Salt Room","Garden City",NY
"The Rose Room","Garden City",NY
"Greek Kitchen",Greenpoint,NY
"Baked Cravings",Harlem,NY
"Jacob Soul Food Restaurant",Harlem,NY
"Lighthouse Fish Market",Harlem,NY
"Little Street Lounge",Harlem,NY
"Mama Pearl's Kitchen",Harlem,NY
Panda,Harlem,NY
"Positive Vibes Cafe",Harlem,NY
"Soul Food Restaurant",Harlem,NY
"Soul Food in Harlem",Harlem,NY
"Sylvia’s",Harlem,NY
"The Best SoulFood In Harlem",Harlem,NY
"Lounge on Long Island",Hempstead,NY
"Tikka Charcoal Grill",Hicksville,NY
"Aloha Krab",Hollis,NY
Fabrika,"Jackson Heights",NY
"Bora Bora",Jamaica,NY
"Lovell’s Guiding Light",Jamaica,NY
"Space Ping Pong NYC",Koreatown,NY
"Chocolate Dip",LES,NY
"Blue Seafood Restaurant Bar",Laurelton,NY
"Pin𝐤 𝐋𝕖๓Ỗภ𝓪𝓭ｅ Lounge",London,NY
"Pin𝐤 𝐋𝕖๓Ỗภ𝓪𝓭𝓮 Lounge",London,NY
"Pin𝐤 𝐋𝕖๕Ỗภ𝓪𝓭𝓮",London,NY
"Pin𝐤 𝐋𝕖๕Ỗภ𝓪𝓭𝓮 Lounge",London,NY
nightmareonbeechst,"Long Beach",NY
"Angie's Soul House","Long Island",NY
Brasas,"Long Island",NY
"Brooklyn Wing House","Long Island",NY
"Harmony Vineyards","Long Island",NY
"Juniper at the Vanderbilt","Long Island",NY
"Sexy Crab","Long Island",NY
"Soul Food Spot","Long Island",NY
"The Cook's Studio","Long Island",NY
"The Monster Crab","Long Island",NY
"The Sunset Club at Tappen","Long Island",NY
jadeeatery,"Long Island",NY
Kakes,"Long Island City",NY
"Record Room","Long Island City",NY
extrabutter,"Long Island City",NY
theinfamouslic,"Long Island City",NY
"Ralph’s Coffee",Manhasset,NY
"12 Matcha",Manhattan,NY
1803,Manhattan,NY
"1803 NYC",Manhattan,NY
"2 Floors NYC Nightclub",Manhattan,NY
"21 Greenpoint",Manhattan,NY
"230 Fifth",Manhattan,NY
"230 Fifth Rooftop",Manhattan,NY
"2331 12th Avenue",Manhattan,NY
"318 Lafayette",Manhattan,NY
"420 Bar Lounge",Manhattan,NY
"53 Restaurant",Manhattan,NY
"A Hidden Gem",Manhattan,NY
"A.R.T Nomad",Manhattan,NY
"Aakosha Bentley",Manhattan,NY
Ainsworth,Manhattan,NY
"Ainsworth NYC",Manhattan,NY
Aitana,Manhattan,NY
"Aliya Cocktail Den at Hotel Indigo",Manhattan,NY
"Alpha Astoria",Manhattan,NY
Ambra,Manhattan,NY
"Amy Ruth's",Manhattan,NY
"Angelina’s",Manhattan,NY
AnnTremet,Manhattan,NY
AperiBar,Manhattan,NY
"Aperol Spritz Bar",Manhattan,NY
"Apotheke Nomad",Manhattan,NY
"Aqua Boil",Manhattan,NY
"Aqua Boil NYC",Manhattan,NY
Aquarelle,Manhattan,NY
"Arlo Nomad Diner",Manhattan,NY
"Arlo Nomad Rooftop",Manhattan,NY
Artesano,Manhattan,NY
"Artisano Peruvian Cuisine",Manhattan,NY
"Atlantic Restaurant",Manhattan,NY
"Atomo Beanless Coffee",Manhattan,NY
"Au Cheval",Manhattan,NY
"Aunt Jake's",Manhattan,NY
"Aura 57",Manhattan,NY
"Avant Garden",Manhattan,NY
"Awesome Hibachi",Manhattan,NY
Ayza,Manhattan,NY
"Ayza Wine & Chocolate Bar",Manhattan,NY
"Ayzan NYC",Manhattan,NY
"Azul On The Rooftop",Manhattan,NY
"BLVD Bistro",Manhattan,NY
"Baby Grand",Manhattan,NY
"Baby Grand LES",Manhattan,NY
"Baccarat Hotel",Manhattan,NY
"Baccarat Hotel New York",Manhattan,NY
Backstage,Manhattan,NY
"Baires Grill",Manhattan,NY
"Baji Baji",Manhattan,NY
"Bar Après",Manhattan,NY
"Bar Blondeau",Manhattan,NY
"Bar Calico",Manhattan,NY
"Bar Cima",Manhattan,NY
"Bar Primi",Manhattan,NY
"Bar Sprezzatura",Manhattan,NY
"Bartley Dunne's",Manhattan,NY
"Basquiat Bar",Manhattan,NY
"Bateaux Dinner Cruise",Manhattan,NY
"Beast and Butterflies",Manhattan,NY
"Beetle House",Manhattan,NY
"Bello and Angelo",Manhattan,NY
"Berimbau Brazilian Cuisine",Manhattan,NY
"Big Apple Brunch",Manhattan,NY
"Birdland Jazz Club",Manhattan,NY
"Black Nile",Manhattan,NY
"Blend Lounge NYC",Manhattan,NY
"Blossom's Soul Food Fusion",Manhattan,NY
"Blossoms Soul Food Fusion",Manhattan,NY
"Book Club Bar",Manhattan,NY
"Bourbon Steak",Manhattan,NY
"Brett’s Deli",Manhattan,NY
"Brunch for the People",Manhattan,NY
"Butler Bakery",Manhattan,NY
"Butterdose Cafe",Manhattan,NY
"Cacao Bar",Manhattan,NY
Cadence,Manhattan,NY
"Cafe Carmellini",Manhattan,NY
"Cafe Otto",Manhattan,NY
"Candle Cafe",Manhattan,NY
Cantina,Manhattan,NY
"Capital One Café - 59th & Lex",Manhattan,NY
"Carnegie Deli",Manhattan,NY
"Casa Bond",Manhattan,NY
Cathedrale,Manhattan,NY
"Cauldron Chicken",Manhattan,NY
"Cecconi’s Dumbo",Manhattan,NY
"Cecconi’s specifically at the Dumbo location",Manhattan,NY
"Cello’s Pizzeria",Manhattan,NY
"Central Park Boathouse",Manhattan,NY
"Champagne Problems",Manhattan,NY
"Champion Pizza",Manhattan,NY
"Cheeky Sandwiches",Manhattan,NY
"Chelsea Market",Manhattan,NY
"Chica and the Don",Manhattan,NY
"Christmas Bar",Manhattan,NY
"City Vineyard",Manhattan,NY
"City Vineyards",Manhattan,NY
"Claw Daddy's",Manhattan,NY
"Clemente Bar",Manhattan,NY
Cobblefish,Manhattan,NY
"Coco Social",Manhattan,NY
"Cold Stone Creamery",Manhattan,NY
"Cover Restaurant",Manhattan,NY
"Crazy Pizza",Manhattan,NY
"Crepe House",Manhattan,NY
"Cuts and Slices",Manhattan,NY
Daintree,Manhattan,NY
"Datz Deli",Manhattan,NY
"Dear Irving On Hudson",Manhattan,NY
"Deli Boyz",Manhattan,NY
"Din Tai Fung",Manhattan,NY
"Django Jazz",Manhattan,NY
"Docks Off 5th",Manhattan,NY
"Drink Up",Manhattan,NY
"Drink Up NYC",Manhattan,NY
"Drink Up in NYC",Manhattan,NY
"Dumbo House",Manhattan,NY
"Dutch Fred’s",Manhattan,NY
Eataly,Manhattan,NY
"Eataly Flatiron",Manhattan,NY
"Ebi-ayo Supper",Manhattan,NY
"Ebi-ayo Supper Club",Manhattan,NY
"El Nico",Manhattan,NY
"El Rio Grande",Manhattan,NY
"Electric Shuffle",Manhattan,NY
"Eleven Madison Park",Manhattan,NY
Essex,Manhattan,NY
"Euphoria Brunch",Manhattan,NY
Everdene,Manhattan,NY
"Everdene at The Virgin Hotels",Manhattan,NY
FIELDTRIP,Manhattan,NY
"Fairytale Lounge",Manhattan,NY
Feste,Manhattan,NY
"Fig 19",Manhattan,NY
"File Gumbo Bar",Manhattan,NY
"File Gumbo Louisiana Style Cuisine",Manhattan,NY
"Fleur Room",Manhattan,NY
"Flippers Pancakes",Manhattan,NY
Fornino,Manhattan,NY
"Fried Catfish",Manhattan,NY
"Fried Catfish Today",Manhattan,NY
"Frosty's Holiday Bar",Manhattan,NY
"Frosty’s",Manhattan,NY
Fumo,Manhattan,NY
"Funny Face Bakery",Manhattan,NY
"Fushimi Group Times Square",Manhattan,NY
"Gallow Green",Manhattan,NY
"Ghirardelli Chocolate & Ice Cream Shop",Manhattan,NY
"Gitano NYC",Manhattan,NY
"Gnocchi on the Go",Manhattan,NY
"Golden Diner",Manhattan,NY
"Golden Girls Kitchen",Manhattan,NY
"Grand Banks",Manhattan,NY
"Grand Brasserie",Manhattan,NY
"Grinchy’s at Roberta’s",Manhattan,NY
Gyukaku,Manhattan,NY
H0L0,Manhattan,NY
"Harbor New York City",Manhattan,NY
"Havana Social",Manhattan,NY
"Heineken Riverdeck",Manhattan,NY
"Hey Thai",Manhattan,NY
HeyTea,Manhattan,NY
Hibachiomakase,Manhattan,NY
Highball,Manhattan,NY
"Highlight Room",Manhattan,NY
"Hotel Hennes NYC",Manhattan,NY
Huset,Manhattan,NY
"I Got Balls",Manhattan,NY
ISHQ,Manhattan,NY
"Il Mulino",Manhattan,NY
"Industry Kitchen",Manhattan,NY
"Infused Ice Cream Spot",Manhattan,NY
Itakitchen,Manhattan,NY
"JBF Platform",Manhattan,NY
"Jaffa Cocktail & Raw Bar",Manhattan,NY
Jalao,Manhattan,NY
"Jasmine’s Caribbean Cuisine",Manhattan,NY
"Jerk House Caribbean",Manhattan,NY
"Jewel Thief",Manhattan,NY
Kaizen,Manhattan,NY
"Kam Rai",Manhattan,NY
"Karla Restaurant",Manhattan,NY
Kebabwala,Manhattan,NY
Khaosan,Manhattan,NY
"King's Hawaiian",Manhattan,NY
Kjun,Manhattan,NY
"Kona Big Wave",Manhattan,NY
"Kyma Hudson Yards",Manhattan,NY
Kyuramen,Manhattan,NY
"La Barca Cantina",Manhattan,NY
"La Boca",Manhattan,NY
"La Caverna",Manhattan,NY
"La Cubana",Manhattan,NY
Lacubana,Manhattan,NY
"Ladurée",Manhattan,NY
"Lagos NYC",Manhattan,NY
"Lama Cafe",Manhattan,NY
"Lamia's Fish Market",Manhattan,NY
Laserwolf,Manhattan,NY
"Le Basque",Manhattan,NY
"Le Petit",Manhattan,NY
"Level Restaurant",Manhattan,NY
"Liberty Bistro",Manhattan,NY
"Lighthouse Rooftop",Manhattan,NY
"Lillie's Victorian",Manhattan,NY
"Lily of The Valley Afternoon Tea",Manhattan,NY
Limusina,Manhattan,NY
"Lion’s Milk",Manhattan,NY
"Little Charlie NYC",Manhattan,NY
"Little Sister Lounge",Manhattan,NY
Lohi,Manhattan,NY
"Loreley Restaurant",Manhattan,NY
"Lori Jayne",Manhattan,NY
"Los Tacos No. 1",Manhattan,NY
"Lost In Paradise",Manhattan,NY
"Lounge at Mandarin Oriental New York",Manhattan,NY
"Lucy's Sausage",Manhattan,NY
"Luv Pizza",Manhattan,NY
"L’Adresse American Bistro",Manhattan,NY
"Magaritaville Resort",Manhattan,NY
"Maison Close",Manhattan,NY
Majorelle,Manhattan,NY
"Malibu Farm",Manhattan,NY
"Mama Taco",Manhattan,NY
Maman,Manhattan,NY
Manhatta,Manhattan,NY
"Margaritaville Times Square",Manhattan,NY
"Mariebelle Chocolate Experience",Manhattan,NY
"Market Table",Manhattan,NY
"McDonald’s Popup",Manhattan,NY
"Medusa Mediterranean Cuisine",Manhattan,NY
"Meduza Mediterrania",Manhattan,NY
Meili,Manhattan,NY
"Mercury Lounge",Manhattan,NY
Metropolis,Manhattan,NY
"Mezze on the River",Manhattan,NY
"Mian Kitchen",Manhattan,NY
"Mia’s Cocina",Manhattan,NY
"Mickey Spillane",Manhattan,NY
"Mickey Spillane's",Manhattan,NY
"Mighty Quinn’s",Manhattan,NY
"Mikiya New York",Manhattan,NY
"Milano Market",Manhattan,NY
"Milk + Roses",Manhattan,NY
"Minuto Bauli",Manhattan,NY
Mira,Manhattan,NY
"Miss Nellie’s Victorian Theme Restaurant",Manhattan,NY
"Miss Yolo’s Tacos",Manhattan,NY
"Mission Ceviche",Manhattan,NY
"Miznon NYC",Manhattan,NY
"Moho Mexican Grill",Manhattan,NY
"Mojito by David Burke",Manhattan,NY
"Moka Matcha",Manhattan,NY
"Mom's Spaghetti",Manhattan,NY
Momoya,Manhattan,NY
"Monarch Rooftop",Manhattan,NY
"Morton’s Steakhouse",Manhattan,NY
Motek,Manhattan,NY
"Ms. Kim's",Manhattan,NY
"Mulberry St Cigars",Manhattan,NY
"Mulberry Street Bar",Manhattan,NY
"Murphy's",Manhattan,NY
"Murray’s Cheese Shop",Manhattan,NY
Musaek,Manhattan,NY
"Mustrd Restaurant",Manhattan,NY
"My fav bar",Manhattan,NY
"Mysttik Masaala",Manhattan,NY
"NY Willy Wall",Manhattan,NY
"NYC Kitchen",Manhattan,NY
"Native Harlem",Manhattan,NY
Negril,Manhattan,NY
Nerai,Manhattan,NY
"New Star Deli",Manhattan,NY
"Nikki’s Kitchen",Manhattan,NY
"ONE Dine",Manhattan,NY
"Oh WE TALKING OXTAILS",Manhattan,NY
"Old Fashion Café",Manhattan,NY
Ollie,Manhattan,NY
"Olly Olly Market",Manhattan,NY
"One40 Rooftop",Manhattan,NY
Ophelia,Manhattan,NY
"Ophelia Lounge",Manhattan,NY
"Oscar Wilde",Manhattan,NY
Overstory,Manhattan,NY
Oxtails,Manhattan,NY
PPL,Manhattan,NY
"Palm Court",Manhattan,NY
"Palm Court at The Plaza Hotel",Manhattan,NY
"Palma Verde",Manhattan,NY
"Panda Harlem",Manhattan,NY
Paninoteca,Manhattan,NY
"Panorama Room",Manhattan,NY
"Papillon Bistro & Bar",Manhattan,NY
"Paradise Club",Manhattan,NY
"Partake NYC",Manhattan,NY
Passerine,Manhattan,NY
Pastasole,Manhattan,NY
"Patridge Bistro & Bar",Manhattan,NY
"Patty Palace",Manhattan,NY
"Peak Restaurant & Bar",Manhattan,NY
"Pera Soho",Manhattan,NY
"Pier 17 Roof",Manhattan,NY
"Pier I Cafe",Manhattan,NY
"Plantshed SoHo",Manhattan,NY
"Plowshares Coffee",Manhattan,NY
"Point Seven",Manhattan,NY
"Point Seven Seafood Focused Restaurant",Manhattan,NY
"Polly’s Speakeasy",Manhattan,NY
"Popup Bagels",Manhattan,NY
"Porter House",Manhattan,NY
"Portrait Bar",Manhattan,NY
"Postcard Bakery",Manhattan,NY
"Prestige Lounge",Manhattan,NY
Prime39,Manhattan,NY
"Prince Street Pizza",Manhattan,NY
"Public Hotel",Manhattan,NY
"Raf's",Manhattan,NY
"Ramen and Saki",Manhattan,NY
"Ras Plant Vegan Ethiopian Cuisine",Manhattan,NY
"Rasta Pasta",Manhattan,NY
"Record Room NYC",Manhattan,NY
"Refinery Rooftop",Manhattan,NY
"River Cafe",Manhattan,NY
"Rolfs German Restaurant",Manhattan,NY
"Rory’s Rooftop Bar",Manhattan,NY
"Ruby Crab",Manhattan,NY
"Sahola Coffee",Manhattan,NY
"Saint Lounge NYC",Manhattan,NY
"Sake No Hana",Manhattan,NY
"San Sabino",Manhattan,NY
"Sandbar Rooftop",Manhattan,NY
Sangenaro,Manhattan,NY
"Scarr’s Pizza",Manhattan,NY
"Seamore's",Manhattan,NY
"Semicolon Cafe",Manhattan,NY
"Shawnae’s House",Manhattan,NY
Shirokuro,Manhattan,NY
"Skinny's Cantina on the Hudson",Manhattan,NY
SmashBurger,Manhattan,NY
"Smoke Jazz Club & Supper Club",Manhattan,NY
"Somewhere Nowhere",Manhattan,NY
"Somewhere Nowhere Rooftop",Manhattan,NY
"Somewhere Nowhere Rooftop at Renaissance NY",Manhattan,NY
"Soul Food",Manhattan,NY
"Soul N The Hole",Manhattan,NY
"Spicy Moon",Manhattan,NY
"Spicy Village",Manhattan,NY
"Spicymoon Vegan Szechuan Cuisine",Manhattan,NY
Spritz,Manhattan,NY
"Spyglass Rooftop",Manhattan,NY
"Stout NYC",Manhattan,NY
"Strip Steakhouse Speakeasy",Manhattan,NY
"Stuffed Ice Cream",Manhattan,NY
Sub-Mission,Manhattan,NY
Sullaluna,Manhattan,NY
"Sunday Morning Cinnamon Rolls",Manhattan,NY
"Sushi & Bento by Mr Lim",Manhattan,NY
"Sushi Suite 1001",Manhattan,NY
"Sweet Cats",Manhattan,NY
"Sweet Moment",Manhattan,NY
"Sylvia’s Restaurant",Manhattan,NY
"Søul",Manhattan,NY
"T Lounge NYC",Manhattan,NY
"TAN New York City",Manhattan,NY
"TS Bar",Manhattan,NY
"TWA Lounge",Manhattan,NY
"Table For Two",Manhattan,NY
Tadhana,Manhattan,NY
"Taqueria El Chato",Manhattan,NY
"Tarallucci e Vino",Manhattan,NY
"Taste of Seafood",Manhattan,NY
"Tavern on the Green",Manhattan,NY
"Temple Court inside Beekman Hotel",Manhattan,NY
"Ten 11",Manhattan,NY
"Thai Diner",Manhattan,NY
"The 40/40 Club",Manhattan,NY
"The Argyle",Manhattan,NY
"The Atelier Jolie",Manhattan,NY
"The Baazar at The Ritz Carlton",Manhattan,NY
"The Bazaar by Jose Andres",Manhattan,NY
"The Boom Room",Manhattan,NY
"The Box NYC",Manhattan,NY
"The Cabinet",Manhattan,NY
"The Chai Spot",Manhattan,NY
"The Chelsea House NYC",Manhattan,NY
"The City Is Ours NYC",Manhattan,NY
"The Common",Manhattan,NY
"The Common Park Slope",Manhattan,NY
"The Corner Store",Manhattan,NY
"The Cronut Stand",Manhattan,NY
"The Django",Manhattan,NY
"The Fine Wine Experience NYC",Manhattan,NY
"The Flatiron Room Murray Hill",Manhattan,NY
"The Fleur Room",Manhattan,NY
"The Garden at The Standard, East Village",Manhattan,NY
"The Grid",Manhattan,NY
"The Guesthouse Bistro & Bar",Manhattan,NY
"The Hairy Lemon",Manhattan,NY
"The Highlight Room",Manhattan,NY
"The Laduree",Manhattan,NY
"The Living Room",Manhattan,NY
"The Lost Draft",Manhattan,NY
"The Monkey Cup",Manhattan,NY
"The Nines",Manhattan,NY
"The Plaza Hotel",Manhattan,NY
"The Ready Rooftop",Manhattan,NY
"The Roof at Public Hotel",Manhattan,NY
"The Royal Palms Shuffleboard",Manhattan,NY
"The Tyger",Manhattan,NY
"The Vixen Of Soul Food",Manhattan,NY
"Three Peaks Lodge",Manhattan,NY
"Time Out Market",Manhattan,NY
"Time Out Market New York",Manhattan,NY
Tucci,Manhattan,NY
"Twenty Three Grand",Manhattan,NY
"Twin Tails",Manhattan,NY
UNLISTED,Manhattan,NY
UNTITLED,Manhattan,NY
"Unnamed Venue",Manhattan,NY
"Urban Cove",Manhattan,NY
"VIV Thai",Manhattan,NY
"Van Leeuwen",Manhattan,NY
"Vanderbilt Market",Manhattan,NY
"Verano NYC",Manhattan,NY
"Vert Frais",Manhattan,NY
"Vert Frais Japanese Eatery",Manhattan,NY
"Vinile Chophouse",Manhattan,NY
"Vintage Green",Manhattan,NY
"Vinyl Steakhouse",Manhattan,NY
"Virgin Hotels",Manhattan,NY
"Wabi Nori",Manhattan,NY
Watermark,Manhattan,NY
Westlight,Manhattan,NY
Westmoreland,Manhattan,NY
"Wonderland Bar",Manhattan,NY
"Wonderland Cocktail Bar",Manhattan,NY
Wontonissimo,Manhattan,NY
"Woodland’s",Manhattan,NY
"Ye’s Apothecary",Manhattan,NY
Yingtao,Manhattan,NY
"Yum Yubu",Manhattan,NY
Zoi,Manhattan,NY
Zuma,Manhattan,NY
eatprettyues,Manhattan,NY
industrykitchen,Manhattan,NY
kobanony,Manhattan,NY
melaninmimosasbrunch,Manhattan,NY
nychookahlounge,Manhattan,NY
restaurant,Manhattan,NY
speakeasy,Manhattan,NY
stagestarbackstage,Manhattan,NY
tablefortwonyc,Manhattan,NY
thecityisoursnyc,Manhattan,NY
unknown,Manhattan,NY
"unknown poké bowl restaurant",Manhattan,NY
"unknown restaurant",Manhattan,NY
"Garage Grill",Marlboro,NY
"Bacha Coffee",Marrakech,NY
"Comptoir Darna",Marrakech,NY
"Newyork lounge",Mekelle,NY
"Social Corner",Merrick,NY
"7th Street Burger",Mineola,NY
"The Rex Burger and Lobster",Mineola,NY
Wynwood,"Multiple Locations",NY
"Café Boulud Baha Mar",Nassau,NY
"Grand Hyatt",Nassau,NY
"Marcus Baha Mar",Nassau,NY
"Marcus Cooks",Nassau,NY
Rosewood,Nassau,NY
SLS,Nassau,NY
"Sapodilla Restaurant",Nassau,NY
Bittersweet,Neversink,NY
"Noma Social","New Rochelle",NY
"G & H Deli",Newburgh,NY
KYU,NoHo,NY
blackbarnrestaurant,NoMAD,NY
"A Guyanese-Chinese restaurant","North Baldwin",NY
"Guyanese-Chinese restaurant","North Baldwin",NY
Allard,Paris,NY
"Bar Les Ambassadeurs",Paris,NY
"Brasserie Flottes",Paris,NY
"Breizh Cafe",Paris,NY
"Cafe Carette",Paris,NY
"Cafe Laperouse",Paris,NY
"Cafe de l’Homme",Paris,NY
Carette,Paris,NY
"Chez Janou",Paris,NY
"Cinq Mars",Paris,NY
Derriere,Paris,NY
"La Renommee",Paris,NY
"Laduree Carrousel du Lourve",Paris,NY
"Le Procope",Paris,NY
"Le Tout",Paris,NY
"Le Voltaire",Paris,NY
"Les Jules Verne",Paris,NY
"L’Avant Comptoir de la Terre",Paris,NY
"Marius et Janette",Paris,NY
"Robert et Louise",Paris,NY
Stohrer,Paris,NY
"Stella's","Park Slope",NY
"Norsdale Phoenicia",Phoenicia,NY
"Dirty Taco and Tequila","Port Washington",NY
"Atlantic Bakery",Queens,NY
"Blend lounge",Queens,NY
"Caribbean Soul NYC",Queens,NY
"Cascade Jerk",Queens,NY
"Chew the Fat",Queens,NY
"Cream Ridgewood",Queens,NY
"Delicious Soul Food",Queens,NY
"Epic Lounge",Queens,NY
"Impulse Lounge",Queens,NY
"Little Guyana Restaurant and Lounge",Queens,NY
Mayahuel,Queens,NY
"Mon Amour Café",Queens,NY
"Q102 Pool Hall",Queens,NY
"Queens Juici Patties",Queens,NY
"Queens Night Market",Queens,NY
"Rollin' Heroes",Queens,NY
"Smash House Queens",Queens,NY
"Soul City",Queens,NY
"Soul City Taste Test",Queens,NY
"The Attic",Queens,NY
"The Chickin Box",Queens,NY
"The Green Grump Christmas Pop Up Bar",Queens,NY
"The Rooftop",Queens,NY
"Toledo Cafe",Queens,NY
"True Flavors Roti Shop",Queens,NY
"Underground Lounge",Queens,NY
"WTF Sushi",Queens,NY
"Tootsies Everything Waffle",Quinby,NY
Dasheene,"Saint Lucia",NY
"Chai Qahwah Lounge",Selden,NY
"the Apartment",SoHo,NY
"the otter soho",SoHo,NY
"Harpers Southampton",Southampton,NY
"Angelina's Kitchen","Staten Island",NY
"Ariemma's Italian Deli","Staten Island",NY
"Honey Fried Chicken","Staten Island",NY
"Lee's Tavern","Staten Island",NY
"Piece of Cake NYC","Staten Island",NY
"Shaw-nae’s House","Staten Island",NY
"Shawna's House","Staten Island",NY
"Shawnae's House","Staten Island",NY
"Søul Mac","Staten Island",NY
"Rise N Shine",Syracuse,NY
"Colima Taqueria","The Bronx",NY
"Flamez Cuisine","The Bronx",NY
Flourish,"The Bronx",NY
"Travesias NYC","The Bronx",NY
dripsnyc,"The Bronx",NY
"Le Chalet","Upstate New York",NY
"Legacy Bar & Grill","Washington Heights",NY
bluonthehudson,"Weehawken Township",NY
"The Shed",Westbury,NY
"Hear & There",Williamsburg,NY
"Lilli Star",Williamsburg,NY
Limosneros,Williamsburg,NY
"Mac Shack",Williamsburg,NY
"Sushi On Me",Williamsburg,NY
"The Cellar 42",Williamsburg,NY
made21_barlounge,Williamsburg,NY
"Volpe Ristorante at The Fox Hollow",Woodbury,NY
"Fire steak en vis restaurant",Zolder-Boekt,NY
"Baldor Specialty Foods",city,NY
"Tang by Mr. Sun",city,NY
Koi,"city name (from caption)",NY
"Hibachi Omakase","Tri-State area","NY or NJ"
"Steady Hand Cafe",city,"NY or NJ"
Lekkaburger,"city name (from caption)","NY or NJ (from caption)"
"Chano's Cantina",Astoria,"New York"
"Christos Steak House",Astoria,"New York"
"La Vecina",Astoria,"New York"
"Truth Restaurant Astoria",Astoria,"New York"
"Zikrayat Restaurant & Lounge",Astoria,"New York"
Beatstro,Bronx,"New York"
"Rosa's At Park",Bronx,"New York"
"Vistamar Restaurant & Lounge",Bronx,"New York"
"Amber Steak House",Brooklyn,"New York"
"Bee's Knees & Honey Lounge",Brooklyn,"New York"
"Blend Williamsburg",Brooklyn,"New York"
"Casa Ora",Brooklyn,"New York"
"El Zason",Brooklyn,"New York"
"Flava II Restaurant & Lounge",Brooklyn,"New York"
"Jajaja Mexicana",Brooklyn,"New York"
"Juliette Restaurant",Brooklyn,"New York"
"LILLI RESTAURANT",Brooklyn,"New York"
"La Nonna Ristorante & Bar - Williamsburg, Brooklyn",Brooklyn,"New York"
"Rule of Thirds",Brooklyn,"New York"
Sereneco,Brooklyn,"New York"
"Sungold Restaurant Brooklyn NY (Arlo Williamsburg)",Brooklyn,"New York"
"Westville Williamsburg",Brooklyn,"New York"
"Win Son",Brooklyn,"New York"
"de Mole",Brooklyn,"New York"
"Fogo de Chão Brazilian Steakhouse",Elmhurst,"New York"
"Gyu-Kaku Japanese BBQ",Flushing,"New York"
"Nick's Bistro",Flushing,"New York"
"PRIME Mēt Steakhouse",Flushing,"New York"
"PRIME Mēt Steakhouse",Flushing,"New York"
Mojo,"Forest Hills","New York"
"Salvaje Social Club NYC","Jackson Heights","New York"
"Blend on the Water","Long Island City","New York"
"Citrico Cafe","Long Island City","New York"
"Dai Hachi Sushi in Long Island City","Long Island City","New York"
Maiella,"Long Island City","New York"
"Soothr LIC","Long Island City","New York"
"Vista Sky Lounge","Long Island City","New York"
"Vista Sky Lounge","Long Island City","New York"
Sinigual,Manhattan,"New York"
Sinigual,Manhattan,"New York"
"Altair Restaurant NYC","New York","New York"
"Aretsky's Patroon","New York","New York"
"Ascent Lounge","New York","New York"
"Añejo","New York","New York"
"Añejo Tribeca","New York","New York"
BG,"New York","New York"
Barawine,"New York","New York"
Benihana,"New York","New York"
"Black Iron Burger Theater District | Hamburger restaurant Bar","New York","New York"
"Broadway Lounge","New York","New York"
"Cafe Ginori at Bergdorf Goodman","New York","New York"
"Cafe d’Alsace","New York","New York"
"Caliente Cab Co.","New York","New York"
"Casa Carmen Flatiron","New York","New York"
"Casa Cruz Upper East Side Restaurant","New York","New York"
"Castell Rooftop Lounge","New York","New York"
"Catch n' Chop","New York","New York"
"Chele's","New York","New York"
Cibar,"New York","New York"
"Cilantro West","New York","New York"
"Community Food & Juice","New York","New York"
Contour,"New York","New York"
"Crave Fishbar Upper West Side | Raw Bar & Seafood restaurant","New York","New York"
"Célon Bar & Lounge","New York","New York"
"Dos Caminos","New York","New York"
"Dos Caminos","New York","New York"
"Dos Caminos","New York","New York"
Elea,"New York","New York"
"Frida Midtown","New York","New York"
"Harlem Tavern","New York","New York"
"Havana Central Times Square","New York","New York"
"Havana Heights","New York","New York"
"Haven Rooftop","New York","New York"
"Hoexter's","New York","New York"
"IL Carino Restaurant","New York","New York"
"Jajaja Mexicana","New York","New York"
Javelina,"New York","New York"
"JoJo by Jean-Georges","New York","New York"
Kahlo,"New York","New York"
"Koi New York","New York","New York"
"Korali Estiatorio","New York","New York"
"La Palapa","New York","New York"
"La Pecora Bianca Midtown","New York","New York"
"Le Monde","New York","New York"
"Lex Restaurant","New York","New York"
"Lido Harlem Restaurant","New York","New York"
"Magic Hour Rooftop Bar & Lounge","New York","New York"
"Maison Harlem","New York","New York"
"Mamasita Bar & Grill","New York","New York"
Mamasushi,"New York","New York"
"Mamazul Mexican Grill","New York","New York"
"Marlow Bistro","New York","New York"
"Marlow East","New York","New York"
Maya,"New York","New York"
"Mexiterranean Grill","New York","New York"
"Mykonian House","New York","New York"
"Móle Mexican Bar & Grill - West Village","New York","New York"
Nizuc,"New York","New York"
"Nobu Downtown","New York","New York"
"Nobu Fifty Seven","New York","New York"
Oso,"New York","New York"
"Patrick's on the Hill","New York","New York"
"Pil Pil","New York","New York"
"Pink Taco","New York","New York"
"Playa Betty’s","New York","New York"
"RT60 Rooftop Bar & Lounge","New York","New York"
"Red Rooster Harlem","New York","New York"
"Rosa Mexicano","New York","New York"
"Rosa Mexicano","New York","New York"
"Rosehill Rooftop","New York","New York"
"Row House","New York","New York"
"San Babila NYC","New York","New York"
"Smith & Wollensky","New York","New York"
Sofrito,"New York","New York"
"TAO Uptown","New York","New York"
"The Alderman","New York","New York"
"The Fox Harlem","New York","New York"
"The Mermaid Inn Upper West Side","New York","New York"
"The Shell Seafood Kitchen & Bar","New York","New York"
"The Skylark - Rooftop Bar","New York","New York"
Tinos,"New York","New York"
Toloache,"New York","New York"
Toloache,"New York","New York"
"Toro Loco","New York","New York"
"Up Thai","New York","New York"
"Vinatería","New York","New York"
Boske,Queens,"New York"
"ZAAB ZAAB",Queens,"New York"
"Cantina Valencia Tex-Mex & Tequila Bar","Staten Island","New York"
"Laila Restaurant And Lounge","Staten Island","New York"
"Sofia's Taqueria","Staten Island","New York"
"Kelsey’s Ac",Columbus,OH
"The Golden Skillet",Ajax,ON
"Juicy Birds",Greektown,ON
"Mad Bird",Mississauga,ON
"Ana’s Hotspot",Toronto,ON
"Crossing Vineyards","Bucks County",PA
"Nektar Wine Bar","Bucks County",PA
"Conway Social Club",Lancaster,PA
"Spring House Beer",Lancaster,PA
"Cocina Mexicana",Philadelphia,PA
"Fallin Off The Bone",Philadelphia,PA
"Prime Fusion Afro Grill and Lounge",Philadelphia,PA
"Yardley Ice House",Yardley,PA
Teppanya,Clark,PH
"787 Coffee","Puerto Rico",PR
"El Rincon Tapatio",Dallas,TX
"Hattie B’s",Dallas,TX
"SEASIDE LOUNGEHTX",Houston,TX
"Nico’s Restaurant",Utah,UT
"O Lounge","Tyson's Corner",VA
gbluxurycupcakes,n/a,n/a
the5vesoul,Barcelona,none
"Tony's Tacos",Belleville,"not specified"
"Living Room Sushi Steak",Brooklyn,"not specified"
"Solo Scoop Creamery",Brooklyn,"not specified"
"Topaze Restaurant",Brooklyn,"not specified"
Wawa,"Frankfurt am Main","not specified"
Wonder,Hamburg,"not specified"
"Gooeyond Inside",Manhattan,"not specified"
"Paletas Morelia",Manhattan,"not specified"
"Red Lobster",Manhattan,"not specified"
"Topokki Witch",Manhattan,"not specified"
apastabar,Manhattan,"not specified"
bee.lounge,Manhattan,"not specified"
"coremg Movay Brunch",Manhattan,"not specified"
selfup,Manhattan,"not specified"
"Zen lounge",Queens,"not specified"
latino_bites,Queens,"not specified"
"333 Lounge",Brooklyn,unknown
"Lakou Cafe",Brooklyn,unknown
"The Suite Restaurant",Brooklyn,unknown
"8 Bit Bites",Manhattan,unknown
"Chinese Restaurant",Manhattan,unknown
Pho,Manhattan,unknown
thekitsby,Manhattan,unknown
"Madre and Son",Newark,unknown
"Tropical Jerk",Queens,unknown
"Red Hot Mammas","Royal Leamington Spa",unknown
