id,name,category,city,address
11415,"154 Scott Ave",nightclub,"New York","154 Scott Ave, Brooklyn, NY 11237"
11416,"20 Church St",nightclub,"New York","20 Church St, Jamaica, NY 11414"
11417,"200 Central Park S",nightclub,"New York","200 Central Park S, New York, NY 10019"
11418,"315 Meserole",nightclub,"New York","315 Meserole St, Brooklyn, NY 11206"
11419,"434 E 9th St",nightclub,"New York","434 E 9th St, New York, NY 10009"
11420,"58 Avenue A",nightclub,"New York","58 Avenue A, New York, NY 10009"
11421,"5th & Mad",nightclub,"New York","Jonestown, TX 78645"
11422,"617 W 46th St",nightclub,"New York","617 W 46th St, New York, NY 10036"
11423,"64-02 Myrtle Ave",nightclub,"New York","64-02 Myrtle Ave, Flushing, NY 11385"
11424,"65 Kent Ave, Brooklyn, NY 11249, USA",nightclub,"New York","65 Kent Ave, Brooklyn, NY 11249"
11288,"99 Scott Ave",nightclub,"New York","99 Scott Ave, Brooklyn, NY 11237"
11429,"After Party",nightclub,"New York","299 Vandervoort Ave, Brooklyn, NY 11211"
11437,"Atlantic Avenue Brooklyn NY",nightclub,"New York","New York, NY"
11442,"B New York New York United States",nightclub,"New York","New York, NY 10009"
11446,"Bar Sprezzatura
Ring",nightclub,"New York",
11447,Barcelona,nightclub,"New York","Westfield, NY 14787"
11454,"Boardroom Bar NYC",nightclub,"New York",
11458,"Bolo Bolo Café & Bakery",nightclub,"New York","364 Richmond St W, Toronto, ON M5V 1X6, Canada"
11342,Bounce,nightclub,"New York",
11465,"Bravos lounge",nightclub,"New York","261 Dyckman St, New York, NY 10034"
11468,"Brooklyn NY
Age",live_music,"New York",
11471,"Bryant Park Hotel
Sunday",nightclub,"New York",
11474,"CIVILIAN Hotel
Featuring Starchild Rooftop",nightclub,"New York",
11475,"Cabanas at the Maritime",nightclub,"New York","3700 Surf Ave, Brooklyn, NY 11224"
11476,"Cafè Lakay",nightclub,"New York","3323 Avenue I, Brooklyn, NY 11210"
11480,"Casa Bocado",nightclub,"New York","341 Broome St, New York, NY 10013"
11487,Cielo,nightclub,"New York","14 Little W 12th St, New York, NY 10014"
11352,"Cin Cin Lounge
Ring",nightclub,"New York",
11490,"Civilian Hotel
Ring",nightclub,"New York",
11494,"Common Country
Midnight",live_music,"New York",
11495,"Common Ground After Party",nightclub,"New York",
11496,"Concert Grove Pavilion, Prospect Park",nightclub,"New York","153 East Dr, Brooklyn, NY 11225"
11356,Delilah,live_music,"New York","155 Rivington St, New York, NY 10002"
11504,"Desert 5 Spot NY",nightclub,"New York",
11509,"El Nico Rooftop by The Penny Williamsburg",nightclub,"New York",
11511,"Elevate Nightclub",nightclub,"New York","123-07 Liberty Ave, South Richmond Hill, NY 11419"
11520,"Frames Times Square",nightclub,"New York",
11525,Griffin,nightclub,"New York","Wells, NY 12190"
11526,"Guy's American Kitchen",nightclub,"New York","229 West 43rd Street, 220 W 44th St, New York, NY 10036"
11361,"HB Burger",nightclub,"New York","127 W 43rd St, New York, NY 10036"
11321,"HOA (HOME OF ASTORIA)",nightclub,"New York","28-49 Steinway St, Astoria, NY 11103"
11527,"HOA - HOME OF ASTORIA",nightclub,"New York",
11363,"HOA HOME OF ASTORIA",nightclub,"New York","28-49 Steinway St, Astoria, NY 11103"
11530,Haus,nightclub,"New York","135 Franklin St, Brooklyn, NY 11222"
11534,Hill,live_music,"New York","New York, NY"
11535,"Hoa Astoria",nightclub,"New York",
11369,"House of Brews has",nightclub,"New York","363 W 46th St, New York, NY 10036"
11539,"Houston Hall
A Grand Beer Hall Celebration",live_music,"New York",
11549,"Jeromes
Sunday",nightclub,"New York",
11555,"LEVEL 2 (SECOND FLOOR) - HOME OF ASTORIA",nightclub,"New York",
11557,LPR,nightclub,"New York",
11559,"Laissez Faire
A Chic",nightclub,"New York",
11561,"Late Late",live_music,"New York","159 E Houston St, New York, NY 10002"
11563,"Le Bain, The Standard Hotel",nightclub,"New York",
11309,"Location TBA",live_music,"New York","346 W 40th St, New York, NY 10018"
11572,"Los Feliz",nightclub,"New York","109 Ludlow St, New York, NY 10002"
11577,"Lucky Strike - Times Square",nightclub,"New York",
11584,"Maple NYC at the Night Hotel",nightclub,"New York","157 W 47th St, New York, NY 10036"
11589,"Meatpacking NYC Party Pass",nightclub,"New York","New York, NY 10014"
11597,Motivo,live_music,"New York","915 Broadway, New York, NY 10010"
11376,"New York Beer Company",nightclub,"New York","321 W 44th St, New York, NY 10036"
11323,"New York City's Johnny Utah's",nightclub,"New York","90 Greenwich Ave, New York, NY 10011"
11286,Nexo,nightclub,"New York","29 W 36th St., New York, NY 10018"
11605,Nightmoves,nightclub,"New York","295 Grand St, Brooklyn, NY 11211"
11607,Noir,nightclub,"New York","357 W 16th St, New York, NY 10011"
11325,"ONE Manhattan",nightclub,"New York","New York, NY 10035"
11612,"Pando Park Avenue",nightclub,"New York","450 Park Ave S, New York, NY 10016"
11617,Petaluma,nightclub,"New York",
11626,"Printer's and enjoy a five hour open bar",nightclub,"New York","653 11th Ave 16th Floor, New York, NY 10036"
11631,"Refinery Hotel
Sunday",live_music,"New York",
11385,"Saint
Step",nightclub,"New York",
11643,"Santo's Party House",nightclub,"New York","96 Lafayette St, New York, NY 10013"
11645,"Se7en Lounge",nightclub,"New York","677 Washington Ave, Brooklyn, NY 11238"
11651,"Skinos NYC",nightclub,"New York",
11388,"Skyport Marina",nightclub,"New York","2430 FDR Dr, New York, NY 10010"
11327,"So & So's Piano Bar",live_music,"New York",
11391,South,nightclub,"New York","New York, NY"
11656,"Stanton Social",nightclub,"New York","99 Stanton St, New York, NY 10002"
11392,"Stone Creek Bar & Lounge",nightclub,"New York","7 Old Tavern Rd, Hunlock Creek, PA 18621"
11660,"Superior Ingredients Rooftop",nightclub,"New York",
11661,"Sutton Place has you covered on all three levels",live_music,"New York","New York, NY 10022"
11329,TBA,nightclub,"New York","395 Wythe Ave, Brooklyn, NY 11249"
11664,"TBA - Downtown NYC",nightclub,"New York","3795 10th Ave, New York, NY 10034"
11665,"TBA - Secret Bushwick Location ",nightclub,"New York",
11667,"TBA - The Queens Social - 3286 Steinway St Astoria, NY",nightclub,"New York","32-86 Steinway St, Astoria, NY 11103"
11670,"Tavern 29 NYC",nightclub,"New York",
11672,Tenjune,nightclub,"New York","26 Little W 12th St, New York, NY 10014"
11673,"The Ainsworth",nightclub,"New York",
11674,"The Ainsworth - Midtown",nightclub,"New York",
11676,"The Bronze Owl",nightclub,"New York",
11683,"The Lola Hoboken",nightclub,"New York",
11401,"The Penny Hotel",nightclub,"New York",
11687,"The Se7en",nightclub,"New York",
11690,"This destination hotspot",nightclub,"New York","1220 Broadway Store #5, New York, NY 10001"
11692,"Time Hotel",live_music,"New York",
11405,"Up & Down",nightclub,"New York","8818 Harmony Grove Rd, Escondido, CA 92029"
11695,"VIRGO
A Seductive",live_music,"New York",
11696,VNYL,nightclub,"New York","756 9th Ave, New York, NY 10019"
11700,Verboten,nightclub,"New York","54 N 11th St, Brooklyn, NY 11249"
11334,"Virgin Hotels New York",live_music,"New York",
11710,Woodstock,nightclub,"New York","Woodstock, NY"
11336,"and converted from a",nightclub,"New York","124 Nassau St # 2, New York, NY 10038"
11409,"has an array of amenities",nightclub,"New York","333 E 102nd St, New York, NY 10029"
