id,name,category,website,city,address
10890,"Prime Lounge",lounge,"",Philadelphia,
10893,"Pyramid Club",restaurant,https://www.invitedclubs.com/clubs/pyramid-club,Philadelphia,
10895,"Silk City",restaurant,http://www.silkcityphilly.com/,Philadelphia,
10898,"Butcher Bar",restaurant,http://butcherbarphilly.com/,Philadelphia,
10899,"Harp & Crown",restaurant,https://harpcrown.com/,Philadelphia,
10907,"Bank & Bourbon",restaurant,https://www.bankandbourbon.com/,Philadelphia,
10911,"Strangelove's",restaurant,http://strangelovesbeerbar.com/,Philadelphia,
10912,"Good Dog Bar",restaurant,http://www.gooddogbar.com/,Philadelphia,
10913,"The Love.",restaurant,https://theloverestaurant.com/?utm_source=GoogleBusinessProfile&utm_medium=Website&utm_campaign=MapLabs,Philadelphia,
10914,"The Library Bar",lounge,https://www.rittenhousehotel.com/dining/librarybar,Philadelphia,
10919,"The Dandelion",restaurant,https://thedandelionpub.com/?utm_source=GoogleBusinessProfile&utm_medium=Website&utm_campaign=MapLabs,Philadelphia,
10927,a.kitchen+bar,restaurant,http://www.akitchenandbar.com/,Philadelphia,
10931,"Orient Hookah Lounge",lounge,http://www.orientphilly.com/,Philadelphia,
10935,"LUXOR CAFE & HOOKAH LOUNGE",lounge,"",Philadelphia,
10940,"The Crown Hookah Lounge",lounge,"",Philadelphia,
10941,"Vira Hookah Lounge",lounge,"",Philadelphia,
10942,"Alamodak Restaurant and Hookah bar",restaurant,https://www.alamodakrestauranthookahbar.com/?utm_source=gbp,Philadelphia,
10944,"Prime Fusion Afro Grill & Lounge",lounge,https://primefusionlounge.com/,Philadelphia,
10945,Dahlak,restaurant,http://www.dahlakrestaurant.com/,Philadelphia,
10946,"Dalida hookah lounge",lounge,"",Philadelphia,
10949,"The Centurion Lounge",lounge,"",Philadelphia,
10950,"Attico Rooftop",restaurant,http://www.atticorooftop.com/,Philadelphia,
10954,"Reef Restaurant & Lounge",restaurant,http://phillyreef.com/,Philadelphia,
10955,"Chase Sapphire Lounge by The Club Philadelphia",lounge,http://chase.com/sapphireairportlounge?y_source=1_MTA5NzgwNDc2MC03MTUtbG9jYXRpb24ud2Vic2l0ZQ%3D%3D,Philadelphia,
10956,Skyhigh,restaurant,https://www.skyhighphiladelphia.com/?utm_source=google&utm_medium=organicsearch&utm_campaign=tor-phi-fab-mid-seo-na&utm_content=na-na&utm_term=na,Philadelphia,
10957,"The Continental Mid-town",restaurant,https://continentalmidtown.com/?utm_source=GoogleBusinessProfiles&utm_medium=Website&utm_campaign=MapLabs,Philadelphia,
10958,"The Deck Philly",restaurant,http://www.thedeckphilly.com/,Philadelphia,
10959,"Harper's Garden",restaurant,http://harpersgardenphilly.com/,Philadelphia,
10960,"El Techo",restaurant,http://condesaphilly.com/el-techo/,Philadelphia,
10961,"Revolution House",restaurant,http://www.revolutionhouse.com/,Philadelphia,
10962,"Standard Tap",restaurant,http://www.standardtap.com/,Philadelphia,
10963,"Topside Tavern",restaurant,http://www.topsidetavern.com/,Philadelphia,
10964,"Jean-Georges Philadelphia",restaurant,https://www.jean-georgesphiladelphia.com/?utm_source=google&utm_medium=organicsearch&utm_campaign=tor-phi-fab-mid-seo-na&utm_content=na-na&utm_term=na,Philadelphia,
10965,Lark,restaurant,http://www.larkpa.com/,Philadelphia,
10966,"Emmy Squared Pizza: Queen Village",restaurant,https://www.emmysquaredpizza.com/location/queen-village-philadelphia-pa/,Philadelphia,
10976,"SOUTH Restaurant & Jazz Club",restaurant,https://www.southjazzkitchen.com/,Philadelphia,
10983,"The Twisted Tail",restaurant,https://thetwistedtail.com/,Philadelphia,
10987,"Talula's Garden",restaurant,http://www.talulasgarden.com/?utm_source=Google%20My%20Business&utm_medium=Website%20Button,Philadelphia,
10988,Parc,restaurant,https://parc-restaurant.com/?utm_source=GoogleBusinessProfile&utm_medium=Website&utm_campaign=MapLabs,Philadelphia,
10989,"Little Nonna's",restaurant,http://littlenonnas.com/,Philadelphia,
10990,"Butcher and Singer",restaurant,https://butcherandsinger.com/?utm_source=GoogleBusinessProfile&utm_medium=Website&utm_campaign=MapLabs,Philadelphia,
10991,"Grandma's Philly",restaurant,http://www.grandmasphilly.com/,Philadelphia,
10992,"Bud & Marilyn's",restaurant,http://budandmarilyns.com/,Philadelphia,
10993,"Square 1682",restaurant,https://www.square1682.com/,Philadelphia,
10994,Zahav,restaurant,http://www.zahavrestaurant.com/,Philadelphia,
10995,Fork,restaurant,http://www.forkrestaurant.com/,Philadelphia,
10996,"Darling Jack's Tavern",restaurant,http://www.darlingjacks.com/,Philadelphia,
10997,"Osteria Ama Philly",restaurant,http://osteriaama-philly.com/,Philadelphia,
10998,"Cuba Libre Restaurant & Rum Bar",restaurant,https://cubalibrerestaurant.com/en/philadelphia,Philadelphia,
10999,"Estia Restaurant",restaurant,http://www.estiarestaurant.com/,Philadelphia,
11000,"Del Frisco's Double Eagle Steakhouse",restaurant,https://www.delfriscos.com/location/del-friscos-double-eagle-steakhouse-philadelphia-pa/,Philadelphia,
11001,"Barclay Prime",restaurant,http://www.barclayprime.com/?utm_source=GoogleBusinessProfile&utm_medium=Website&utm_campaign=MapLabs,Philadelphia,
11002,"Vetri Cucina",restaurant,http://www.vetricucina.com/,Philadelphia,
11003,Provenance,restaurant,https://provenancephl.com/,Philadelphia,
11004,Wilder,restaurant,https://wilderphilly.com/,Philadelphia,
11005,"Alpen Rose",restaurant,https://www.alpenrosephl.com/,Philadelphia,
11006,"Lacroix Restaurant at The Rittenhouse",restaurant,https://www.lacroixrestaurant.com/,Philadelphia,
11007,Morimoto,restaurant,https://morimotorestaurant.com/?utm_source=GoogleBusinessProfile&utm_medium=Website&utm_campaign=MapLabs,Philadelphia,
11008,"Ambra Restaurant",restaurant,http://ambraphilly.com/,Philadelphia,
11009,"Vernick Food & Drink",restaurant,https://www.vernickphilly.com/vernick-food-and-drink,Philadelphia,
11010,"The Capital Grille",restaurant,https://www.thecapitalgrille.com/locations/pa/philadelphia/philadelphia/8013?cmpid=br:tcg_ag:ie_ch:loc_ca:TCGGMB_sn:gmb_gt:philadelphia-pa-8013_pl:locurl_rd:1010,Philadelphia,
11011,"Saloon Restaurant",restaurant,https://www.saloonrestaurant.net/,Philadelphia,
11012,"Ocean Prime",restaurant,https://www.ocean-prime.com/locations-menus/philadelphia,Philadelphia,
11013,"Friday Saturday Sunday",restaurant,http://fridaysaturdaysunday.com/,Philadelphia,
11014,"Eddie V's Prime Seafood",restaurant,https://www.eddiev.com/locations/pa/king-of-prussia/king-of-prussia/8522?cmpid=br:ev_ag:ie_ch:loc_ca:EVGMB_sn:gmb_gt:king-of-prussia-pa-8522_pl:locurl_rd:1021,Philadelphia,
11015,Panorama,restaurant,https://www.panoramawinebar.com/,Philadelphia,
11016,"Her Place Supper Club",restaurant,http://www.herplacephilly.com/,Philadelphia,
11017,Osteria,restaurant,https://www.osteriaphilly.com/,Philadelphia,
11018,"The Victor Café",restaurant,http://victorcafe.com/,Philadelphia,
11019,"Fiorella Pasta",restaurant,https://fiorellaphilly.com/,Philadelphia,
11020,"Villa di Roma",restaurant,http://www.villadiroma.com/,Philadelphia,
11021,"Giorgio On Pine",restaurant,https://www.giorgio-on-pine.com/,Philadelphia,
11022,"La Nonna",restaurant,http://ristorantelanonna.com/,Philadelphia,
11023,"Dante & Luigi's",restaurant,http://www.danteandluigis.com/,Philadelphia,
11024,"Bistro Romano",restaurant,http://www.bistroromano.com/,Philadelphia,
11025,"Le Virtù",restaurant,http://www.levirtu.com/,Philadelphia,
11026,"Ralph's Italian Restaurant",restaurant,http://www.ralphsrestaurant.com/,Philadelphia,
11027,"Palizzi Social Club",restaurant,https://palizzisocial.com/,Philadelphia,
11028,Bellini,restaurant,https://belliniphiladelphia.com/,Philadelphia,
11029,"Spasso Italian Grill",restaurant,http://www.spassoitaliangrill.com/,Philadelphia,
11030,"L'Angolo Ristorante",restaurant,"",Philadelphia,
11031,"Popi's Restaurant",restaurant,http://www.popisrestaurant.com/,Philadelphia,
11032,"Double Knot",restaurant,https://www.doubleknotphilly.com/,Philadelphia,
11033,"Kichi Omakase",restaurant,"",Philadelphia,
11034,"Royal Sushi & Izakaya",restaurant,http://royalizakaya.com/,Philadelphia,
11035,"Kura Revolving Sushi Bar",restaurant,https://kurasushi.com/locations/philadelphia-pa,Philadelphia,
11036,"Fat Salmon Sushi",restaurant,http://www.fatsalmonsushi.com/,Philadelphia,
11037,"Nakama Japanese Cuisines & Omakase",restaurant,https://exploretock.com/nakama-japanese-cuisines--omakase-philadelphia,Philadelphia,
11038,"Ogawa Sushi & Kappo",restaurant,https://www.ogawaphilly.com/,Philadelphia,
11039,"UNI Japanese Cuisine | Japanese, Hibachi & Ramen Restaurant",restaurant,https://uniphiladelphia.com/,Philadelphia,
11040,"Shiso Noodle and Sushi Bar",restaurant,https://shisonoodleandsushi.com/?utm_source=google,Philadelphia,
11041,Zama,restaurant,http://www.zamaphilly.com/,Philadelphia,
11042,"Umami Steak and Sushi Bar",restaurant,https://umamisteakandsushi.com/?utm_source=google,Philadelphia,
11043,"Chubby Nori | Sushi & Handroll Bar",restaurant,https://chubbygroup.com/project/chubby-nori-philly/,Philadelphia,
11044,"Bleu Sushi",restaurant,http://www.bleusushi.com/,Philadelphia,
11045,"Samurai Japanese Restaurant",restaurant,https://samuraiasianfusion.com/,Philadelphia,
11046,"Yuhiro Omakase Sushi",restaurant,https://www.yuhirosushi.com/,Philadelphia,
11047,"KIRIN HOUSE",restaurant,https://www.kirinhousephilly.com/,Philadelphia,
11048,"Kiku Sushi",restaurant,https://www.ezordernow.com/philadelphia-19145-kiku-sushi-802637,Philadelphia,
11049,"Tomo Sushi & Ramen",restaurant,http://tomosushiandramen.com/,Philadelphia,
11050,"637 Philly Sushi Club",restaurant,https://www.ykisushi.com/637phillysushiclub,Philadelphia,
11051,"Shinto Japanese Sushi & Hibachi",restaurant,https://shintophiladelphia.com/,Philadelphia,
11052,"Fuji Mountain Japanese Restaurant",restaurant,http://www.fujimt.com/,Philadelphia,
11053,"Yanaga Kappo Izakaya",restaurant,https://www.ykisushi.com/,Philadelphia,
11054,"Gyu-Kaku Japanese BBQ",restaurant,http://www.gyu-kaku.com/philadelphia,Philadelphia,
11055,"Umai Umai",restaurant,https://www.umai-umai.com/menus/,Philadelphia,
11056,"Kissho House Japanese Cuisine & Omakase",restaurant,https://www.kisshohouse.com/,Philadelphia,
11057,"Taku Japanese Steakhouse",restaurant,https://www.takukop.com/,Philadelphia,
11058,"Shay’s Steaks",restaurant,https://shayssteaks.shop/,Philadelphia,
11059,"Steak 48",restaurant,https://www.steak48.com/steakhouses/philadelphia/?utm_source=google&utm_medium=organic&utm_campaign=gmb,Philadelphia,
11060,"Sullivan's Steakhouse",restaurant,https://sullivanssteakhouse.com/king-of-prussia/,Philadelphia,
11061,"Fogo de Chão Brazilian Steakhouse",restaurant,https://fogodechao.com/location/philadelphia/,Philadelphia,
11062,"Urban Farmer Philadelphia",restaurant,https://www.urbanfarmersteakhouse.com/,Philadelphia,
11063,"NaBrasa Brazilian Steakhouse",restaurant,https://nabrasa.com/locations/philadelphia/,Philadelphia,
11064,"Geno's Steaks",restaurant,https://www.genosteaks.com/,Philadelphia,
11065,"Malbec Argentine Steakhouse",restaurant,http://www.malbecsteakhouse.com/,Philadelphia,
11066,"Joey Chops",restaurant,https://joeychops.com/,Philadelphia,
11067,"Ruth's Chris Steak House",restaurant,https://www.ruthschris.com/locations/pa/philadelphia/philadelphia/7365?cmpid=br:rc_ag:ie_ch:loc_ca:RCGMB_sn:gmb_gt:philadelphia-pa-7365_pl:locurl_rd:1066,Philadelphia,
11068,"SY'S SOULFOOD PALACE",restaurant,https://www.syspalacesoulfood.com/,Philadelphia,
11069,"Tasties Soul Food Restaurant",restaurant,"",Philadelphia,
11070,"Greedy's",restaurant,"",Philadelphia,
11071,"Butter's Soul Food To Go",restaurant,https://www.butterssoulfood.com/,Philadelphia,
11072,"Sheba's Soul Plate restaurant",restaurant,https://www.shebassoulplate.com/,Philadelphia,
11073,"Tyemeka's Soul Food Restaurant",restaurant,https://tyemekassoulfood.menufy.com/,Philadelphia,
11074,"Soul Greedy",restaurant,https://www.toasttab.com/local/order/soulgreedy215/r-aa24f4f8-43f7-4620-812f-0f73118864df,Philadelphia,
11075,"Corinne's Place",restaurant,http://www.corinnesplace.com/,Philadelphia,
11076,"Sweet Lucy's Smokehouse",restaurant,http://www.sweetlucys.com/,Philadelphia,
11077,"Ma Lessie's Chicken & Waffles",restaurant,"",Philadelphia,
11078,"Crafty Soul",restaurant,https://craftysoulfoodphilly.com/,Philadelphia,
11079,"Ol Boys Soul Food Restaurant",restaurant,"",Philadelphia,
11080,"Love & Honey Fried Chicken",restaurant,https://www.loveandhoneyfriedchicken.com/,Philadelphia,
11081,"Emmanuel Kings & Queens of Soul Food",restaurant,https://instagram.com/emmanuel_soul_food?igshid=1u1jwjw53jyw,Philadelphia,
11082,"Thomasena's Restaurant and Catering Hall",restaurant,"",Philadelphia,
11083,"Samaiyah B. Cooking",restaurant,"",Philadelphia,
11084,"From the Kitchen of LindaLicious, LLC",restaurant,"",Philadelphia,
11085,"Quality Taste Jamaican Restaurant & Jerk Hut",restaurant,https://qualitytastejamaican.cfd/,Philadelphia,
11086,"Caribbean Feast Cuisine",restaurant,https://caribbeanfeastrestaurant.com/,Philadelphia,
11087,"48th Street Grille",restaurant,http://www.48thstreetgrille.com/,Philadelphia,
11088,"Jamaican D's Kitchen and Catering",restaurant,https://www.instagram.com/jamaican_ds?igsh=MWgydnd6c21nZ3pyaA==,Philadelphia,
11089,"Irie Entree",restaurant,http://www.irieentree.com/,Philadelphia,
11090,"Sunday Best",restaurant,"",Philadelphia,
11091,"Little Delicious",restaurant,"",Philadelphia,
11092,"Ron's Caribbean Cafe",restaurant,http://phillyrons.com/,Philadelphia,
11093,"Ron's Caribbean Cuisine",restaurant,https://www.phillyrons.com/,Philadelphia,
11094,"Ocho Rios Parrilla",restaurant,https://ochoriosparilla1710.com/,Philadelphia,
11095,"The Lighthouse Jamaican Restaurant",restaurant,"",Philadelphia,
11096,"K & J Caribbean American Diner",restaurant,http://kjcaribbeanamericandiner.com/,Philadelphia,
11097,"Georgiana's Caribbean Cuisine",restaurant,"",Philadelphia,
11098,"Reggae Reggae Vibes",restaurant,http://www.reggaereggaevibes.com/,Philadelphia,
11099,"SHANAS CARIBBEAN CAFE",restaurant,https://shanascaribbeancafe.com/,Philadelphia,
11100,"Biggs jamaican restaurant",restaurant,"",Philadelphia,
11101,"Top Taste",restaurant,https://top-taste.shop/,Philadelphia,
11102,"Tierra Colombiana Restaurant",restaurant,http://tierracolombianarestaurant.com/,Philadelphia,
11103,"Le Mandingue African Restaurant",restaurant,https://www.lemandingue.com/,Philadelphia,
11104,"Kilimandjaro restaurant",restaurant,"",Philadelphia,
11105,"SUYA SUYA West African Grill",restaurant,http://www.suyasuya.co/,Philadelphia,
11106,"Chateau Rouge",restaurant,https://chateaurougephilly.com/,Philadelphia,
11107,"Eatwell Philly - African Restaurant and Lounge",restaurant,http://www.eatwellphilly.com/,Philadelphia,
11108,"African Small Pot",restaurant,https://africansmallpot1.com/,Philadelphia,
11109,"The Saints Restaurant and Lounge",restaurant,http://www.thesaintsphl.com/,Philadelphia,
11110,"Sahara Restaurant",restaurant,http://ordersahararestaurant.com/,Philadelphia,
11111,"TOUBA African Restaurant",restaurant,https://usamapsdet.top/details/touba-african-restaurant-ChIJpbn,Philadelphia,
11112,"Soul of Africa Restaurant LLC",restaurant,https://soulofafricarestaurant.com/?utm_source=google,Philadelphia,
11113,"Emma’s Liberian Kitchen",restaurant,https://emmaliberiankitchen.com/,Philadelphia,
11114,"New Era Cuisine",restaurant,https://food.orders.co/1vxelaie?y_source=1_MjAxNTA3MjY1Mi03MTUtbG9jYXRpb24ud2Vic2l0ZQ%3D%3D,Philadelphia,
11115,"Ecowas African Restaurant",restaurant,"",Philadelphia,
11116,"The Motherland Cuisine",restaurant,http://www.motherlandrestaurant.com/,Philadelphia,
11117,"Djoliba Restaurant",restaurant,https://www.tiktok.com/@djolibarestaurantphilly?_t=8rgHA8xYvyJ&_r=1,Philadelphia,
11118,"Le Faso",restaurant,"",Philadelphia,
11119,"Aku's Kitchen",restaurant,http://akuskitchen.com/,Philadelphia,
11120,"Palace african restaurant",restaurant,https://order.online/business/palace-african-824073,Philadelphia,
11121,"Almaz Cafe",restaurant,http://almazcafes.com/,Philadelphia,
11122,Abyssinia,restaurant,http://www.abyssiniabarandrestaurant.com/,Philadelphia,
11123,"Kaffa Crossing",restaurant,https://qmenu.us/#/kaffa-crossing-ethiopian,Philadelphia,
11124,"Eshkol Ethiopian Cuisine & Cafe",restaurant,https://eshkolcuisine.com/,Philadelphia,
11125,"Amsale Cafe",restaurant,http://www.amsalecafe.com/,Philadelphia,
11126,Gojjo,restaurant,http://www.gojjo.us/,Philadelphia,
11127,"Queen of Sheba",restaurant,http://queenofshebaphiladelphia.com/,Philadelphia,
11128,"Doro Bet",restaurant,http://dorobetphilly.com/,Philadelphia,
11129,"Alif Brew & Mini Mart Inc.",restaurant,https://www.alifamilyrestaurants.com/,Philadelphia,
11130,ERA,restaurant,https://haklilu.github.io/Era-Bar-and-Restaurant/,Philadelphia,
11131,"Zuzu's Kitchen",restaurant,http://www.zuzuskitchenphilly.com/,Philadelphia,
11132,"Merkato Baltena",restaurant,"",Philadelphia,
11133,"Mixto Restaurante",restaurant,https://mixtorestaurante.com/,Philadelphia,
11134,"Mamajuana Cafe Philly",restaurant,http://www.mamajuanacafephilly.com/,Philadelphia,
11135,LMNO,restaurant,https://lmnophilly.com/?utm_source=GoogleBusinessProfile&utm_medium=Website&utm_campaign=MapLabs,Philadelphia,
11136,"El Fogon Latino Restaurant",restaurant,https://order.online/business/el-fogon-latino-restaurant-997026,Philadelphia,
11137,"Restaurante Latino Lela",restaurant,"",Philadelphia,
11138,Bolo,restaurant,https://bolophl.com/,Philadelphia,
11139,"Izlas Puertorican Cuisine",restaurant,https://food.orders.co/izlaslatincuisine,Philadelphia,
11140,"Bar Bombón",restaurant,http://barbombon.com/,Philadelphia,
11141,"DECOO Restaurant",restaurant,"",Philadelphia,
11142,"Paladar Latin Kitchen & 610 SOCIAL Bar + Lounge",restaurant,https://paladarlatinkitchen.com/,Philadelphia,
11143,"Bodega Bar & Kitchen",restaurant,https://bodegaphilly.com/,Philadelphia,
11144,"El Vez",restaurant,https://elvezrestaurant.com/?utm_source=GoogleBusinessProfile&utm_medium=Website&utm_campaign=MapLabs,Philadelphia,
11145,"Latin American Restaurant",restaurant,https://www.instagram.com/latinamerican1inc/,Philadelphia,
11146,"El Sabor Restaurant",restaurant,https://instagram.com/elsabor.restaurant?utm_medium=copy_link,Philadelphia,
11147,"El Rey",restaurant,http://elreyrestaurant.com/?utm_source=GoogleBusinessProfile&utm_medium=Website&utm_campaign=MapLabs,Philadelphia,
11148,"Fuego Latin Food",restaurant,"",Philadelphia,
11149,"Parada Maimon",restaurant,https://paradamaimon.shop/,Philadelphia,
11150,"El Fuerte de Loreto Philly",restaurant,http://www.elfuertedeloretophilly.com/,Philadelphia,
11151,"South Philly Barbacoa",restaurant,https://chefcristinamartinez.com/restaurantes-y-experiencias/south-philly-barbacoa/,Philadelphia,
11152,"El Chingon Philly",restaurant,https://www.elchingonphilly.com/,Philadelphia,
11153,"Las Bugambilias",restaurant,http://lasbugambiliasphilly.com/,Philadelphia,
11154,"Tu Rinconcito",restaurant,https://turinconcitophilly.com/,Philadelphia,
11155,"Tacoteca Mexican Grill",restaurant,https://tacotecamexicangrill.toast.site/,Philadelphia,
11156,"Cantina Dos Segundos",restaurant,http://www.cantinadossegundos.com/,Philadelphia,
11157,"Tequilas Casa Mexicana",restaurant,http://www.tequilasphilly.com/,Philadelphia,
11158,"El Mictlan Restaurant",restaurant,https://elmictlanrestaurantpa.com/,Philadelphia,
11159,"Tamalex Bar & Grill",restaurant,http://www.tamalexbarandgrill.com/,Philadelphia,
11160,"La Jefa Café",restaurant,https://lajefaphilly.com/,Philadelphia,
11161,"El Mezcal Cantina",restaurant,http://elmezcalcantina.us/,Philadelphia,
11162,"Mission Taqueria",restaurant,http://www.missiontaqueria.com/,Philadelphia,
11163,"Jose Pistola's",restaurant,https://www.pistolaslife.com/,Philadelphia,
11164,"Don Barriga",restaurant,http://donbarriga.com/,Philadelphia,
11165,"Cilantro Mediterranean Cuisine",restaurant,https://www.cilantromediterraneancuisine.com/,Philadelphia,
11166,Kanella,restaurant,http://kanellarestaurant.com/,Philadelphia,
11167,"Spice Finch",restaurant,http://www.spicefinchphilly.com/,Philadelphia,
11168,"Suraya Restaurant",restaurant,http://surayaphilly.com/,Philadelphia,
11169,Barbuzzo,restaurant,http://barbuzzo.com/,Philadelphia,
11170,"Paprica Grill",restaurant,https://papricagrill.com/,Philadelphia,
11171,"Alyan's Middle Eastern & Mediterranean Restaurant",restaurant,"",Philadelphia,
11172,Malooga,restaurant,http://maloogacatering.com/,Philadelphia,
11173,"Casablanca Mediterranean Grill",restaurant,http://www.casablanca-grill.com/,Philadelphia,
11174,Mona,restaurant,https://monaphilly.com/?utm_source=google&utm_medium=organic&utm_campaign=google_business,Philadelphia,
11175,Marrakesh,restaurant,https://marrakesh-philadelphia.club/,Philadelphia,
11176,Bastia,restaurant,https://www.bastiafishtown.com/,Philadelphia,
11177,Dizengoff,restaurant,http://www.dizengoffphilly.com/,Philadelphia,
11178,Emmett,restaurant,https://www.emmettphilly.com/,Philadelphia,
11179,Olea,restaurant,http://oleaphilly.com/,Philadelphia,
11180,"Apricot Stone BYOB",restaurant,http://www.apricotstonephilly.com/,Philadelphia,
11181,"Zorba's Tavern",restaurant,http://www.zorbastavern.com/,Philadelphia,
11182,"Almyra Restaurant",restaurant,https://www.almyrarestaurant.com/,Philadelphia,
11183,"Sahara Grill",restaurant,https://www.saharagrillphiladelphia.com/,Philadelphia,
11184,"Kamals Middle Eastern Cuisine",restaurant,https://www.kamalsmiddleeasterncuisine.com/,Philadelphia,
11185,"Bon Kif Grill",restaurant,http://www.bonkifgrill.com/,Philadelphia,
11186,"Cafe La Maude",restaurant,http://www.cafelamaude.com/,Philadelphia,
11187,"Laser Wolf",restaurant,http://laserwolfphilly.com/,Philadelphia,
11188,"Sang Kee Peking Duck House",restaurant,http://www.sangkeechinatown.com/,Philadelphia,
11189,"EMei 峨嵋",restaurant,https://www.emeiphilly.com/,Philadelphia,
11190,"Nom Wah Philadelphia",restaurant,http://nomwah.com/,Philadelphia,
11191,"Dim Sum Garden",restaurant,http://www.dimsumgardenphilly.com/,Philadelphia,
11192,"Ji Bei Chuan Philly",restaurant,https://www.jbcphilly.com/,Philadelphia,
11193,"Dim Sum House By Jane G's - Rittenhouse",restaurant,http://dimsum.house/,Philadelphia,
11194,"Nan Zhou Hand Drawn Noodle House",restaurant,http://www.nanzhounoodle.com/,Philadelphia,
11195,"Ting Wong",restaurant,http://www.tingwongphilly.com/?utm_source=google&utm_medium=search,Philadelphia,
11196,"Han Dynasty - Old City",restaurant,http://www.handynasty.net/oldcity,Philadelphia,
11197,Buddakan,restaurant,https://buddakan.com/?utm_source=GoogleBusinessProfile&utm_medium=Website&utm_campaign=MapLabs,Philadelphia,
11198,"China House No. 5",restaurant,"",Philadelphia,
11199,"Han Dynasty University City",restaurant,http://www.handynasty.net/,Philadelphia,
11200,"Mana Modern Chinese",restaurant,"",Philadelphia,
11201,"Grand Palace Restaurant",restaurant,http://www.grandpalacechineserestaurant.com/,Philadelphia,
11202,"Ho Sai Gai Restaurant",restaurant,"",Philadelphia,
11203,"DanDan Rittenhouse",restaurant,http://dandanrestaurant.com/,Philadelphia,
11204,"China Gourmet",restaurant,http://www.chinagourmetphillypa.com/,Philadelphia,
11205,Sampan,restaurant,https://www.sampanphilly.com/,Philadelphia,
11206,"Lee How Fook",restaurant,http://leehowfook.com/,Philadelphia,
11207,"Bai Wei",restaurant,http://baiwei1038.com/,Philadelphia,
11208,Kalaya,restaurant,http://kalayaphilly.com/,Philadelphia,
11209,"Chatayee Thai",restaurant,https://chatayeethai.com/,Philadelphia,
11210,"JJ Thai Cuisine",restaurant,http://www.jjthaicuisine.com/,Philadelphia,
11211,Dara,restaurant,http://www.daraphilly.com/,Philadelphia,
11212,"Ratchada Thai & Laos Cuisine",restaurant,http://www.ratchada.net/,Philadelphia,
11213,"Every Thai",restaurant,https://everythaiphilly.com/,Philadelphia,
11214,"Pattaya Thai Cuisine",restaurant,http://www.pattayarestaurant.com/,Philadelphia,
11215,"Erawan Thai Cuisine (Philadelphia)",restaurant,http://www.erawanphiladelphia.com/,Philadelphia,
11216,Manorah,restaurant,https://manorahthai.com/,Philadelphia,
11217,"House of Thai Cuisine",restaurant,https://www.houseofthaipa.com/,Philadelphia,
11218,"Sichuan Mathai 川马泰",restaurant,https://sichuanmathai.wordpress.com/,Philadelphia,
11219,"Chon Tong Thai Kitchen and Dessert",restaurant,http://www.chontongthai.com/,Philadelphia,
11220,"Vientiane Café",restaurant,http://www.vientiane-cafe.com/,Philadelphia,
11221,"Little Thai Market",restaurant,https://readingterminalmarket.org/merchant/little-thai-market/,Philadelphia,
11222,"Thai Square Restaurant",restaurant,http://www.thaisquarephilly.com/,Philadelphia,
11223,"Vientiane Bistro",restaurant,https://www.vientianebistro.com/,Philadelphia,
11224,"Sukho Thai Restaurant",restaurant,https://www.sukhothainj.com/,Philadelphia,
11225,"Golden Triangle",restaurant,http://www.goldentrianglepa.net/,Philadelphia,
11226,"Amma's South Indian Cuisine",restaurant,https://ammasrestaurants.com/,Philadelphia,
11227,"Thanal Indian Tavern",restaurant,https://thanalphilly.com/,Philadelphia,
11228,"Turmeric Indian Kitchen",restaurant,http://www.turmericphilly.com/,Philadelphia,
11229,"Veda - Modern Indian Bistro",restaurant,https://www.vedaphilly.com/?utm_source=GMB&utm_medium=GMB&utm_campaign=GMB&utm_term=veda+modern+indian+bistro,Philadelphia,
11230,"Tiffin Indian Cuisine Fairmount",restaurant,http://www.tiffin.com/,Philadelphia,
11231,"Masala Fusion Indian Restaurant",restaurant,https://order.online/business/masala-fusion-14317507,Philadelphia,
11232,"New Indian Sizzler",restaurant,https://www.newindiansizzler.com/,Philadelphia,
11233,DABBAWALA,restaurant,https://www.dabbawalaphiladelphia.com/,Philadelphia,
11234,"Saffron Indian Kitchen",restaurant,https://saffronofphilly.com/saffron-philly?utm_source=google,Philadelphia,
11235,"Indian Kitchen Lovash",restaurant,http://www.lovashrestaurant.com/,Philadelphia,
11236,"Sura Indian Bistro",restaurant,https://www.surabistro.com/,Philadelphia,
11237,"Vijayawada Mess Indian Cuisine",restaurant,https://www.vijayawadaindiancuisine.com/,Philadelphia,
11238,"Tikka Mahal - Modern Indian Restaurant",restaurant,https://www.tikkamahal.com/,Philadelphia,
11239,"Raindrops Indian Restaurant",restaurant,https://raindropsindianrestaurant.com/,Philadelphia,
11240,"Virasat Haveli",restaurant,https://havelivirasat.com/,Philadelphia,
11241,"Indian Char House",restaurant,http://www.indiancharhouse.com/,Philadelphia,
11242,"CURRY LEAF NEPALI & INDIAN CUISINE",restaurant,https://curryleafphiladelphia.com/,Philadelphia,
11243,"Masala Kitchen : Kati Rolls & Platters",restaurant,https://www.masalakitchen.com/,Philadelphia,
11244,"New Delhi Indian Restaurant",restaurant,http://www.newdelhiweb.com/,Philadelphia,
11245,"Manayunk Indian grille",restaurant,https://www.manayunkindiangrille.com//,Philadelphia,
11246,Forsythia,restaurant,https://www.forsythiaphilly.com/,Philadelphia,
11247,"My Loup",restaurant,http://myloupphl.com/,Philadelphia,
11248,"Caribou Cafe",restaurant,http://cariboucafe.com/,Philadelphia,
11249,"The Good King Tavern",restaurant,http://thegoodkingtavern.com/,Philadelphia,
11250,"Bistro Perrier",restaurant,https://walnuthillcollege.edu/restaurants-shops/bistro-perrier-at-walnut-hill-college-french-food-fine-dining/,Philadelphia,
11251,"Café Lutécia",restaurant,https://www.facebook.com/pages/Cafe-Lutecia/117702891589376,Philadelphia,
11252,"Fleur's",restaurant,https://www.fleursphilly.com/,Philadelphia,
11253,"Mabu Kitchen",restaurant,http://mabukitchenphilly.com/,Philadelphia,
11254,"TOWNSEND EPX",restaurant,https://www.townsendepx.com/,Philadelphia,
11255,"Chez Colette",restaurant,https://www.sofitel-philadelphia.com/dining-lounge/chez-colette/?utm_source=google+Maps&utm_medium=seo+maps&utm_campaign=seo+maps,Philadelphia,
11256,"Red Owl Tavern",restaurant,https://redowltavern.com/,Philadelphia,
11257,"Village Whiskey",restaurant,http://villagewhiskey.com/,Philadelphia,
11258,"Green Eggs Café",restaurant,https://greeneggscafe.com/menu/,Philadelphia,
11259,"Honey's Sit 'n Eat",restaurant,https://honeyssitneat-north.mobilebytes.com/menu,Philadelphia,
11260,"Marathon Grill",restaurant,http://eatmarathon.com/16th-and-sansom/,Philadelphia,
11261,"Oyster House",restaurant,http://oysterhousephilly.com/,Philadelphia,
11262,"Vernick Fish",restaurant,https://www.vernickfish.com/?utm_source=google&utm_medium=organicsearch&utm_campaign=tor-phi-fab-mid-seo-na&utm_content=na-na&utm_term=na,Philadelphia,
11263,"Seafood Unlimited",restaurant,https://seafoodunlimited.com/,Philadelphia,
11264,"Pearl and Mary Oyster Bar",restaurant,https://www.pearlandmary.com/,Philadelphia,
11265,"Loch Bar",restaurant,http://www.lochbar.com/philly,Philadelphia,
11266,"Little Fish BYOB",restaurant,https://www.littlefishbyob.com/,Philadelphia,
11267,"Seven Seas Mediterranean Seafood",restaurant,https://sevenseas-dining.com/,Philadelphia,
11268,"McCormick & Schmick's Seafood & Steaks",restaurant,https://www.mccormickandschmicks.com/location/mccormick-schmicks-seafood-steaks-philadelphia-pa/,Philadelphia,
11269,"Jordan Johnson",restaurant,https://jordanjohnsons.toast.site/order,Philadelphia,
11270,"Luke's Lobster Rittenhouse",restaurant,https://lukeslobster.com/pages/rittenhouse?utm_source=google&utm_medium=places&utm_campaign=rittenhouse&utm_content=main,Philadelphia,
11271,"Little Water",restaurant,https://www.littlewaterphl.com/,Philadelphia,
11272,"Hook & Reel Cajun Seafood & Bar",restaurant,https://hookreel.com/location/southphiladelphia/,Philadelphia,
11273,"Gallo's Seafood",restaurant,http://www.gallosandburgerbar.com/,Philadelphia,
11274,"Chickie's & Pete's",restaurant,https://chickiesandpetes.com/location/roosevelt-blvd-2/?utm_source=gmb&utm_medium=organic&utm_campaign=roosevelt_blvd,Philadelphia,
11275,"Alaska King Crab House",restaurant,"",Philadelphia,
11276,"Fishtown Seafood",restaurant,https://www.fishtownseafood.com/,Philadelphia,
