id,name,category,city,website,address
11467,"Brooklyn Chop House",nightclub,Brooklyn,https://www.brooklynchophouse.com/,"150 Nassau St, New York, NY 10038"
11431,"Ainsworth Hoboken",nightclub,Hoboken,https://www.the-ainsworth.com/,"310 Sinatra Dr, Hoboken, NJ 07030"
11570,"Lola Hoboken",nightclub,Hoboken,https://www.thelolahoboken.com/,"102 Sinatra Dr, Hoboken, NJ 07030"
11716,"capacity limits",nightclub,Hoboken,http://www.hobokennj.org/,"New Jersey"
11571,Loosies,nightclub,Manhattan,https://taogroup.com/venues/loosies-nightclub-new-york/,"145 Bowery, New York, NY 10002"
11278,"TAO Group Venue",nightclub,Manhattan,https://taodowntown.com/nightclub/,"369 W 16th St, New York, NY 10011"
11395,"Tao Downtown",nightclub,Manhattan,https://taogroup.com/venues/tao-downtown-new-york/,"92 9th Ave, New York, NY 10011"
11679,"The Fleur Room",nightclub,Manhattan,https://moxychelsea.com/the-fleur-room/,"105 W 28th St, New York, NY 10001"
11400,"The Highlight Room",nightclub,Manhattan,https://taogroup.com/venues/the-highlight-room-new-york/,"145 Bowery, New York, NY 10002"
11337,00:00,nightclub,"New York",http://www.0000space.com/,"21-38 44th Rd, Long Island City, NY 11101"
11338,"3 Dollar Bill",nightclub,"New York",https://3dollarbillbk.com/,"260 Meserole St, Brooklyn, NY 11206"
11425,"A New York NY US",nightclub,"New York",http://www.mbpo.org/,"New York, NY"
11339,"AMC Times Square",nightclub,"New York",https://www.amctheatres.com/movie-theatres/miami-ft-lauderdale/amc-aventura-24?utm_medium=organic&utm_source=google&utm_campaign=local,"19501 Biscayne Blvd #3001, Aventura, FL 33180"
11426,"AMC Times Square NYE Mega",nightclub,"New York",https://www.amctheatres.com/movie-theatres/new-york-city/amc-empire-25?utm_medium=organic&utm_source=google&utm_campaign=local,"234 W 42nd St, New York, NY 10036"
11307,"Ace Hotel",live_music,"New York",https://www.acehotel.com/newyork/,"20 W 29th St, New York, NY 10001"
11427,"Acoustik Garden Lounge",nightclub,"New York",https://acoustikgardenlounge.com/,"1515 Atlantic Ave, Brooklyn, NY 11213"
11428,"Adults Only Times Square NYE Party Pass",nightclub,"New York",http://timessquarenewyears.com/,"225 W 39th St, New York, NY 10018"
11430,"Ainsworth Chelsea",nightclub,"New York",http://www.the-ainsworth.com/,"122 W 26th St, New York, NY 10001"
11308,"Ainsworth Midtown",nightclub,"New York",http://www.theainsworth.com/midtown,"45 E 33rd St, New York, NY 10016"
11432,"All Access NYE Party Pass NYC",nightclub,"New York",https://nycnewyears.com/,"1441 Broadway Suite 5015, New York, NY 10018"
11314,"Amelia's",nightclub,"New York",http://amelias.nyc/,"450 Park Ave S, New York, NY 10016"
11315,"American Whiskey",nightclub,"New York",https://www.americanwhiskeynyc.com/,"247 W 30th St, New York, NY 10001"
11340,"American Whiskey Midtown",nightclub,"New York",https://www.americanwhiskeynyc.com/,"247 W 30th St, New York, NY 10001"
11316,"Apollo Studio",nightclub,"New York",https://www.facebook.com/apollostudionyc/,"321 Nassau Ave, Brooklyn, NY 11222"
11433,"Arlo SoHo, Living Room",nightclub,"New York",https://www.arlohotels.com/soho,"231 Hudson St, New York, NY 10013"
11434,"Arlo Williamsburg",nightclub,"New York",https://www.arlohotels.com/williamsburg/?utm_campaign=GoogleMyBusiness&utm_source=Google&utm_medium=LocalSearch,"96 Wythe Ave, Brooklyn, NY 11249"
11435,"ArtSpace @ PUBLIC Hotel",nightclub,"New York",https://www.publichotels.com/newyork/eat-and-drink/artspace,"215 Chrystie St, New York, NY 10002"
11436,"Aspen Social at the Night Hotel",nightclub,"New York",https://nighthotelattimessquare.reservandohoteles.com/,"132 W 45th St, New York, NY 10036"
11438,"Attic Rooftop & Lounge",nightclub,"New York",https://www.atticurbanrooftop.com/,"Ermou 86, Athina 105 54, Greece"
11439,"Avalon Yacht",live_music,"New York",http://www.y4as.com/,"1700 York Ave, New York, NY 10128"
11440,Avenue,nightclub,"New York",https://www.avenues.org/ny,"259 10th Ave, New York, NY 10001"
11441,"B Bar aka Bowery Bar",nightclub,"New York",http://www.310bowery.nyc/,"310 Bowery #2, New York, NY 10012"
11443,"Baby's All Right",nightclub,"New York",http://babysallright.com/,"146 Broadway, Brooklyn, NY 11211"
11280,"Bar 13",nightclub,"New York",http://www.bar13nyc.com/,"121 University Pl, New York, NY 10003"
11444,"Bar Sella",nightclub,"New York",https://barsellanyc.com/,"134 4th Ave, New York, NY 10003"
11449,Bembe,nightclub,"New York",http://www.bembe.us/,"81 S 6th St, Brooklyn, NY 11249"
11450,"Bk Backyard Bar",nightclub,"New York",https://www.bkbackyard.com/,"151 Banker St, Brooklyn, NY 11222"
11451,"Blind Barber",nightclub,"New York",http://www.blindbarber.com/,"East Village, 339 E 10th St, New York, NY 10009"
11341,"Blind Barber NYC",live_music,"New York",http://www.blindbarber.com/,"East Village, 339 E 10th St, New York, NY 10009"
11452,"Blue Lounge",nightclub,"New York",http://www.algonquinhotel.com/blue-bar,"59 W 44th St, New York, NY 10036"
11453,Boardroom,nightclub,"New York",http://www.theboardroomny.com/,"150 E 54th St, New York, NY 10022"
11455,"Body by Brooklyn",nightclub,"New York",http://www.bodybybrooklyn.com/,"275 Park Ave, Brooklyn, NY 11205"
11456,"Bohemian Hall & Beer Garden",nightclub,"New York",http://www.sokolgreatercleveland.org/,"4939 Broadway Ave, Cleveland, OH 44127"
11457,"Bohemian Hall Beer Garden",nightclub,"New York",https://bohemianhall.com/,"29-19 24th Ave, Astoria, NY 11105"
11459,"Bourbon Street",live_music,"New York",https://bourbonstreetny.com/?utm_source=google,"40-12 Bell Blvd, Bayside, NY 11361"
11460,"Bourbon Street Bar & Grille restaurant",live_music,"New York",http://www.bourbonorleans.com/eat-drink-jazz/bourbon-o-bar/,"Inside Bourbon Orleans Hotel, 730 Bourbon St, New Orleans, LA 70116"
11461,"Bourbon Street Dinner",live_music,"New York",https://www.bourbonsteaknyc.com/,"160 Central Park S Suite 1101-62, New York, NY 10019"
11462,"Bowery Ballroom",nightclub,"New York",http://www.mercuryeastpresents.com/boweryballroom,"6 Delancey St, New York, NY 10002"
11343,Bowlero,nightclub,"New York",https://www.luckystrikeent.com/location/lucky-strike-times-square?utm_source=gbp&utm_medium=organic&utm_campaign=yext_listings,"222 W 44th St, New York, NY 10036"
11463,"Bowlero NYC",nightclub,"New York",https://www.luckystrikeent.com/location/lucky-strike-san-antonio?utm_source=gbp&utm_medium=organic&utm_campaign=yext_listings,"13307 San Pedro Ave, San Antonio, TX 78216"
11344,"Bowlero Times Square",live_music,"New York",https://www.luckystrikeent.com/location/lucky-strike-times-square?utm_source=gbp&utm_medium=organic&utm_campaign=yext_listings,"222 W 44th St, New York, NY 10036"
11345,"Bowlero's whopping New Year's celebration",live_music,"New York",https://www.luckystrikeent.com/location/lucky-strike-milpitas?utm_source=gbp&utm_medium=organic&utm_campaign=yext_listings,"1287 S Park Victoria Dr, Milpitas, CA 95035"
11464,Bravos,nightclub,"New York",https://www.bravokosherpizza.com/,"378 5th Ave, New York, NY 10018"
11466,"Bronze Owl",nightclub,"New York",https://thebronzeowlnyc.com/?SEO_id=GMB--R-NYCCUQQ-3&y_source=1_MTA1NjIzNDEzNC03MTUtbG9jYXRpb24ud2Vic2l0ZQ%3D%3D,"52 W 33rd St, New York, NY 10001"
11346,"Brooklyn NY US",nightclub,"New York",http://www.brooklyn-usa.org/index.htm,"New York"
11294,"Brooklyn Steel",nightclub,"New York",https://www.bowerypresents.com/new-york-metro/shows/brooklyn-steel,"319 Frost St, Brooklyn, NY 11222"
11289,"Brooklyn Storehouse",nightclub,"New York",https://brooklynstorehouse.com/,"Building 293, Brooklyn Navy Yard, Assembly Rd, Brooklyn, NY 11205"
11469,"Broome Street Ganesha Temple",nightclub,"New York",https://broomestreetganesh.org/,"430 Broome St, New York, NY 10013"
11470,"Bryant Park Grill",live_music,"New York",https://bryantparkgrillnyc.com/,"25 W 40th St, New York, NY 10018"
11347,"Buca di Beppo",live_music,"New York",https://dineatbuca.com/locations/strongsville/?utm_campaign=local&utm_source=gbp&utm_medium=organic&utm_content=strongsville,"16677 Southpark Center, Strongsville, OH 44136"
11348,"C'mon Everybody",nightclub,"New York",http://www.cmoneverybody.com/,"325 Franklin Ave, Brooklyn, NY 11238"
11472,"CATCH Roof",nightclub,"New York",https://www.catchrestaurants.com/location/catch-nyc/,"21 9th Ave, New York, NY 10014"
11473,"CIVILIAN Hotel",live_music,"New York",http://www.civilianhotel.com/,"305 W 48th St, New York, NY 10036"
11349,"Cafe Erzulie",nightclub,"New York",https://www.cafeerzulie.com/,"894 Broadway, Brooklyn, NY 11206"
11477,Capitale,nightclub,"New York",https://capitaleny.com/,"130 Bowery, New York, NY 10013"
11479,Carpark,nightclub,"New York",https://www.gmcparking.com/locations-rates/downtown/washington-square/,"2 5th Ave, New York, NY 10012"
11481,Cassette,nightclub,"New York",https://www.barcassettenyc.com/,"68-38 Forest Ave storefront B, Flushing, NY 11385"
11350,"Celon Lounge",nightclub,"New York",http://bryantparkhotel.com/eat-plus-drink/celon-lounge/,"40 W 40th St, New York, NY 10001"
11482,"Central Park Lanes",nightclub,"New York",https://www.centralparknyc.org/,"New York, NY"
11483,"Chatroom at Elsewhere",nightclub,"New York",http://www.elsewhere.club/,"599 Johnson Ave #1, Brooklyn, NY 11237"
11484,"Chelsea Table & Stage",nightclub,"New York",http://chelseatableandstage.com/,"Hilton Fashion District Hotel, 152 W 26th St, New York, NY 10001"
11485,"Chelsea's Hotel Hayden",live_music,"New York",https://www.hotelhaydennyc.com/,"127 W 28th St, New York, NY 10001"
11317,Chester,nightclub,"New York",http://www.thetownofchester.org/,"Chester, NY 10918"
11486,"Chevy's",nightclub,"New York",https://www.drivesunrisechevy.com/,"105-20 Gerard Pl, Forest Hills, NY 11375"
11351,"Cin Cin Lounge",nightclub,"New York",https://www.ciccionyc.com/,"681 Washington St, New York, NY 10014"
11488,Cipriani,nightclub,"New York",https://www.cipriani.com/cipriani-downtown?utm_source=gbp&utm_medium=organic&utm_campaign=gbp-downtown-nyc,"376 W Broadway, New York, NY 10012"
11489,"Cipriani 42nd St.",nightclub,"New York",https://ciprianievents.com/venue/new-york-42nd-street/?utm_source=gbp&utm_medium=organic&utm_campaign=gbp-42nd-events,"110 E 42nd St, New York, NY 10017"
11353,"Civilian Hotel NYC",nightclub,"New York",http://www.civilianhotel.com/,"305 W 48th St, New York, NY 10036"
11491,"Classic Car Club Manhattan",nightclub,"New York",http://classiccarclubmanhattan.com/,"1 PIER 76, 408 12th Ave, New York, NY 10018"
11492,"Code Astoria",nightclub,"New York",https://www.codeastorianyc.com/,"20-30 Steinway St, Astoria, NY 11105"
11493,"Common Country",nightclub,"New York",http://commoncountrybar.com/,"344 3rd Ave, New York, NY 10010"
11299,"Common Ground",live_music,"New York",http://commongroundnyc.com/,"63 Gansevoort St, New York, NY 10014"
11354,"Common Ground Bar",nightclub,"New York",http://commongroundnyc.com/,"63 Gansevoort St, New York, NY 10014"
11497,Consigliere,nightclub,"New York",https://www.consiglierewine.com/,"31 Warren St, Newark, NJ 07102"
11499,Craftsman,nightclub,"New York",http://www.thecraftsmannyc.com/,"3155 Broadway, New York, NY 10027"
11500,DOM,nightclub,"New York",https://dom-lounge.com/,"287 Park Ave S, New York, NY 10010"
11355,"Dallas BBQ",live_music,"New York",https://www.dallasbbq.com/times-square,"241 W 42nd St, New York, NY 10036"
11501,"Dallas BBQ Restaurant",live_music,"New York",https://dallasbbq.com/,"1265 3rd Ave, New York, NY 10021"
11502,Damballa,nightclub,"New York",https://www.damballa.nyc/,"895 Broadway, Brooklyn, NY 11206"
11318,"Darling Rooftop",nightclub,"New York",https://www.darlingrooftop.com/,"36 Central Park S, New York, NY 10019"
11319,"Dead Letter No. 9",live_music,"New York",https://www.deadletterno9.com/,"63 Grand St, Brooklyn, NY 11249"
11320,Delancey,live_music,"New York",https://www.thedelancey.com/,"168 Delancey St, New York, NY 10002"
11503,"Desert 5 Spot",nightclub,"New York",https://www.desertfivespot.com/ny,"94 Wythe Ave, Brooklyn, NY 11249"
11505,"Dive BK",nightclub,"New York",https://www.divebarbk.com/,"408 Troutman St, Brooklyn, NY 11237"
11357,"Dream Hotel",nightclub,"New York",https://www.hyatt.com/dream-hotels/en-US/nycdd-dream-downtown?src=corp_lclb_google_seo_nycdd&utm_source=google&utm_medium=organic&utm_campaign=lmr,"355 W 16th St, New York, NY 10011"
11506,"Dream Midtown",nightclub,"New York",https://www.hyatt.com/dream-hotels/en-US/nycdm-dream-midtown?src=corp_lclb_google_seo_nycdm&utm_source=google&utm_medium=organic&utm_campaign=lmr,"210 W 55th St, New York, NY 10019"
11508,"El Nico Rooftop Williamsburg",nightclub,"New York",https://elnico-rooftop.com/,"288 N 8th St, Brooklyn, NY 11211"
11510,"Electric Room",nightclub,"New York",http://electricroomnyc.com/,"Dream Downtown, by Hyatt, Lower Level, 355 W 16th St, New York, NY 10011"
11282,Elsewhere,nightclub,"New York",http://www.elsewhere.club/,"599 Johnson Ave #1, Brooklyn, NY 11237"
11512,"Elsie Penthouse",nightclub,"New York",https://www.elsierooftop.com/,"1412 Broadway, New York, NY 10018"
11513,"Empire Hotel Rooftop",nightclub,"New York",/url?q=http://www.theempirerooftop.com/&opi=79508299&sa=U&ved=0ahUKEwiuhpfErtWRAxXbLUQIHUALMV8Q61gIGCgO&usg=AOvVaw0cp0b5ckqzcheduwhubmQW,"44 W 63rd St, New York, NY 10023"
11514,"Empress Nautical Yacht",nightclub,"New York",http://nyprincesscruises.com/,"1676 Dean St #1f, Brooklyn, NY 11213"
11515,"Everdene at Virgin Hotel",live_music,"New York",https://virginhotels.com/nyc/dine-and-drink/everdene/,"1227 Broadway, New York, NY 10001"
11516,"Evol NewYork",nightclub,"New York",https://evolnyc.us/,"2 Thompson St 2nd Fl, New York, NY 10013"
11517,"First Round's on Me Social Club",nightclub,"New York",https://www.firstroundsonme.co/,"109 W 25th St, New York, NY 10001"
11518,Folly,nightclub,"New York",http://www.follynyc.com/,"92 W Houston St, New York, NY 10012"
11358,"Fontainhas DUMBO",live_music,"New York",http://www.fontainhasnyc.com/,"28 Jay St, Brooklyn, NY 11201"
11519,Frames,live_music,"New York",http://www.framesnyc.com/,"550 9th Ave, New York, NY 10018"
11359,Gabriela,nightclub,"New York",https://www.gabriela.nyc/,"90 Wythe Ave, Brooklyn, NY 11249"
11521,"Gallery at Dream Downtown",live_music,"New York",http://www.dreamhotels.com/downtown/meetings-events/default-en.html,"Lower Level, 355 W 16th St, New York, NY 10011"
11522,"Gansevoort Park Rooftop",nightclub,"New York",https://www.gansevoorthotelgroup.com/gansevoort-meatpacking-nyc/eat-drink/gansevoort-rooftop,"18 9th Ave, New York, NY 10014"
11523,"Gilded Lily",nightclub,"New York",http://gildedlilyevents.com/,
11360,GoldBar,nightclub,"New York",http://www.goldbarnewyork.com/,"389 Broome St, New York, NY 10013"
11292,"Good Room",nightclub,"New York",http://goodroombk.com/,"98 Meserole Ave, Brooklyn, NY 11222"
11362,"HK Hall",nightclub,"New York",https://www.hkhall.com/,"605 W 48th St, New York, NY 10036"
11528,"Hana House",nightclub,"New York",https://www.hanahouse.co/,"345 Adams St, Brooklyn, NY 11201"
11364,"Hart Bar",nightclub,"New York",http://hartbarnyc.com/,"538 Hart St #1, Brooklyn, NY 11221"
11529,"Haswell Greens",live_music,"New York",https://haswellgreens.com/,"240 W 52nd St, New York, NY 10019"
11365,"Headless Horseman",live_music,"New York",https://headlesshorseman.com/?utm_campaign=GMB,"778 Broadway, US-9W, Ulster Park, NY 12487"
11531,"Hearsay Club NYC",nightclub,"New York",https://hearsaysystems.com/,"1370 Broadway, New York, NY 10018"
11532,"Hello Bar BK",nightclub,"New York",https://www.hellobarinc.com/,"1110 Nostrand Ave, Brooklyn, NY 11225"
11533,"Hendricks Hotel Rooftop",nightclub,"New York",https://www.piedpipersf.com/,"2 New Montgomery St, San Francisco, CA 94105"
11285,"High Bar New York",nightclub,"New York",https://www.highbarnyc.co/,"346 W 40th St, New York, NY 10018"
11295,"Highbar NYC",nightclub,"New York",https://www.highbarnyc.co/,"346 W 40th St, New York, NY 10018"
11366,"Highline Ballroom After",live_music,"New York",https://www.thehighline.org/,"New York, NY 10011"
11536,Hotel,nightclub,"New York",http://www.hotelonrivington.com/,"107 Rivington St, New York, NY 10002"
11537,"Hotel Alameda",nightclub,"New York",https://www.hotelalameda.com//?utm_source=google&utm_medium=organic&utm_campaign=business_listing,"518 W 27th St Lower Level, New York, NY 10001"
11367,"Hotel Chantelle",nightclub,"New York",https://www.hotelchantellenyc.com/,"92 Ludlow St, New York, NY 10002"
11368,"Hotel on Rivington",nightclub,"New York",http://www.hotelonrivington.com/,"107 Rivington St, New York, NY 10002"
11538,"Houston Hall",nightclub,"New York",https://www.houstonhallny.com/,"222 W Houston St, New York, NY 10014"
11540,"IDDC HQ",nightclub,"New York",http://www.iddcnyc.com/,"420 E 79th St, New York, NY 10075"
11541,"IL Bastardo",nightclub,"New York",https://www.ilbastardonyc.com/,"828 9th Ave, New York, NY 10019"
11542,"IYKYK ROOM",nightclub,"New York",http://www.iykykny.com/,"35-28 Farrington St 1st Fl, Flushing, NY 11354"
11543,"Industry City",nightclub,"New York",https://industrycity.com/,"220 36th St, Brooklyn, NY 11232"
11544,"Inside Park at St",nightclub,"New York",http://www.insideparknyc.com/,"at, 325 Park Ave, E 50th St Entrance, New York, NY 10022"
11545,"Invite Only After Party",nightclub,"New York",http://www.iopartyplanning.com/,
11546,"Iron Bar",nightclub,"New York",https://ironbarnyc.com/,"713 8th Ave, New York, NY 10036"
11547,"Isola Brooklyn",nightclub,"New York",http://www.isolabrooklyn.com/,"361 Metropolitan Ave, Brooklyn, NY 11211"
11548,J.Bespoke,nightclub,"New York",http://jbespoke.com/,"121 E 27th St, New York, NY 10016"
11550,"Jewel Yacht",nightclub,"New York",https://www.thejewelny.com/?utm_source=B2C&utm_medium=Google&utm_campaign=GoogleListing,"11 W 51st St, New York, NY 10019"
11551,"Kixby Hotel",live_music,"New York",https://www.kixby.com/?utm_source=local-directories&utm_medium=organic&utm_campaign=travelclick-localconnect,"45 W 35th St, New York, NY 10001"
11552,"Knickerbocker Rooftop",nightclub,"New York",https://theknickerbocker.com/dine/st-cloud/,"6 Times Sq 17th Floor, New York, NY 10036"
11291,"Knockdown Center",nightclub,"New York",http://www.knockdown.center/,"52-19 Flushing Ave, Maspeth, NY 11378"
11553,LAVO,nightclub,"New York",https://taogroup.com/venues/lavo-italian-restaurant-new-york/,"105 W 28th St, New York, NY 10001"
11554,"LAVO Nightclub",nightclub,"New York",https://taodowntown.com/nightclub/,"369 W 16th St, New York, NY 10011"
11556,"LOST IN PARADISE",nightclub,"New York",https://www.lostinparadiserooftop.com/,"11-01 43rd Ave, Long Island City, NY 11101"
11558,"Laissez Faire",nightclub,"New York",https://laissezfaire.nyc/,"10 Theatre Alley, New York, NY 10038"
11560,"Lalin's",nightclub,"New York",http://lalinsbk.com/,"1131 Broadway, Brooklyn, NY 11221"
11562,Lately,nightclub,"New York",http://www.latelycafelic.com/,"23-08 44th Dr, Long Island City, NY 11101"
11370,"Le Bain",nightclub,"New York",https://www.lebainnewyork.com/?utm_source=google&utm_campaign=google_my_business&utm_medium=organic,"The Standard, High Line, 848 Washington St, New York, NY 10014"
11564,"Le Grande at The Time Hotel",nightclub,"New York",https://www.hyatt.com/jdv-by-hyatt/en-US/lgajt-the-time-new-york?src=corp_lclb_google_seo_lgajt&utm_source=google&utm_medium=organic&utm_campaign=lmr,"224 W 49th St, New York, NY 10019"
11565,"Le Poisson Rouge",nightclub,"New York",http://lpr.com/,"158 Bleecker St, New York, NY 10012"
11371,Lexicon,live_music,"New York",https://www.lexiconusa.com/,"100 Church St, New York, NY 10014"
11566,Libation,nightclub,"New York",https://m.facebook.com/pages/category/Transit-Hub/Libation-Station-141701359230682/,"134 Plaza Dr, Buffalo, NY 14221"
11567,"Lillistar Rooftop",nightclub,"New York",http://www.lillistarbk.com/,"353 Bedford Ave, Brooklyn, NY 11211"
11568,"Little More",nightclub,"New York",http://littlemorenyc.com/,"111 Reade St, New York, NY 10013"
11569,"Locust Grove",nightclub,"New York",http://www.lgny.org/,"2683 South Rd, Poughkeepsie, NY 12601"
11301,"Lost in Paradise Rooftop",nightclub,"New York",https://www.lostinparadiserooftop.com/,"11-01 43rd Ave, Long Island City, NY 11101"
11573,"Love's Club",nightclub,"New York",http://lovesclubnyc.com/,"106 Melrose St, Brooklyn, NY 11206"
11574,Lovejoys,nightclub,"New York",https://www.lovejoysnyc.com/,"412 Troutman St, Brooklyn, NY 11237"
11575,"Lower East Side NYE Party Pass",nightclub,"New York",https://www.sourmousenyc.com/,"110 Delancey St, New York, NY 10002"
11576,"Lucky Strike",nightclub,"New York",https://www.luckystrikeent.com/location/lucky-strike-wichita?utm_source=gbp&utm_medium=organic&utm_campaign=yext_listings,"11413 E 13th St N, Wichita, KS 67206"
11578,"Lucky Strike / Luxe",nightclub,"New York",https://www.luckystrikeent.com/location/lucky-strike-chelsea-piers?utm_source=gbp&utm_medium=organic&utm_campaign=yext_listings,"60 Chelsea Piers, New York, NY 10011"
11579,"Madame Tussauds",nightclub,"New York",https://www.madametussauds.com/new-york/tickets/?utm_source=local-listing&utm_medium=organic&utm_campaign=tickets,"234 W 42nd St, New York, NY 10036"
11580,"Magic Hour Rooftop Bar & Lounge",nightclub,"New York",http://moxytimessquare.com/dining/magic-hour-rooftop-bar-lounge/,"485 7th Ave 18th floor, New York, NY 10018"
11583,"Manhattan has to offer",nightclub,"New York",https://www.rockefellercenter.com/,"45 Rockefeller Plaza, New York, NY 10111"
11310,Margaritaville,nightclub,"New York",https://www.margaritavilleresorts.com/margaritaville-resort-times-square?utm_source=google&utm_medium=listing&utm_campaign=margaritaville+times+square,"560 7th Ave 7th Floor, New York, NY 10018"
11372,"Margaritaville - Time Square",nightclub,"New York",https://www.margaritavilleresorts.com/margaritaville-resort-times-square?utm_source=google&utm_medium=listing&utm_campaign=margaritaville+times+square,"560 7th Ave 7th Floor, New York, NY 10018"
11585,"Margaritaville LandShark",nightclub,"New York",https://timessquare.landsharkbarandgrill.com/,"560 7th Ave, New York, NY 10018"
11586,"Market Hotel",nightclub,"New York",http://markethotel.org/,"1140 Myrtle Ave, Brooklyn, NY 11221"
11297,Marquee,nightclub,"New York",https://taogroup.com/venues/marquee-new-york/,"289 10th Ave, New York, NY 10001"
11373,"Marriott Marquis",live_music,"New York",https://www.marriott.com/en-us/hotels/nycmq-new-york-marriott-marquis/overview/?scid=f2ae0541-1279-4f24-b197-a979c79310b0,"1535 Broadway, New York, NY 10036"
11587,"McCarren Hotel Rooftop Williamsburg",nightclub,"New York",https://www.themccarren.com/,"595 Union Ave, Brooklyn, NY 11211"
11588,"MeatPacking Social Club",nightclub,"New York",https://www.chez-margaux.com/,"403 W 13th St, New York, NY 10014"
11590,Megu,nightclub,"New York",https://www.meguworldwide.com/,"355 W 16th St, New York, NY 10011"
11591,"Mehanata Bar",nightclub,"New York",http://www.mehanata.com/,"113 Ludlow St, New York, NY 10002"
11374,"Midtown Party Pass",nightclub,"New York",https://newyorkpass.com/en-us?utm_medium=organic&utm_source=GoogleMyBusiness&utm_campaign=nyp,"723 7th Ave Suite 901, New York, NY 10019"
11592,"Millennium Broadway Hotel Ball Drop View",nightclub,"New York",https://www.millenniumhotels.com/en/new-york/millennium-hotel-broadway-times-square/,"145 W 44th St, New York, NY 10036"
11593,"Mister H",nightclub,"New York",https://www.morganshotelgroup.com/mondrian/mondrian-soho/eat-drink/mister-h,"9 Crosby St, New York, NY 10013"
11594,"Monarch Rooftop Lounge",nightclub,"New York",http://www.monarchrooftop.com/,"71 W 35th St, New York, NY 10001"
11595,"Mood Ring",nightclub,"New York",https://moodringnyc.club/,"1260 Myrtle Ave, Brooklyn, NY 11221"
11596,Motel,nightclub,"New York",https://www.centralparkwesthostelwg.com/,"201 W 87th St, New York, NY 10024"
11598,"Mr Jones",nightclub,"New York",http://www.misterjonesnyc.com/,"22 Jones St, New York, NY 10014"
11599,"Music For A While",nightclub,"New York",https://musicforawhile.nyc/,"518 W 27th St Lower Level, New York, NY 10001"
11375,"Musica Club NYC",nightclub,"New York",http://musicanewyork.net/,"637 W 50th St, New York, NY 10019"
11600,"Mykonos Blue",nightclub,"New York",http://www.mykoniangarden.com/,"420 E 59th St, Manhattan, NY 10022"
11601,"NYC's date night party place",nightclub,"New York",https://www.secretroomnyc.com/,"707 8th Ave, New York, NY 10036"
11279,"Nebula NYC",nightclub,"New York",https://nebulanewyork.com/,"135 W 41st St, New York, NY 10036"
11603,"New York has to offer",nightclub,"New York",http://www.newyorklife.com/,"20595 Lorain Rd # 314, Cleveland, OH 44126"
11606,No,live_music,"New York",http://nowadays.nyc/,"56-06 Cooper Ave, Glendale, NY 11385"
11324,Nowadays,nightclub,"New York",http://nowadays.nyc/,"56-06 Cooper Ave, Glendale, NY 11385"
11311,Nublu,nightclub,"New York",http://nublu.net/,"151 Loisaida Ave, New York, NY 10009"
11608,"Old Savings Bank",nightclub,"New York",http://thesavingsbank.inhouse.scot/,"67 Bridge St, Glasgow G5 9JB, United Kingdom"
11609,PH,nightclub,"New York",http://www.thepenthouseny.com/,"617 W 46th St PH Floor, New York, NY 10036"
11610,"PHD Terrace",nightclub,"New York",https://www.phdterrace.com/,"210 W 55th St, New York, NY 10019"
11611,Pachita,nightclub,"New York",https://panchitasplace.dine.online/,"1612 Newkirk Ave, Brooklyn, NY 11226"
11377,"Pando Park",nightclub,"New York",https://www.pandosnyc.com/,"227 Kingston Ave, Brooklyn, NY 11213"
11293,Paragon,nightclub,"New York",https://www.paragonbroadway.com/,"990 Broadway, Brooklyn, NY 11221"
11613,"Paris Cafe",nightclub,"New York",http://www.my-little-paris.com/,"416 E Las Tunas Dr Unit C, San Gabriel, CA 91776"
11614,"Party on the Paddle Wheel Queen",nightclub,"New York",http://paddlepub.com/longisland,"495 New St Suite A, Oceanside, NY 11572"
11615,"Patrick's",nightclub,"New York",https://www.saintpatrickscathedral.org/,"5th Ave, New York, NY 10022"
11378,"Penny Williamsburg",nightclub,"New York",https://www.penny-hotel.com/?utm_source=local-listings&utm_medium=organic&utm_campaign=local-listings,"288 N 8th St, Brooklyn, NY 11211"
11618,Pianos,nightclub,"New York",http://pianosnyc.com/,"158 Ludlow St, New York, NY 10002"
11619,"Pioneer Works",nightclub,"New York",https://pioneerworks.org/,"159 Pioneer St, Brooklyn, NY 11231"
11620,"Planet Hollywood Times Square",nightclub,"New York",https://planethollywoodnyc.com/?y_source=1_MTA4MzQ0ODA0Ni03MTUtbG9jYXRpb24ud2Vic2l0ZQ%3D%3D,"136 W 42nd St, New York, NY 10036"
11621,Pranna,nightclub,"New York",http://prannarestaurant.com/,"79 Madison Ave, New York, NY 10016"
11622,Pravda,live_music,"New York",http://www.pravdany.com/,"281 Lafayette St, New York, NY 10012"
11623,"Premier Hotel Penthouse",nightclub,"New York",https://www.millenniumhotels.com/en/new-york/millennium-premier-new-york-times-square/,"133 W 44th St, New York, NY 10036"
11624,"Pretty Ricky",nightclub,"New York",http://www.prettyrickys.com/,"101 Rivington St, New York, NY 10002"
11379,"Prime Astoria",nightclub,"New York",https://primeastoria.com/,"40-06 Astoria Blvd S, Astoria, NY 11103"
11625,"Printer's Alley",live_music,"New York",http://www.printersalleynyc.com/,"215 W 40th St, New York, NY 10018"
11380,"Proper West",live_music,"New York",https://www.specsbarsf.com/,"12 William Saroyan Place, San Francisco, CA 94133"
11381,"Public House",nightclub,"New York",http://publichousenyc.com/,"140 E 41st St, New York, NY 10017"
11627,"Public House NYC",nightclub,"New York",https://www.publichotels.com/?utm_source=local-directories&utm_medium=organic&utm_campaign=travelclick-localconnect,"215 Chrystie St, New York, NY 10002"
11302,Purgatory,nightclub,"New York",http://www.purgatorybk.com/,"675 Central Ave, Brooklyn, NY 11207"
11628,Queens,nightclub,"New York",http://www.queensbp.org/,"New York"
11382,"Racket NY",nightclub,"New York",http://racketnyc.com/,"431 W 16th St, New York, NY 10011"
11629,"Radio City Music Hall",nightclub,"New York",https://www.msg.com/radio-city-music-hall,"1260 6th Ave, New York, NY 10020"
11630,Rash,nightclub,"New York",http://rash-bar.nyc/,"941 Willoughby Ave, Brooklyn, NY 11221"
11312,Refuge,nightclub,"New York",http://www.refuge.nyc/,"360 Ten Eyck St, Brooklyn, NY 11206"
11290,"Republic Latin Fusion",nightclub,"New York",http://www.republiclatinfusion.com/,"181 N 10th St, Brooklyn, NY 11211"
11632,Rickey,nightclub,"New York",https://taogroup.com/venues/the-rickey-cocktail-lounge-new-york/,"210 W 55th St #1, New York, NY 10019"
11633,"Riff Raff",nightclub,"New York",https://www.riffraffnyc.com/,"1227 Broadway 39th Floor, New York, NY 10001"
11383,"Ripley would be the first to believe that",nightclub,"New York",http://www.nyc.gov/,"New York"
11634,"Rodney's Comedy Club",nightclub,"New York",http://www.rodneysnewyorkcomedyclub.com/,"1118 1st Ave, New York, NY 10065"
11635,Rogue,nightclub,"New York",http://www.roguegarms.com/,"154 Allen St, New York, NY 10002"
11636,"Rooftop Bar & Club Lounge",nightclub,"New York",http://www.230-fifth.com/,"1150 Broadway, New York, NY 10001"
11637,"Rosevale Cocktail Lounge",nightclub,"New York",https://rosevalenyc.com/,"305 W 48th St 2nd Floor, New York, NY 10036"
11638,Royal,nightclub,"New York",https://www.royaltonparkavenue.com/,"420 Park Ave S, New York, NY 10016"
11639,"Royalton Hotel Rooftop",nightclub,"New York",http://www.royaltonhotel.com/,"44 W 44th St, New York, NY 10036"
11326,"Royalton Park Avenue",nightclub,"New York",https://www.royaltonparkavenue.com/,"420 Park Ave S, New York, NY 10016"
11384,"Ruby Tuesday",nightclub,"New York",https://rubytuesday.com/,"41 Orange Plaza Ln, Scotchtown, NY 10940"
11283,SILO,nightclub,"New York",https://www.silobrooklyn.com/,"90 Scott Ave, Brooklyn, NY 11237"
11640,"STK Meatpacking Rooftop",nightclub,"New York",https://stksteakhouse.com/en-us/location/nyc-downtown/?gad_source=1&gbraid=0AAAAA9ZsvRDTVinv9ryZLGgsJ_f1OJpTj&gclid=EAIaIQobChMIyo3I5u6vigMVzWFHAR1wKSNiEAAYASAAEgLKoPD_BwE,"26 Little W 12th St, New York, NY 10014"
11641,"STK Meatpacking with their numerous VIP specials",nightclub,"New York",https://stksteakhouse.com/venues/nyc-downtown/,"26 Little W 12th St, New York, NY 10014"
11642,"Salud Soho",live_music,"New York",https://www.saludsoho.co/,"183 Grand St, New York, NY 10013"
11287,"San Antonios",nightclub,"New York",https://www.sanantoniosnyc.com/,"247 Eldridge St, New York, NY 10002"
11644,"Sapphire Lounge",nightclub,"New York",https://account.chase.com/sapphire-airport-lounge?y_source=1_MTAzMTk4NzIwNC03MTUtbG9jYXRpb24ud2Vic2l0ZQ%3D%3D,"LaGuardia Airport, Terminal B, Level 1A, Queens, NY 11371"
11646,"Sea Wolf",nightclub,"New York",https://www.seawolfbk.com/,"19 Wyckoff Ave, Brooklyn, NY 11237"
11386,"Selva NYC",nightclub,"New York",http://selva.nyc/,"1329 Willoughby Ave Suite 121, Brooklyn, NY 11237"
11647,"Seven House Gallery",nightclub,"New York",https://www.peerspace.com/pages/listings/5ae5e23a8a765b0c0043b98e?sort_order=2,"35 Meadow St, Brooklyn, NY 11206"
11648,"Shay & Ivy",nightclub,"New York",https://shaymazaesthetics.com/,"2122 Eggert Rd, Amherst, NY 14226"
11303,Signal,nightclub,"New York",https://www.signalnyc.club/,"175 Morgan Ave, Brooklyn, NY 11237"
11649,"Silver Lining Lounge",live_music,"New York",https://taogroup.com/venues/silver-lining-lounge-new-york/,"145 Bowery, New York, NY 10002"
11650,"Sir Henri Rooftop",nightclub,"New York",http://sirhenrysnyc.com/,"795 8th Ave 1st Fl, New York, NY 10019"
11387,Skinos,nightclub,"New York",https://skinos123.com/?utm_source=google,"123 Washington St, New York, NY 10006"
11652,"Social Club",nightclub,"New York",http://www.theunionclub.com/,"101 E 69th St, New York, NY 10021"
11277,"Somewhere Nowhere",nightclub,"New York",https://www.somewherenowherenyc.com/,"112 W 25th St Floor 38 & 39, New York, NY 10001"
11653,"Somewhere Nowhere NYC",nightclub,"New York",https://www.somewherenowherenyc.com/,"112 W 25th St Floor 38 & 39, New York, NY 10001"
11389,"Sons of Essex",nightclub,"New York",https://www.essexnyc.com/?utm_campaign=gmb&utm_medium=organic&utm_source=gmb_listing,"124 Rivington St, New York, NY 10002"
11390,"Sony Hall",live_music,"New York",https://sonyhall.com/,"235 W 46th St, New York, NY 10036"
11654,Space,nightclub,"New York",https://spacekaraoke.com/,"34 W 32nd St Floor 11, New York, NY 10001"
11655,Stage,nightclub,"New York",http://www.newworldstages.com/,"340 W 50th St, New York, NY 10019"
11657,"Starchild Rooftop",nightclub,"New York",https://starchildrooftop.com/,"305 W 48th St, New York, NY 10036"
11658,"Stitch Lounge",nightclub,"New York",https://stitchnycinc.com/contact-1,"63 Flushing Ave Bldg 3, Brooklyn, NY 11205"
11328,"Stone Street Tavern",nightclub,"New York",http://www.stonestreettavernnyc.com/,"52 Stone St, New York, NY 10004"
11659,"Sugar Mouse",nightclub,"New York",https://sugarmousenyc.com/,"47 3rd Ave, New York, NY 10003"
11393,"Summer Club at Ravel Hotel",nightclub,"New York",http://www.summerclubnyc.com/,"8-08 Queens Plaza S, Long Island City, NY 11101"
11284,"Superior Ingredients",nightclub,"New York",https://www.si-bk.com/,"74 Wythe Ave, Brooklyn, NY 11249"
11662,"Sweetwater Social",nightclub,"New York",http://www.sweetwaterny.com/,"105 N 6th St, Brooklyn, NY 11211"
11666,"TBA - Secret East Williamsburg Locations & Green Room NYC",nightclub,"New York",https://www.secretprojectrobot.org/,"401 Wythe Ave, Brooklyn, NY 11249"
11668,"TBA - The Reserve, 212 E 125th St The Living Room, New York, NY",nightclub,"New York",https://thereservenyc.com/?utm_source=gmb&utm_medium=organic&utm_campaign=gmb_listing&hyly_channel=pr&hyly_method=w,"215 E 124th St, New York, NY 10035"
11330,"Taj II",live_music,"New York",https://tajmahallounge.com/,"25-27 Steinway St, Astoria, NY 11103"
11669,"Tapster Lexington",nightclub,"New York",http://taphaus33.net/,"14 E 33rd St, New York, NY 10016"
11396,"Tavern 29",nightclub,"New York",http://tavern29.com/,"47 E 29th St, New York, NY 10016"
11671,Tawny,live_music,"New York",http://www.tawny.nyc/,"173 Henry St, New York, NY 10002"
11397,"Terminal 5",nightclub,"New York",http://www.terminal5nyc.com/,"610 W 56th St #612, New York, NY 10019"
11675,"The BogArt",live_music,"New York",http://56bogartstreet.com/,"56 Bogart St, Brooklyn, NY 11206"
11677,"The Bush",nightclub,"New York",http://bushbk.com/,"333 Troutman St Store 4, Brooklyn, NY 11237"
11398,"The Chocolate Factory",nightclub,"New York",http://www.chocolatefactoryvibes.com/,"70 Scott Ave, Brooklyn, NY 11237"
11678,"The DL",nightclub,"New York",https://www.thedl-nyc.com/,"95 Delancey St 3rd Floor, New York, NY 10002"
11331,"The DL-NYC",nightclub,"New York",https://www.thedl-nyc.com/,"95 Delancey St 3rd Floor, New York, NY 10002"
11399,"The Dean NYC",nightclub,"New York",https://thedean-nyc.com/,"214 W 39th St Unit #5, New York, NY 10018"
11680,"The Forgotten Dreams Supper Club",nightclub,"New York",http://www.supperclubnyc.com/,"178 5th Ave, New York, NY 10010"
11681,"The High Note",live_music,"New York",https://www.thehighnoteny.com/,"119 E 15th St, New York, NY 10003"
11682,"The House",nightclub,"New York",http://www.wearethehouse.com/,"29 Locust St, Brooklyn, NY 11206"
11332,"The Meadows",nightclub,"New York",https://www.thebrooklynmonarch.com/the-meadows,"17 Meadow St, Brooklyn, NY 11206"
11685,"The Red Pavilion",nightclub,"New York",https://theredpavilion.com/,"1241 Flushing Ave, Brooklyn, NY 11237"
11402,"The Roof at Superior Ingredients",nightclub,"New York",https://www.si-bk.com/,"74 Wythe Ave, Brooklyn, NY 11249"
11686,"The Saint NYC",nightclub,"New York",http://www.saintny.com/,"136 2nd Ave, New York, NY 10003"
11305,"The Sultan Room",nightclub,"New York",http://thesultanroom.com/,"234 Starr St, Brooklyn, NY 11237"
11688,"The Vino Theater",nightclub,"New York",http://thevinotheater.com/,"274 Morgan Ave Suite 201, Brooklyn, NY 11211"
11689,"The trendy eatery",nightclub,"New York",http://www.beanyc.com/,"403 W 43rd St, New York, NY 10036"
11691,TikiTabu,nightclub,"New York",https://www.tikichick.com/,"517 Amsterdam Ave, New York, NY 10024"
11403,"Times Square",nightclub,"New York",https://www.timessquarenyc.org/,"Manhattan, NY 10036"
11693,"Tito Murphy's",live_music,"New York",http://www.addictivenyc.com/,"19 W 46th St, New York, NY 10036"
11281,"Treadwell Park",nightclub,"New York",https://treadwellpark.com/,"1125 1st Ave, New York, NY 10065"
11404,Unveiled,nightclub,"New York",http://unveilednewyork.com/,"94 N 13th St, Brooklyn, NY 11249"
11697,"Van Diemens",nightclub,"New York",https://www.thedickensnyc.com/,"783 8th Ave, New York, NY 10036"
11698,Vandal,nightclub,"New York",https://taogroup.com/venues/vandal-new-york/,"199 Bowery, New York, NY 10002"
11333,"Various Venues",nightclub,"New York",http://www.venuesnyc.com/?utm_source=Google%20My%20Business&utm_medium=Website%20Button,"27 E 21st St 6 FLOOR, New York, NY 10010"
11699,"Vault Lounge",nightclub,"New York",https://bellagio.mgmresorts.com/en/nightlife/the-vault.html,"3600 S Las Vegas Blvd, Las Vegas, NV 89109"
11701,"Versa Rooftop",nightclub,"New York",http://versanyc.com/,"218 W 35th St, New York, NY 10001"
11313,"Virgin Hotels NYC",nightclub,"New York",https://virginhotels.com/nyc/,"1227 Broadway, New York, NY 10001"
11702,Virgo,nightclub,"New York",http://virgonewyork.com/,"324 Grand St, New York, NY 10002"
11703,"Viva Toro Nightclub",nightclub,"New York",http://www.vivatoro.com/,"987 Grand St, Brooklyn, NY 11211"
11704,"Voted Best Ball Drop Views",nightclub,"New York",https://theknickerbocker.com/?utm_source=google-gbp&utm_medium=organic&utm_campaign=gbp,"6 Times Sq, New York, NY 10036"
11705,"Vshow Nightclub",nightclub,"New York",https://www.vshow.bar/,"31-01 Downing St 2nd Floor, Queens, NY 11354"
11706,"Walnut Bar and Grill",nightclub,"New York",http://wexford.eatwalnut.com/,"12599 Perry Hwy, Wexford, PA 15090"
11707,"Webster Hall",nightclub,"New York",https://www.websterhall.com/,"125 E 11th St, New York, NY 10003"
11708,"White Horse Tavern",nightclub,"New York",https://www.whitehorsetavern1880.com/,"567 Hudson St, New York, NY 10014"
11406,"White Horse Tavern NYC",nightclub,"New York",https://www.whitehorsetavern1880.com/,"567 Hudson St, New York, NY 10014"
11335,Xanadu,nightclub,"New York",https://xanadu.nyc/,"262 Starr St, Brooklyn, NY 11237"
11712,"an NYC staple among A",nightclub,"New York",https://www.eataly.com/us_en/stores/nyc-flatiron,"200 5th Ave, New York, NY 10010"
11713,"and Marquee",nightclub,"New York",http://www.marqueeohio.com/,
11714,"and NYE",nightclub,"New York",http://timessquarenewyears.com/,"450 W 42nd St #24a, New York, NY 10036"
11407,"and nightclub favored by NYC",nightclub,"New York",http://outerheaven.nyc/,"191 Chrystie St, New York, NY 10002"
11408,"chaos and opt for a more intimate venue",live_music,"New York",https://littleowleventsnyc.com/,"55 Grove St, New York, NY 10014"
11717,"elegant Park Avenue Tavern",nightclub,"New York",https://parkavenuetavern.com/nyc/,"99 Park Ave, New York, NY 10016"
11718,"for NYC events",nightclub,"New York",http://www.newyorkevents.co/,"450 Lexington Ave A - 468, New York, NY 10163"
11719,"for an equally vibrant crowd",nightclub,"New York",http://www.dnd-nyc.com/,"285 W 12th St, New York, NY 10014"
11720,"g Lounge",nightclub,"New York",https://gloungechelsea.com/,"225 W 19th St, New York, NY 10011"
11410,"house DJ",live_music,"New York",https://www.rthgroup.com/,"26601 Richmond Rd, Bedford Heights, OH 44146"
11411,"in the back room",live_music,"New York",http://www.backroomnyc.com/,"102 Norfolk St, New York, NY 10002"
11722,"in the heart of Midtown NYC",live_music,"New York",http://heartveinnyc.com/,"727 6th Ave, New York, NY 10010"
11723,"infused with timeless character",live_music,"New York",https://www.infusedexotics.com/,"1130 Nostrand Ave, Brooklyn, NY 11225"
11724,"into a smoldering affair",live_music,"New York",http://www.toomuchawesomeness.com/,"1305 W 80th St Suite #225, Cleveland, OH 44102"
11725,"marries state",nightclub,"New York",http://www.cityclerk.nyc.gov/html/marriage/marriage_bureau.shtml,"141 Worth St, New York, NY 10007"
11727,"on the night of",nightclub,"New York",https://www.newyorkencounter.org/,"599 Lexington Ave, New York, NY 10022"
11413,"sought after by locals and tourists alike",nightclub,"New York",http://www.likealocaltours.com/,"169 Madison Ave, New York, NY 10016"
11729,that,nightclub,"New York",http://nypienashville.com/,"305 Indian Lake Blvd, Hendersonville, TN 37075"
11730,"this exclusive subterranean nightclub",nightclub,"New York",https://m.facebook.com/queens.undergroundlounge/,"104-09 123rd St, South Richmond Hill, NY 11419"
11731,"welcomes you with its own unique vibe",live_music,"New York",http://www.highvibe.com/,"138 E 3rd St, New York, NY 10009"
11732,"with an intimate feel",nightclub,"New York",https://www.bellanita-intimate.com/,"43 W 33rd St, New York, NY 10001"
10886,"1500 Lounge",club,Philadelphia,"",
10953,"5th Street Lounge",club,Philadelphia,https://m.facebook.com/fifthstreetlounge/,
11122,Abyssinia,restaurant,Philadelphia,http://www.abyssiniabarandrestaurant.com/,
11119,"Aku's Kitchen",restaurant,Philadelphia,http://akuskitchen.com/,
10942,"Alamodak Restaurant and Hookah bar",restaurant,Philadelphia,https://www.alamodakrestauranthookahbar.com/?utm_source=gbp,
11275,"Alaska King Crab House",restaurant,Philadelphia,"",
10917,Almanac,club,Philadelphia,http://almanacphilly.com/,
11121,"Almaz Cafe",restaurant,Philadelphia,http://almazcafes.com/,
11171,"Alyan's Middle Eastern & Mediterranean Restaurant",restaurant,Philadelphia,"",
11125,"Amsale Cafe",restaurant,Philadelphia,http://www.amsalecafe.com/,
10909,"Andra Hem",club,Philadelphia,http://www.andrahem.com/,
11180,"Apricot Stone BYOB",restaurant,Philadelphia,http://www.apricotstonephilly.com/,
11100,"Biggs jamaican restaurant",restaurant,Philadelphia,"",
11044,"Bleu Sushi",restaurant,Philadelphia,http://www.bleusushi.com/,
10904,"Bonner's Irish Pub",club,Philadelphia,https://www.bonnersirishpub.com/,
10992,"Bud & Marilyn's",restaurant,Philadelphia,http://budandmarilyns.com/,
11071,"Butter's Soul Food To Go",restaurant,Philadelphia,https://www.butterssoulfood.com/,
11242,"CURRY LEAF NEPALI & INDIAN CUISINE",restaurant,Philadelphia,https://curryleafphiladelphia.com/,
11251,"Café Lutécia",restaurant,Philadelphia,https://www.facebook.com/pages/Cafe-Lutecia/117702891589376,
11274,"Chickie's & Pete's",restaurant,Philadelphia,https://chickiesandpetes.com/location/roosevelt-blvd-2/?utm_source=gmb&utm_medium=organic&utm_campaign=roosevelt_blvd,
11204,"China Gourmet",restaurant,Philadelphia,http://www.chinagourmetphillypa.com/,
11198,"China House No. 5",restaurant,Philadelphia,"",
11165,"Cilantro Mediterranean Cuisine",restaurant,Philadelphia,https://www.cilantromediterraneancuisine.com/,
11075,"Corinne's Place",restaurant,Philadelphia,http://www.corinnesplace.com/,
11078,"Crafty Soul",restaurant,Philadelphia,https://craftysoulfoodphilly.com/,
10998,"Cuba Libre Restaurant & Rum Bar",restaurant,Philadelphia,https://cubalibrerestaurant.com/en/philadelphia,
11233,DABBAWALA,restaurant,Philadelphia,https://www.dabbawalaphiladelphia.com/,
11141,"DECOO Restaurant",restaurant,Philadelphia,"",
10945,Dahlak,restaurant,Philadelphia,http://www.dahlakrestaurant.com/,
10946,"Dalida hookah lounge",lounge,Philadelphia,"",
11023,"Dante & Luigi's",restaurant,Philadelphia,http://www.danteandluigis.com/,
10902,"Dirty Franks",club,Philadelphia,"",
11117,"Djoliba Restaurant",restaurant,Philadelphia,https://www.tiktok.com/@djolibarestaurantphilly?_t=8rgHA8xYvyJ&_r=1,
11164,"Don Barriga",restaurant,Philadelphia,http://donbarriga.com/,
11130,ERA,restaurant,Philadelphia,https://haklilu.github.io/Era-Bar-and-Restaurant/,
11115,"Ecowas African Restaurant",restaurant,Philadelphia,"",
11136,"El Fogon Latino Restaurant",restaurant,Philadelphia,https://order.online/business/el-fogon-latino-restaurant-997026,
11150,"El Fuerte de Loreto Philly",restaurant,Philadelphia,http://www.elfuertedeloretophilly.com/,
11161,"El Mezcal Cantina",restaurant,Philadelphia,http://elmezcalcantina.us/,
11158,"El Mictlan Restaurant",restaurant,Philadelphia,https://elmictlanrestaurantpa.com/,
11146,"El Sabor Restaurant",restaurant,Philadelphia,https://instagram.com/elsabor.restaurant?utm_medium=copy_link,
11081,"Emmanuel Kings & Queens of Soul Food",restaurant,Philadelphia,https://instagram.com/emmanuel_soul_food?igshid=1u1jwjw53jyw,
11113,"Emma’s Liberian Kitchen",restaurant,Philadelphia,https://emmaliberiankitchen.com/,
11215,"Erawan Thai Cuisine (Philadelphia)",restaurant,Philadelphia,http://www.erawanphiladelphia.com/,
11124,"Eshkol Ethiopian Cuisine & Cafe",restaurant,Philadelphia,https://eshkolcuisine.com/,
10999,"Estia Restaurant",restaurant,Philadelphia,http://www.estiarestaurant.com/,
11019,"Fiorella Pasta",restaurant,Philadelphia,https://fiorellaphilly.com/,
11276,"Fishtown Seafood",restaurant,Philadelphia,https://www.fishtownseafood.com/,
10995,Fork,restaurant,Philadelphia,http://www.forkrestaurant.com/,
11084,"From the Kitchen of LindaLicious, LLC",restaurant,Philadelphia,"",
11148,"Fuego Latin Food",restaurant,Philadelphia,"",
11052,"Fuji Mountain Japanese Restaurant",restaurant,Philadelphia,http://www.fujimt.com/,
11097,"Georgiana's Caribbean Cuisine",restaurant,Philadelphia,"",
11021,"Giorgio On Pine",restaurant,Philadelphia,https://www.giorgio-on-pine.com/,
11225,"Golden Triangle",restaurant,Philadelphia,http://www.goldentrianglepa.net/,
11070,"Greedy's",restaurant,Philadelphia,"",
11054,"Gyu-Kaku Japanese BBQ",restaurant,Philadelphia,http://www.gyu-kaku.com/philadelphia,
11199,"Han Dynasty University City",restaurant,Philadelphia,http://www.handynasty.net/,
10937,"His & Hers Restaurant Bar",club,Philadelphia,https://hisandherslounge.com/,
11202,"Ho Sai Gai Restaurant",restaurant,Philadelphia,"",
11259,"Honey's Sit 'n Eat",restaurant,Philadelphia,https://honeyssitneat-north.mobilebytes.com/menu,
10916,"Hop Sing Laundromat",club,Philadelphia,"",
11217,"House of Thai Cuisine",restaurant,Philadelphia,https://www.houseofthaipa.com/,
11139,"Izlas Puertorican Cuisine",restaurant,Philadelphia,https://food.orders.co/izlaslatincuisine,
11088,"Jamaican D's Kitchen and Catering",restaurant,Philadelphia,https://www.instagram.com/jamaican_ds?igsh=MWgydnd6c21nZ3pyaA==,
11192,"Ji Bei Chuan Philly",restaurant,Philadelphia,https://www.jbcphilly.com/,
11269,"Jordan Johnson",restaurant,Philadelphia,https://jordanjohnsons.toast.site/order,
11163,"Jose Pistola's",restaurant,Philadelphia,https://www.pistolaslife.com/,
11096,"K & J Caribbean American Diner",restaurant,Philadelphia,http://kjcaribbeanamericandiner.com/,
11047,"KIRIN HOUSE",restaurant,Philadelphia,https://www.kirinhousephilly.com/,
11123,"Kaffa Crossing",restaurant,Philadelphia,https://qmenu.us/#/kaffa-crossing-ethiopian,
11184,"Kamals Middle Eastern Cuisine",restaurant,Philadelphia,https://www.kamalsmiddleeasterncuisine.com/,
11033,"Kichi Omakase",restaurant,Philadelphia,"",
11048,"Kiku Sushi",restaurant,Philadelphia,https://www.ezordernow.com/philadelphia-19145-kiku-sushi-802637,
11104,"Kilimandjaro restaurant",restaurant,Philadelphia,"",
11056,"Kissho House Japanese Cuisine & Omakase",restaurant,Philadelphia,https://www.kisshohouse.com/,
11030,"L'Angolo Ristorante",restaurant,Philadelphia,"",
10935,"LUXOR CAFE & HOOKAH LOUNGE",lounge,Philadelphia,"",
11145,"Latin American Restaurant",restaurant,Philadelphia,https://www.instagram.com/latinamerican1inc/,
11118,"Le Faso",restaurant,Philadelphia,"",
11103,"Le Mandingue African Restaurant",restaurant,Philadelphia,https://www.lemandingue.com/,
11025,"Le Virtù",restaurant,Philadelphia,http://www.levirtu.com/,
11206,"Lee How Fook",restaurant,Philadelphia,http://leehowfook.com/,
11091,"Little Delicious",restaurant,Philadelphia,"",
11265,"Loch Bar",restaurant,Philadelphia,http://www.lochbar.com/philly,
11077,"Ma Lessie's Chicken & Waffles",restaurant,Philadelphia,"",
11200,"Mana Modern Chinese",restaurant,Philadelphia,"",
11245,"Manayunk Indian grille",restaurant,Philadelphia,https://www.manayunkindiangrille.com//,
11216,Manorah,restaurant,Philadelphia,https://manorahthai.com/,
11175,Marrakesh,restaurant,Philadelphia,https://marrakesh-philadelphia.club/,
11231,"Masala Fusion Indian Restaurant",restaurant,Philadelphia,https://order.online/business/masala-fusion-14317507,
11243,"Masala Kitchen : Kati Rolls & Platters",restaurant,Philadelphia,https://www.masalakitchen.com/,
11132,"Merkato Baltena",restaurant,Philadelphia,"",
10932,"Mirage Lounge Philadelphia",club,Philadelphia,http://www.mirageloungephilly.com/,
11063,"NaBrasa Brazilian Steakhouse",restaurant,Philadelphia,/url?q=https://nabrasa.com/locations/philadelphia/&opi=79508299&sa=U&ved=0ahUKEwiDi-mqytWRAxWkGVkFHTutNA4Q61gIFigO&usg=AOvVaw3Ao4PhlUoTFAdh1TVqAIWd,
11037,"Nakama Japanese Cuisines & Omakase",restaurant,Philadelphia,https://exploretock.com/nakama-japanese-cuisines--omakase-philadelphia,
11194,"Nan Zhou Hand Drawn Noodle House",restaurant,Philadelphia,http://www.nanzhounoodle.com/,
11114,"New Era Cuisine",restaurant,Philadelphia,https://food.orders.co/1vxelaie?y_source=1_MjAxNTA3MjY1Mi03MTUtbG9jYXRpb24ud2Vic2l0ZQ%3D%3D,
11232,"New Indian Sizzler",restaurant,Philadelphia,https://www.newindiansizzler.com/,
10922,"Next of Kin",club,Philadelphia,"",
11094,"Ocho Rios Parrilla",restaurant,Philadelphia,https://ochoriosparilla1710.com/,
11079,"Ol Boys Soul Food Restaurant",restaurant,Philadelphia,"",
10906,"Oscar's Tavern",club,Philadelphia,https://m.facebook.com/Oscars-Tavern-187176721252/,
11120,"Palace african restaurant",restaurant,Philadelphia,https://order.online/business/palace-african-824073,
11027,"Palizzi Social Club",restaurant,Philadelphia,https://palizzisocial.com/,
11170,"Paprica Grill",restaurant,Philadelphia,https://papricagrill.com/,
11149,"Parada Maimon",restaurant,Philadelphia,https://paradamaimon.shop/,
10890,"Prime Lounge",lounge,Philadelphia,"",
10881,"Pulse Nightclub & Bar",club,Philadelphia,https://www.pulsephilly.com/?utm_campaign=Google-My-Business,
11085,"Quality Taste Jamaican Restaurant & Jerk Hut",restaurant,Philadelphia,https://qualitytastejamaican.cfd/,
11127,"Queen of Sheba",restaurant,Philadelphia,http://queenofshebaphiladelphia.com/,
11239,"Raindrops Indian Restaurant",restaurant,Philadelphia,https://raindropsindianrestaurant.com/,
11212,"Ratchada Thai & Laos Cuisine",restaurant,Philadelphia,http://www.ratchada.net/,
10892,"Reserve Lounge",club,Philadelphia,http://www.welcometoreserve.com/,
11137,"Restaurante Latino Lela",restaurant,Philadelphia,"",
11092,"Ron's Caribbean Cafe",restaurant,Philadelphia,http://phillyrons.com/,
11093,"Ron's Caribbean Cuisine",restaurant,Philadelphia,https://www.phillyrons.com/,
11034,"Royal Sushi & Izakaya",restaurant,Philadelphia,http://royalizakaya.com/,
11067,"Ruth's Chris Steak House",restaurant,Philadelphia,https://www.ruthschris.com/locations/pa/philadelphia/philadelphia/7365?cmpid=br:rc_ag:ie_ch:loc_ca:RCGMB_sn:gmb_gt:philadelphia-pa-7365_pl:locurl_rd:1066,
11099,"SHANAS CARIBBEAN CAFE",restaurant,Philadelphia,https://shanascaribbeancafe.com/,
11068,"SY'S SOULFOOD PALACE",restaurant,Philadelphia,https://www.syspalacesoulfood.com/,
11234,"Saffron Indian Kitchen",restaurant,Philadelphia,https://saffronofphilly.com/saffron-philly?utm_source=google,
11183,"Sahara Grill",restaurant,Philadelphia,https://www.saharagrillphiladelphia.com/,
11110,"Sahara Restaurant",restaurant,Philadelphia,http://ordersahararestaurant.com/,
11083,"Samaiyah B. Cooking",restaurant,Philadelphia,"",
11205,Sampan,restaurant,Philadelphia,https://www.sampanphilly.com/,
11045,"Samurai Japanese Restaurant",restaurant,Philadelphia,https://samuraiasianfusion.com/,
10969,Sassafras,club,Philadelphia,https://www.sassafrasbar.com/,
11058,"Shay’s Steaks",restaurant,Philadelphia,https://shayssteaks.shop/,
11051,"Shinto Japanese Sushi & Hibachi",restaurant,Philadelphia,https://shintophiladelphia.com/,
11040,"Shiso Noodle and Sushi Bar",restaurant,Philadelphia,https://shisonoodleandsushi.com/?utm_source=google,
11074,"Soul Greedy",restaurant,Philadelphia,https://www.toasttab.com/local/order/soulgreedy215/r-aa24f4f8-43f7-4620-812f-0f73118864df,
11112,"Soul of Africa Restaurant LLC",restaurant,Philadelphia,https://soulofafricarestaurant.com/?utm_source=google,
11029,"Spasso Italian Grill",restaurant,Philadelphia,http://www.spassoitaliangrill.com/,
11224,"Sukho Thai Restaurant",restaurant,Philadelphia,https://www.sukhothainj.com/,
11090,"Sunday Best",restaurant,Philadelphia,"",
11111,"TOUBA African Restaurant",restaurant,Philadelphia,https://usamapsdet.top/details/touba-african-restaurant-ChIJpbn,
11254,"TOWNSEND EPX",restaurant,Philadelphia,https://www.townsendepx.com/,
11155,"Tacoteca Mexican Grill",restaurant,Philadelphia,https://tacotecamexicangrill.toast.site/,
11069,"Tasties Soul Food Restaurant",restaurant,Philadelphia,"",
11222,"Thai Square Restaurant",restaurant,Philadelphia,http://www.thaisquarephilly.com/,
11010,"The Capital Grille",restaurant,Philadelphia,https://www.thecapitalgrille.com/locations/il/lombard/lombard/8026?cmpid=br:tcg_ag:ie_ch:loc_ca:TCGGMB_sn:gmb_gt:lombard-il-8026_pl:locurl_rd:1022,
10949,"The Centurion Lounge",lounge,Philadelphia,"",
10940,"The Crown Hookah Lounge",lounge,Philadelphia,"",
10978,"The Fire",club,Philadelphia,https://www.firephilly.com/,
10977,"The Foundry",club,Philadelphia,"",
11095,"The Lighthouse Jamaican Restaurant",restaurant,Philadelphia,"",
10972,"The Newsroom Philly",club,Philadelphia,https://www.newsroomphilly.com/,
11082,"Thomasena's Restaurant and Catering Hall",restaurant,Philadelphia,"",
11230,"Tiffin Indian Cuisine Fairmount",restaurant,Philadelphia,http://www.tiffin.com/,
11238,"Tikka Mahal - Modern Indian Restaurant",restaurant,Philadelphia,https://www.tikkamahal.com/,
11195,"Ting Wong",restaurant,Philadelphia,http://www.tingwongphilly.com/?utm_source=google&utm_medium=search,
11101,"Top Taste",restaurant,Philadelphia,https://top-taste.shop/,
10880,"Trilogy Nightclub",club,Philadelphia,http://www.phillytrilogy.org/,
11154,"Tu Rinconcito",restaurant,Philadelphia,https://turinconcitophilly.com/,
11228,"Turmeric Indian Kitchen",restaurant,Philadelphia,http://www.turmericphilly.com/,
10894,"Ulana's",club,Philadelphia,"",
11042,"Umami Steak and Sushi Bar",restaurant,Philadelphia,https://umamisteakandsushi.com/?utm_source=google,
11062,"Urban Farmer Philadelphia",restaurant,Philadelphia,https://www.urbanfarmersteakhouse.com/,
10938,"Vango Lounge and Skybar",club,Philadelphia,http://www.vangoloungeandskybar.com/,
11223,"Vientiane Bistro",restaurant,Philadelphia,https://www.vientianebistro.com/,
11020,"Villa di Roma",restaurant,Philadelphia,http://www.villadiroma.com/,
10941,"Vira Hookah Lounge",lounge,Philadelphia,"",
11053,"Yanaga Kappo Izakaya",restaurant,Philadelphia,https://www.ykisushi.com/,
11041,Zama,restaurant,Philadelphia,http://www.zamaphilly.com/,
11181,"Zorba's Tavern",restaurant,Philadelphia,http://www.zorbastavern.com/,
